<?xml version='1.0' encoding='UTF-8'?>
<gpx version="1.1" creator="https://www.komoot.de" xmlns="http://www.topografix.com/GPX/1/1" xmlns:xsi="http://www.w3.org/2001/XMLSchema-instance" xsi:schemaLocation="http://www.topografix.com/GPX/1/1 http://www.topografix.com/GPX/1/1/gpx.xsd">
  <metadata>
    <name>RAD RACE ONE TWENTY 2026</name>
    <author>
      <link href="https://www.komoot.de">
        <text>komoot</text>
        <type>text/html</type>
      </link>
    </author>
  </metadata>
  <trk>
    <name>RAD RACE ONE TWENTY 2026</name>
    <trkseg>
      <trkpt lat="47.511459" lon="10.292309">
        <ele>753.484171</ele>
        <time>2026-05-27T15:35:12.969Z</time>
      </trkpt>
      <trkpt lat="47.511435" lon="10.292357">
        <ele>753.484171</ele>
        <time>2026-05-27T15:35:13.530Z</time>
      </trkpt>
      <trkpt lat="47.511046" lon="10.292957">
        <ele>753.484171</ele>
        <time>2026-05-27T15:35:21.282Z</time>
      </trkpt>
      <trkpt lat="47.511014" lon="10.293171">
        <ele>753.484171</ele>
        <time>2026-05-27T15:35:23.384Z</time>
      </trkpt>
      <trkpt lat="47.511008" lon="10.293339">
        <ele>753.484171</ele>
        <time>2026-05-27T15:35:25.023Z</time>
      </trkpt>
      <trkpt lat="47.511050" lon="10.293525">
        <ele>753.430831</ele>
        <time>2026-05-27T15:35:26.936Z</time>
      </trkpt>
      <trkpt lat="47.511124" lon="10.293687">
        <ele>753.358128</ele>
        <time>2026-05-27T15:35:28.806Z</time>
      </trkpt>
      <trkpt lat="47.511183" lon="10.293605">
        <ele>753.313589</ele>
        <time>2026-05-27T15:35:29.915Z</time>
      </trkpt>
      <trkpt lat="47.511394" lon="10.293382">
        <ele>753.170904</ele>
        <time>2026-05-27T15:35:33.503Z</time>
      </trkpt>
      <trkpt lat="47.511871" lon="10.292978">
        <ele>752.868447</ele>
        <time>2026-05-27T15:35:40.907Z</time>
      </trkpt>
      <trkpt lat="47.513373" lon="10.291811">
        <ele>751.564764</ele>
        <time>2026-05-27T15:36:01.900Z</time>
      </trkpt>
      <trkpt lat="47.514122" lon="10.291228">
        <ele>750.808904</ele>
        <time>2026-05-27T15:36:12.181Z</time>
      </trkpt>
      <trkpt lat="47.514318" lon="10.291033">
        <ele>750.659513</ele>
        <time>2026-05-27T15:36:15.170Z</time>
      </trkpt>
      <trkpt lat="47.515369" lon="10.289791">
        <ele>749.808795</ele>
        <time>2026-05-27T15:36:33.110Z</time>
      </trkpt>
      <trkpt lat="47.517077" lon="10.287844">
        <ele>748.068379</ele>
        <time>2026-05-27T15:37:00.085Z</time>
      </trkpt>
      <trkpt lat="47.517990" lon="10.286711">
        <ele>747.024261</ele>
        <time>2026-05-27T15:37:14.672Z</time>
      </trkpt>
      <trkpt lat="47.518497" lon="10.285944">
        <ele>746.496709</ele>
        <time>2026-05-27T15:37:23.956Z</time>
      </trkpt>
      <trkpt lat="47.518856" lon="10.284964">
        <ele>746.089937</ele>
        <time>2026-05-27T15:37:34.166Z</time>
      </trkpt>
      <trkpt lat="47.518932" lon="10.284674">
        <ele>745.976442</ele>
        <time>2026-05-27T15:37:37.104Z</time>
      </trkpt>
      <trkpt lat="47.519466" lon="10.282367">
        <ele>744.534155</ele>
        <time>2026-05-27T15:37:58.224Z</time>
      </trkpt>
      <trkpt lat="47.519595" lon="10.281779">
        <ele>744.104766</ele>
        <time>2026-05-27T15:38:03.014Z</time>
      </trkpt>
      <trkpt lat="47.519673" lon="10.281433">
        <ele>743.851425</ele>
        <time>2026-05-27T15:38:05.805Z</time>
      </trkpt>
      <trkpt lat="47.519683" lon="10.281382">
        <ele>743.811669</ele>
        <time>2026-05-27T15:38:06.204Z</time>
      </trkpt>
      <trkpt lat="47.519703" lon="10.281275">
        <ele>743.728015</ele>
        <time>2026-05-27T15:38:07.054Z</time>
      </trkpt>
      <trkpt lat="47.519802" lon="10.280757">
        <ele>743.322379</ele>
        <time>2026-05-27T15:38:11.083Z</time>
      </trkpt>
      <trkpt lat="47.520168" lon="10.278841">
        <ele>741.830781</ele>
        <time>2026-05-27T15:38:27.650Z</time>
      </trkpt>
      <trkpt lat="47.520188" lon="10.278724">
        <ele>741.780464</ele>
        <time>2026-05-27T15:38:28.730Z</time>
      </trkpt>
      <trkpt lat="47.520280" lon="10.278081">
        <ele>741.506438</ele>
        <time>2026-05-27T15:38:34.594Z</time>
      </trkpt>
      <trkpt lat="47.520383" lon="10.277312">
        <ele>741.179587</ele>
        <time>2026-05-27T15:38:41.585Z</time>
      </trkpt>
      <trkpt lat="47.520412" lon="10.276669">
        <ele>740.910915</ele>
        <time>2026-05-27T15:38:47.142Z</time>
      </trkpt>
      <trkpt lat="47.520435" lon="10.275771">
        <ele>740.596164</ele>
        <time>2026-05-27T15:38:55.064Z</time>
      </trkpt>
      <trkpt lat="47.520437" lon="10.275478">
        <ele>740.511543</ele>
        <time>2026-05-27T15:38:57.713Z</time>
      </trkpt>
      <trkpt lat="47.520429" lon="10.275065">
        <ele>740.392222</ele>
        <time>2026-05-27T15:39:01.492Z</time>
      </trkpt>
      <trkpt lat="47.520418" lon="10.274474">
        <ele>740.221480</ele>
        <time>2026-05-27T15:39:06.989Z</time>
      </trkpt>
      <trkpt lat="47.520412" lon="10.274156">
        <ele>740.129608</ele>
        <time>2026-05-27T15:39:09.848Z</time>
      </trkpt>
      <trkpt lat="47.520389" lon="10.272909">
        <ele>739.813883</ele>
        <time>2026-05-27T15:39:21.175Z</time>
      </trkpt>
      <trkpt lat="47.520380" lon="10.272499">
        <ele>739.722796</ele>
        <time>2026-05-27T15:39:24.995Z</time>
      </trkpt>
      <trkpt lat="47.520365" lon="10.272183">
        <ele>739.652457</ele>
        <time>2026-05-27T15:39:27.968Z</time>
      </trkpt>
      <trkpt lat="47.520364" lon="10.271942">
        <ele>739.598943</ele>
        <time>2026-05-27T15:39:30.207Z</time>
      </trkpt>
      <trkpt lat="47.520350" lon="10.271420">
        <ele>739.482944</ele>
        <time>2026-05-27T15:39:35.007Z</time>
      </trkpt>
      <trkpt lat="47.520337" lon="10.271044">
        <ele>739.399345</ele>
        <time>2026-05-27T15:39:38.222Z</time>
      </trkpt>
      <trkpt lat="47.520328" lon="10.270882">
        <ele>739.357880</ele>
        <time>2026-05-27T15:39:39.766Z</time>
      </trkpt>
      <trkpt lat="47.520308" lon="10.269690">
        <ele>738.900767</ele>
        <time>2026-05-27T15:39:52.405Z</time>
      </trkpt>
      <trkpt lat="47.520307" lon="10.269454">
        <ele>738.810291</ele>
        <time>2026-05-27T15:39:54.510Z</time>
      </trkpt>
      <trkpt lat="47.520378" lon="10.269713">
        <ele>738.703130</ele>
        <time>2026-05-27T15:40:07.625Z</time>
      </trkpt>
      <trkpt lat="47.520452" lon="10.269868">
        <ele>738.630359</ele>
        <time>2026-05-27T15:40:16.554Z</time>
      </trkpt>
      <trkpt lat="47.520545" lon="10.269983">
        <ele>738.561578</ele>
        <time>2026-05-27T15:40:24.964Z</time>
      </trkpt>
      <trkpt lat="47.520770" lon="10.270119">
        <ele>738.423620</ele>
        <time>2026-05-27T15:40:41.848Z</time>
      </trkpt>
      <trkpt lat="47.520997" lon="10.270007">
        <ele>738.213271</ele>
        <time>2026-05-27T15:40:44.756Z</time>
      </trkpt>
      <trkpt lat="47.521080" lon="10.269858">
        <ele>738.049952</ele>
        <time>2026-05-27T15:40:46.228Z</time>
      </trkpt>
      <trkpt lat="47.521108" lon="10.269679">
        <ele>737.894589</ele>
        <time>2026-05-27T15:40:47.842Z</time>
      </trkpt>
      <trkpt lat="47.521167" lon="10.269429">
        <ele>737.670662</ele>
        <time>2026-05-27T15:40:49.983Z</time>
      </trkpt>
      <trkpt lat="47.521266" lon="10.269237">
        <ele>737.466402</ele>
        <time>2026-05-27T15:40:51.844Z</time>
      </trkpt>
      <trkpt lat="47.521266" lon="10.269237">
        <ele>737.466402</ele>
        <time>2026-05-27T15:40:51.862Z</time>
      </trkpt>
      <trkpt lat="47.521266" lon="10.269237">
        <ele>737.466402</ele>
        <time>2026-05-27T15:40:51.862Z</time>
      </trkpt>
      <trkpt lat="47.521260" lon="10.269230">
        <ele>737.456838</ele>
        <time>2026-05-27T15:40:52.004Z</time>
      </trkpt>
      <trkpt lat="47.521340" lon="10.269150">
        <ele>737.335968</ele>
        <time>2026-05-27T15:40:53.793Z</time>
      </trkpt>
      <trkpt lat="47.521510" lon="10.269040">
        <ele>737.103678</ele>
        <time>2026-05-27T15:40:57.232Z</time>
      </trkpt>
      <trkpt lat="47.521560" lon="10.268980">
        <ele>737.023098</ele>
        <time>2026-05-27T15:40:58.424Z</time>
      </trkpt>
      <trkpt lat="47.522400" lon="10.268770">
        <ele>736.021872</ele>
        <time>2026-05-27T15:41:14.213Z</time>
      </trkpt>
      <trkpt lat="47.523125" lon="10.268560">
        <ele>735.525805</ele>
        <time>2026-05-27T15:41:27.904Z</time>
      </trkpt>
      <trkpt lat="47.523850" lon="10.268350">
        <ele>735.029739</ele>
        <time>2026-05-27T15:41:41.595Z</time>
      </trkpt>
      <trkpt lat="47.524575" lon="10.268140">
        <ele>734.833024</ele>
        <time>2026-05-27T15:41:55.285Z</time>
      </trkpt>
      <trkpt lat="47.525300" lon="10.267930">
        <ele>734.754012</ele>
        <time>2026-05-27T15:42:08.976Z</time>
      </trkpt>
      <trkpt lat="47.525885" lon="10.267770">
        <ele>734.688176</ele>
        <time>2026-05-27T15:42:20.001Z</time>
      </trkpt>
      <trkpt lat="47.526470" lon="10.267610">
        <ele>734.604401</ele>
        <time>2026-05-27T15:42:31.026Z</time>
      </trkpt>
      <trkpt lat="47.527063" lon="10.267473">
        <ele>734.519882</ele>
        <time>2026-05-27T15:42:42.149Z</time>
      </trkpt>
      <trkpt lat="47.527657" lon="10.267337">
        <ele>734.407684</ele>
        <time>2026-05-27T15:42:53.288Z</time>
      </trkpt>
      <trkpt lat="47.528250" lon="10.267200">
        <ele>734.059457</ele>
        <time>2026-05-27T15:43:04.410Z</time>
      </trkpt>
      <trkpt lat="47.528915" lon="10.267070">
        <ele>733.670269</ele>
        <time>2026-05-27T15:43:16.842Z</time>
      </trkpt>
      <trkpt lat="47.529580" lon="10.266940">
        <ele>733.186194</ele>
        <time>2026-05-27T15:43:29.273Z</time>
      </trkpt>
      <trkpt lat="47.530040" lon="10.266880">
        <ele>732.705331</ele>
        <time>2026-05-27T15:43:37.831Z</time>
      </trkpt>
      <trkpt lat="47.530500" lon="10.266820">
        <ele>732.224468</ele>
        <time>2026-05-27T15:43:46.390Z</time>
      </trkpt>
      <trkpt lat="47.531060" lon="10.266770">
        <ele>731.640269</ele>
        <time>2026-05-27T15:43:56.787Z</time>
      </trkpt>
      <trkpt lat="47.531620" lon="10.266720">
        <ele>730.972564</ele>
        <time>2026-05-27T15:44:07.185Z</time>
      </trkpt>
      <trkpt lat="47.532425" lon="10.266725">
        <ele>729.985810</ele>
        <time>2026-05-27T15:44:22.105Z</time>
      </trkpt>
      <trkpt lat="47.533230" lon="10.266730">
        <ele>729.093892</ele>
        <time>2026-05-27T15:44:37.024Z</time>
      </trkpt>
      <trkpt lat="47.534070" lon="10.266770">
        <ele>728.365504</ele>
        <time>2026-05-27T15:44:52.600Z</time>
      </trkpt>
      <trkpt lat="47.534810" lon="10.266850">
        <ele>727.745742</ele>
        <time>2026-05-27T15:45:06.351Z</time>
      </trkpt>
      <trkpt lat="47.535550" lon="10.266930">
        <ele>727.463712</ele>
        <time>2026-05-27T15:45:20.102Z</time>
      </trkpt>
      <trkpt lat="47.536160" lon="10.267007">
        <ele>727.231005</ele>
        <time>2026-05-27T15:45:31.447Z</time>
      </trkpt>
      <trkpt lat="47.536770" lon="10.267083">
        <ele>727.035318</ele>
        <time>2026-05-27T15:45:42.792Z</time>
      </trkpt>
      <trkpt lat="47.537380" lon="10.267160">
        <ele>726.907695</ele>
        <time>2026-05-27T15:45:54.138Z</time>
      </trkpt>
      <trkpt lat="47.538200" lon="10.267290">
        <ele>726.735779</ele>
        <time>2026-05-27T15:46:09.421Z</time>
      </trkpt>
      <trkpt lat="47.539020" lon="10.267420">
        <ele>726.312929</ele>
        <time>2026-05-27T15:46:24.705Z</time>
      </trkpt>
      <trkpt lat="47.539840" lon="10.267550">
        <ele>725.836007</ele>
        <time>2026-05-27T15:46:39.989Z</time>
      </trkpt>
      <trkpt lat="47.540570" lon="10.267650">
        <ele>725.181003</ele>
        <time>2026-05-27T15:46:53.576Z</time>
      </trkpt>
      <trkpt lat="47.541130" lon="10.267685">
        <ele>724.560966</ele>
        <time>2026-05-27T15:47:03.964Z</time>
      </trkpt>
      <trkpt lat="47.541690" lon="10.267720">
        <ele>723.940929</ele>
        <time>2026-05-27T15:47:14.352Z</time>
      </trkpt>
      <trkpt lat="47.541696" lon="10.267340">
        <ele>723.668631</ele>
        <time>2026-05-27T15:47:19.111Z</time>
      </trkpt>
      <trkpt lat="47.541908" lon="10.267347">
        <ele>723.581727</ele>
        <time>2026-05-27T15:47:26.244Z</time>
      </trkpt>
      <trkpt lat="47.542553" lon="10.267293">
        <ele>723.316972</ele>
        <time>2026-05-27T15:47:48.564Z</time>
      </trkpt>
      <trkpt lat="47.543772" lon="10.266977">
        <ele>723.045494</ele>
        <time>2026-05-27T15:48:34.476Z</time>
      </trkpt>
      <trkpt lat="47.544244" lon="10.266764">
        <ele>723.214170</ele>
        <time>2026-05-27T15:48:53.527Z</time>
      </trkpt>
      <trkpt lat="47.544605" lon="10.266506">
        <ele>723.351191</ele>
        <time>2026-05-27T15:49:09.023Z</time>
      </trkpt>
      <trkpt lat="47.544605" lon="10.266506">
        <ele>723.351191</ele>
        <time>2026-05-27T15:49:09.026Z</time>
      </trkpt>
      <trkpt lat="47.544605" lon="10.266506">
        <ele>723.351191</ele>
        <time>2026-05-27T15:49:09.026Z</time>
      </trkpt>
      <trkpt lat="47.544730" lon="10.266890">
        <ele>723.449567</ele>
        <time>2026-05-27T15:49:14.359Z</time>
      </trkpt>
      <trkpt lat="47.545250" lon="10.266540">
        <ele>723.655588</ele>
        <time>2026-05-27T15:49:24.944Z</time>
      </trkpt>
      <trkpt lat="47.545760" lon="10.266130">
        <ele>723.877260</ele>
        <time>2026-05-27T15:49:35.698Z</time>
      </trkpt>
      <trkpt lat="47.546250" lon="10.265640">
        <ele>724.103107</ele>
        <time>2026-05-27T15:49:46.654Z</time>
      </trkpt>
      <trkpt lat="47.546760" lon="10.265080">
        <ele>724.245503</ele>
        <time>2026-05-27T15:49:58.419Z</time>
      </trkpt>
      <trkpt lat="47.547290" lon="10.264400">
        <ele>724.258699</ele>
        <time>2026-05-27T15:50:11.412Z</time>
      </trkpt>
      <trkpt lat="47.547755" lon="10.263740">
        <ele>724.270818</ele>
        <time>2026-05-27T15:50:23.346Z</time>
      </trkpt>
      <trkpt lat="47.548220" lon="10.263080">
        <ele>724.216401</ele>
        <time>2026-05-27T15:50:35.280Z</time>
      </trkpt>
      <trkpt lat="47.548845" lon="10.262129">
        <ele>724.105355</ele>
        <time>2026-05-27T15:50:51.884Z</time>
      </trkpt>
      <trkpt lat="47.549469" lon="10.261178">
        <ele>724.000025</ele>
        <time>2026-05-27T15:51:08.474Z</time>
      </trkpt>
      <trkpt lat="47.550094" lon="10.260228">
        <ele>723.900033</ele>
        <time>2026-05-27T15:51:25.068Z</time>
      </trkpt>
      <trkpt lat="47.550719" lon="10.259277">
        <ele>723.768317</ele>
        <time>2026-05-27T15:51:41.671Z</time>
      </trkpt>
      <trkpt lat="47.551343" lon="10.258326">
        <ele>723.605510</ele>
        <time>2026-05-27T15:51:58.262Z</time>
      </trkpt>
      <trkpt lat="47.551968" lon="10.257375">
        <ele>723.292086</ele>
        <time>2026-05-27T15:52:14.865Z</time>
      </trkpt>
      <trkpt lat="47.552593" lon="10.256425">
        <ele>722.825479</ele>
        <time>2026-05-27T15:52:31.459Z</time>
      </trkpt>
      <trkpt lat="47.553217" lon="10.255474">
        <ele>722.335923</ele>
        <time>2026-05-27T15:52:48.049Z</time>
      </trkpt>
      <trkpt lat="47.553842" lon="10.254523">
        <ele>721.821627</ele>
        <time>2026-05-27T15:53:04.652Z</time>
      </trkpt>
      <trkpt lat="47.553968" lon="10.254702">
        <ele>721.721417</ele>
        <time>2026-05-27T15:53:07.880Z</time>
      </trkpt>
      <trkpt lat="47.555204" lon="10.252781">
        <ele>721.340676</ele>
        <time>2026-05-27T15:55:28.560Z</time>
      </trkpt>
      <trkpt lat="47.555204" lon="10.252781">
        <ele>721.340676</ele>
        <time>2026-05-27T15:55:28.564Z</time>
      </trkpt>
      <trkpt lat="47.555204" lon="10.252781">
        <ele>721.340676</ele>
        <time>2026-05-27T15:55:28.564Z</time>
      </trkpt>
      <trkpt lat="47.555091" lon="10.252622">
        <ele>721.318557</ele>
        <time>2026-05-27T15:55:31.452Z</time>
      </trkpt>
      <trkpt lat="47.555715" lon="10.251671">
        <ele>721.678312</ele>
        <time>2026-05-27T15:55:48.041Z</time>
      </trkpt>
      <trkpt lat="47.556340" lon="10.250720">
        <ele>722.131965</ele>
        <time>2026-05-27T15:56:04.643Z</time>
      </trkpt>
      <trkpt lat="47.556950" lon="10.249785">
        <ele>722.861586</ele>
        <time>2026-05-27T15:56:20.909Z</time>
      </trkpt>
      <trkpt lat="47.557560" lon="10.248850">
        <ele>723.650911</ele>
        <time>2026-05-27T15:56:37.174Z</time>
      </trkpt>
      <trkpt lat="47.558076" lon="10.248076">
        <ele>724.486860</ele>
        <time>2026-05-27T15:56:50.782Z</time>
      </trkpt>
      <trkpt lat="47.558592" lon="10.247302">
        <ele>725.386444</ele>
        <time>2026-05-27T15:57:04.390Z</time>
      </trkpt>
      <trkpt lat="47.559108" lon="10.246528">
        <ele>726.026430</ele>
        <time>2026-05-27T15:57:17.998Z</time>
      </trkpt>
      <trkpt lat="47.559624" lon="10.245754">
        <ele>726.012813</ele>
        <time>2026-05-27T15:57:31.605Z</time>
      </trkpt>
      <trkpt lat="47.559519" lon="10.245859">
        <ele>726.010464</ele>
        <time>2026-05-27T15:57:33.955Z</time>
      </trkpt>
      <trkpt lat="47.559519" lon="10.245859">
        <ele>726.010464</ele>
        <time>2026-05-27T15:57:33.961Z</time>
      </trkpt>
      <trkpt lat="47.559971" lon="10.245230">
        <ele>725.998965</ele>
        <time>2026-05-27T15:57:45.452Z</time>
      </trkpt>
      <trkpt lat="47.560423" lon="10.244600">
        <ele>725.975417</ele>
        <time>2026-05-27T15:57:56.953Z</time>
      </trkpt>
      <trkpt lat="47.560875" lon="10.243970">
        <ele>725.949304</ele>
        <time>2026-05-27T15:58:08.453Z</time>
      </trkpt>
      <trkpt lat="47.561568" lon="10.243308">
        <ele>726.434299</ele>
        <time>2026-05-27T15:58:23.734Z</time>
      </trkpt>
      <trkpt lat="47.562260" lon="10.242647">
        <ele>729.109176</ele>
        <time>2026-05-27T15:58:39.003Z</time>
      </trkpt>
      <trkpt lat="47.562260" lon="10.242647">
        <ele>729.109176</ele>
        <time>2026-05-27T15:58:39.009Z</time>
      </trkpt>
      <trkpt lat="47.562724" lon="10.242281">
        <ele>730.816956</ele>
        <time>2026-05-27T15:58:48.757Z</time>
      </trkpt>
      <trkpt lat="47.563187" lon="10.241915">
        <ele>732.179137</ele>
        <time>2026-05-27T15:58:58.489Z</time>
      </trkpt>
      <trkpt lat="47.563979" lon="10.241393">
        <ele>733.720044</ele>
        <time>2026-05-27T15:59:14.557Z</time>
      </trkpt>
      <trkpt lat="47.564772" lon="10.240871">
        <ele>734.877653</ele>
        <time>2026-05-27T15:59:30.638Z</time>
      </trkpt>
      <trkpt lat="47.565526" lon="10.240966">
        <ele>734.497317</ele>
        <time>2026-05-27T15:59:44.662Z</time>
      </trkpt>
      <trkpt lat="47.566280" lon="10.241060">
        <ele>734.117009</ele>
        <time>2026-05-27T15:59:58.685Z</time>
      </trkpt>
      <trkpt lat="47.567034" lon="10.241155">
        <ele>731.515590</ele>
        <time>2026-05-27T16:00:12.711Z</time>
      </trkpt>
      <trkpt lat="47.567497" lon="10.241393">
        <ele>729.569255</ele>
        <time>2026-05-27T16:00:21.801Z</time>
      </trkpt>
      <trkpt lat="47.567960" lon="10.241631">
        <ele>727.622922</ele>
        <time>2026-05-27T16:00:30.896Z</time>
      </trkpt>
      <trkpt lat="47.568311" lon="10.242048">
        <ele>725.860926</ele>
        <time>2026-05-27T16:00:39.246Z</time>
      </trkpt>
      <trkpt lat="47.568662" lon="10.242466">
        <ele>724.113468</ele>
        <time>2026-05-27T16:00:47.600Z</time>
      </trkpt>
      <trkpt lat="47.568933" lon="10.243278">
        <ele>721.741358</ele>
        <time>2026-05-27T16:00:58.933Z</time>
      </trkpt>
      <trkpt lat="47.569205" lon="10.244090">
        <ele>719.887071</ele>
        <time>2026-05-27T16:01:10.270Z</time>
      </trkpt>
      <trkpt lat="47.569635" lon="10.244446">
        <ele>719.727213</ele>
        <time>2026-05-27T16:01:19.399Z</time>
      </trkpt>
      <trkpt lat="47.570232" lon="10.244316">
        <ele>719.531370</ele>
        <time>2026-05-27T16:01:30.581Z</time>
      </trkpt>
      <trkpt lat="47.570744" lon="10.243693">
        <ele>719.554958</ele>
        <time>2026-05-27T16:01:42.858Z</time>
      </trkpt>
      <trkpt lat="47.571255" lon="10.243070">
        <ele>720.832002</ele>
        <time>2026-05-27T16:01:55.123Z</time>
      </trkpt>
      <trkpt lat="47.571666" lon="10.242328">
        <ele>722.082120</ele>
        <time>2026-05-27T16:02:08.821Z</time>
      </trkpt>
      <trkpt lat="47.571952" lon="10.241639">
        <ele>723.531617</ele>
        <time>2026-05-27T16:02:23.777Z</time>
      </trkpt>
      <trkpt lat="47.572110" lon="10.241185">
        <ele>725.037807</ele>
        <time>2026-05-27T16:02:34.861Z</time>
      </trkpt>
      <trkpt lat="47.572333" lon="10.240123">
        <ele>728.317188</ele>
        <time>2026-05-27T16:03:00.913Z</time>
      </trkpt>
      <trkpt lat="47.572402" lon="10.239670">
        <ele>729.686437</ele>
        <time>2026-05-27T16:03:11.993Z</time>
      </trkpt>
      <trkpt lat="47.572449" lon="10.239172">
        <ele>731.030874</ele>
        <time>2026-05-27T16:03:23.946Z</time>
      </trkpt>
      <trkpt lat="47.572501" lon="10.237936">
        <ele>733.644864</ele>
        <time>2026-05-27T16:03:47.465Z</time>
      </trkpt>
      <trkpt lat="47.572669" lon="10.237314">
        <ele>735.059072</ele>
        <time>2026-05-27T16:03:58.559Z</time>
      </trkpt>
      <trkpt lat="47.572804" lon="10.237255">
        <ele>735.499419</ele>
        <time>2026-05-27T16:04:01.942Z</time>
      </trkpt>
      <trkpt lat="47.572878" lon="10.237140">
        <ele>735.834865</ele>
        <time>2026-05-27T16:04:04.709Z</time>
      </trkpt>
      <trkpt lat="47.572905" lon="10.237041">
        <ele>736.060259</ele>
        <time>2026-05-27T16:04:06.544Z</time>
      </trkpt>
      <trkpt lat="47.572904" lon="10.236878">
        <ele>736.275340</ele>
        <time>2026-05-27T16:04:09.450Z</time>
      </trkpt>
      <trkpt lat="47.572855" lon="10.236732">
        <ele>736.148577</ele>
        <time>2026-05-27T16:04:12.277Z</time>
      </trkpt>
      <trkpt lat="47.572713" lon="10.236611">
        <ele>735.959849</ele>
        <time>2026-05-27T16:04:16.326Z</time>
      </trkpt>
      <trkpt lat="47.572625" lon="10.236613">
        <ele>735.858439</ele>
        <time>2026-05-27T16:04:18.285Z</time>
      </trkpt>
      <trkpt lat="47.572543" lon="10.236662">
        <ele>735.756566</ele>
        <time>2026-05-27T16:04:20.094Z</time>
      </trkpt>
      <trkpt lat="47.572467" lon="10.236779">
        <ele>735.630309</ele>
        <time>2026-05-27T16:04:22.039Z</time>
      </trkpt>
      <trkpt lat="47.572359" lon="10.236817">
        <ele>735.502409</ele>
        <time>2026-05-27T16:04:23.771Z</time>
      </trkpt>
      <trkpt lat="47.572190" lon="10.236758">
        <ele>735.302351</ele>
        <time>2026-05-27T16:04:26.015Z</time>
      </trkpt>
      <trkpt lat="47.572097" lon="10.236714">
        <ele>735.189866</ele>
        <time>2026-05-27T16:04:27.233Z</time>
      </trkpt>
      <trkpt lat="47.571902" lon="10.236616">
        <ele>734.952614</ele>
        <time>2026-05-27T16:04:29.634Z</time>
      </trkpt>
      <trkpt lat="47.571785" lon="10.236505">
        <ele>734.792551</ele>
        <time>2026-05-27T16:04:31.120Z</time>
      </trkpt>
      <trkpt lat="47.571447" lon="10.236166">
        <ele>734.322310</ele>
        <time>2026-05-27T16:04:35.107Z</time>
      </trkpt>
      <trkpt lat="47.570866" lon="10.235565">
        <ele>730.470464</ele>
        <time>2026-05-27T16:04:41.594Z</time>
      </trkpt>
      <trkpt lat="47.570564" lon="10.235259">
        <ele>728.300127</ele>
        <time>2026-05-27T16:04:44.859Z</time>
      </trkpt>
      <trkpt lat="47.570464" lon="10.235157">
        <ele>727.579942</ele>
        <time>2026-05-27T16:04:45.952Z</time>
      </trkpt>
      <trkpt lat="47.570408" lon="10.235099">
        <ele>727.174631</ele>
        <time>2026-05-27T16:04:46.570Z</time>
      </trkpt>
      <trkpt lat="47.570281" lon="10.234973">
        <ele>726.267953</ele>
        <time>2026-05-27T16:04:47.959Z</time>
      </trkpt>
      <trkpt lat="47.570062" lon="10.234769">
        <ele>724.733391</ele>
        <time>2026-05-27T16:04:50.316Z</time>
      </trkpt>
      <trkpt lat="47.569938" lon="10.234646">
        <ele>723.848181</ele>
        <time>2026-05-27T16:04:51.698Z</time>
      </trkpt>
      <trkpt lat="47.569633" lon="10.234346">
        <ele>722.557291</ele>
        <time>2026-05-27T16:04:55.150Z</time>
      </trkpt>
      <trkpt lat="47.569497" lon="10.234187">
        <ele>722.008508</ele>
        <time>2026-05-27T16:04:56.801Z</time>
      </trkpt>
      <trkpt lat="47.569107" lon="10.233714">
        <ele>720.411972</ele>
        <time>2026-05-27T16:05:01.774Z</time>
      </trkpt>
      <trkpt lat="47.568439" lon="10.232723">
        <ele>718.102160</ele>
        <time>2026-05-27T16:05:12.174Z</time>
      </trkpt>
      <trkpt lat="47.568308" lon="10.232551">
        <ele>718.389920</ele>
        <time>2026-05-27T16:05:14.727Z</time>
      </trkpt>
      <trkpt lat="47.567648" lon="10.231787">
        <ele>719.766891</ele>
        <time>2026-05-27T16:05:32.970Z</time>
      </trkpt>
      <trkpt lat="47.566337" lon="10.230423">
        <ele>722.808322</ele>
        <time>2026-05-27T16:06:19.400Z</time>
      </trkpt>
      <trkpt lat="47.565457" lon="10.229484">
        <ele>724.366032</ele>
        <time>2026-05-27T16:06:38.109Z</time>
      </trkpt>
      <trkpt lat="47.564903" lon="10.228773">
        <ele>723.816541</ele>
        <time>2026-05-27T16:06:47.244Z</time>
      </trkpt>
      <trkpt lat="47.564573" lon="10.228227">
        <ele>723.445689</ele>
        <time>2026-05-27T16:06:53.317Z</time>
      </trkpt>
      <trkpt lat="47.564373" lon="10.227820">
        <ele>723.183073</ele>
        <time>2026-05-27T16:06:57.263Z</time>
      </trkpt>
      <trkpt lat="47.564142" lon="10.227410">
        <ele>722.678282</ele>
        <time>2026-05-27T16:07:01.363Z</time>
      </trkpt>
      <trkpt lat="47.563794" lon="10.226919">
        <ele>722.005313</ele>
        <time>2026-05-27T16:07:06.735Z</time>
      </trkpt>
      <trkpt lat="47.563716" lon="10.226833">
        <ele>721.869150</ele>
        <time>2026-05-27T16:07:07.831Z</time>
      </trkpt>
      <trkpt lat="47.563601" lon="10.226717">
        <ele>721.674313</ele>
        <time>2026-05-27T16:07:09.404Z</time>
      </trkpt>
      <trkpt lat="47.563485" lon="10.226607">
        <ele>721.481431</ele>
        <time>2026-05-27T16:07:10.962Z</time>
      </trkpt>
      <trkpt lat="47.563261" lon="10.226418">
        <ele>721.120415</ele>
        <time>2026-05-27T16:07:13.945Z</time>
      </trkpt>
      <trkpt lat="47.562923" lon="10.226167">
        <ele>720.694513</ele>
        <time>2026-05-27T16:07:18.511Z</time>
      </trkpt>
      <trkpt lat="47.562798" lon="10.226075">
        <ele>720.724132</ele>
        <time>2026-05-27T16:07:20.344Z</time>
      </trkpt>
      <trkpt lat="47.562332" lon="10.225694">
        <ele>720.837080</ele>
        <time>2026-05-27T16:07:27.989Z</time>
      </trkpt>
      <trkpt lat="47.562258" lon="10.225594">
        <ele>720.858333</ele>
        <time>2026-05-27T16:07:29.594Z</time>
      </trkpt>
      <trkpt lat="47.562281" lon="10.225500">
        <ele>720.872652</ele>
        <time>2026-05-27T16:07:30.713Z</time>
      </trkpt>
      <trkpt lat="47.562263" lon="10.225429">
        <ele>720.883514</ele>
        <time>2026-05-27T16:07:31.523Z</time>
      </trkpt>
      <trkpt lat="47.562203" lon="10.225382">
        <ele>720.897916</ele>
        <time>2026-05-27T16:07:32.649Z</time>
      </trkpt>
      <trkpt lat="47.562128" lon="10.225435">
        <ele>720.915550</ele>
        <time>2026-05-27T16:07:34.023Z</time>
      </trkpt>
      <trkpt lat="47.561557" lon="10.224438">
        <ele>721.415765</ele>
        <time>2026-05-27T16:07:49.789Z</time>
      </trkpt>
      <trkpt lat="47.561437" lon="10.224161">
        <ele>721.829629</ele>
        <time>2026-05-27T16:07:54.418Z</time>
      </trkpt>
      <trkpt lat="47.561389" lon="10.224016">
        <ele>722.032693</ele>
        <time>2026-05-27T16:07:56.690Z</time>
      </trkpt>
      <trkpt lat="47.561258" lon="10.223472">
        <ele>722.758912</ele>
        <time>2026-05-27T16:08:05.346Z</time>
      </trkpt>
      <trkpt lat="47.561239" lon="10.223372">
        <ele>722.889531</ele>
        <time>2026-05-27T16:08:06.850Z</time>
      </trkpt>
      <trkpt lat="47.561215" lon="10.223089">
        <ele>723.248147</ele>
        <time>2026-05-27T16:08:11.527Z</time>
      </trkpt>
      <trkpt lat="47.561160" lon="10.222637">
        <ele>723.825614</ele>
        <time>2026-05-27T16:08:19.099Z</time>
      </trkpt>
      <trkpt lat="47.561059" lon="10.221807">
        <ele>724.959465</ele>
        <time>2026-05-27T16:08:33.561Z</time>
      </trkpt>
      <trkpt lat="47.561025" lon="10.221473">
        <ele>725.450227</ele>
        <time>2026-05-27T16:08:39.036Z</time>
      </trkpt>
      <trkpt lat="47.561014" lon="10.221355">
        <ele>725.623299</ele>
        <time>2026-05-27T16:08:40.884Z</time>
      </trkpt>
      <trkpt lat="47.561063" lon="10.221311">
        <ele>725.746657</ele>
        <time>2026-05-27T16:08:42.112Z</time>
      </trkpt>
      <trkpt lat="47.561081" lon="10.221229">
        <ele>725.871940</ele>
        <time>2026-05-27T16:08:43.423Z</time>
      </trkpt>
      <trkpt lat="47.561045" lon="10.221130">
        <ele>726.035334</ele>
        <time>2026-05-27T16:08:45.247Z</time>
      </trkpt>
      <trkpt lat="47.560970" lon="10.221114">
        <ele>726.198480</ele>
        <time>2026-05-27T16:08:47.010Z</time>
      </trkpt>
      <trkpt lat="47.560913" lon="10.221216">
        <ele>726.390896</ele>
        <time>2026-05-27T16:08:49.233Z</time>
      </trkpt>
      <trkpt lat="47.560843" lon="10.221240">
        <ele>726.545593</ele>
        <time>2026-05-27T16:08:50.976Z</time>
      </trkpt>
      <trkpt lat="47.560629" lon="10.221208">
        <ele>727.008692</ele>
        <time>2026-05-27T16:08:56.327Z</time>
      </trkpt>
      <trkpt lat="47.560451" lon="10.221164">
        <ele>727.397236</ele>
        <time>2026-05-27T16:09:00.701Z</time>
      </trkpt>
      <trkpt lat="47.560102" lon="10.221061">
        <ele>728.163420</ele>
        <time>2026-05-27T16:09:08.613Z</time>
      </trkpt>
      <trkpt lat="47.560015" lon="10.221035">
        <ele>728.319047</ele>
        <time>2026-05-27T16:09:10.607Z</time>
      </trkpt>
      <trkpt lat="47.559739" lon="10.220956">
        <ele>728.608751</ele>
        <time>2026-05-27T16:09:16.419Z</time>
      </trkpt>
      <trkpt lat="47.559559" lon="10.220893">
        <ele>728.799364</ele>
        <time>2026-05-27T16:09:19.837Z</time>
      </trkpt>
      <trkpt lat="47.559405" lon="10.220782">
        <ele>728.975855</ele>
        <time>2026-05-27T16:09:22.862Z</time>
      </trkpt>
      <trkpt lat="47.559334" lon="10.220716">
        <ele>729.062234</ele>
        <time>2026-05-27T16:09:24.462Z</time>
      </trkpt>
      <trkpt lat="47.559353" lon="10.220589">
        <ele>729.152704</ele>
        <time>2026-05-27T16:09:26.221Z</time>
      </trkpt>
      <trkpt lat="47.559316" lon="10.220499">
        <ele>729.225998</ele>
        <time>2026-05-27T16:09:27.633Z</time>
      </trkpt>
      <trkpt lat="47.559265" lon="10.220465">
        <ele>729.283632</ele>
        <time>2026-05-27T16:09:28.771Z</time>
      </trkpt>
      <trkpt lat="47.559209" lon="10.220474">
        <ele>729.341685</ele>
        <time>2026-05-27T16:09:29.913Z</time>
      </trkpt>
      <trkpt lat="47.559152" lon="10.220404">
        <ele>729.417980</ele>
        <time>2026-05-27T16:09:31.405Z</time>
      </trkpt>
      <trkpt lat="47.559002" lon="10.220303">
        <ele>729.587781</ele>
        <time>2026-05-27T16:09:34.528Z</time>
      </trkpt>
      <trkpt lat="47.558865" lon="10.220259">
        <ele>729.732252</ele>
        <time>2026-05-27T16:09:37.012Z</time>
      </trkpt>
      <trkpt lat="47.558600" lon="10.220178">
        <ele>730.011111</ele>
        <time>2026-05-27T16:09:41.418Z</time>
      </trkpt>
      <trkpt lat="47.558556" lon="10.220170">
        <ele>730.056798</ele>
        <time>2026-05-27T16:09:42.097Z</time>
      </trkpt>
      <trkpt lat="47.558337" lon="10.220125">
        <ele>730.244802</ele>
        <time>2026-05-27T16:09:45.532Z</time>
      </trkpt>
      <trkpt lat="47.558337" lon="10.220125">
        <ele>730.244802</ele>
        <time>2026-05-27T16:09:45.537Z</time>
      </trkpt>
      <trkpt lat="47.558409" lon="10.219216">
        <ele>730.705748</ele>
        <time>2026-05-27T16:09:56.980Z</time>
      </trkpt>
      <trkpt lat="47.558511" lon="10.218583">
        <ele>731.033510</ele>
        <time>2026-05-27T16:10:27.524Z</time>
      </trkpt>
      <trkpt lat="47.558696" lon="10.217334">
        <ele>731.649192</ele>
        <time>2026-05-27T16:11:27.499Z</time>
      </trkpt>
      <trkpt lat="47.558711" lon="10.217199">
        <ele>731.708088</ele>
        <time>2026-05-27T16:11:33.890Z</time>
      </trkpt>
      <trkpt lat="47.558809" lon="10.216604">
        <ele>731.971737</ele>
        <time>2026-05-27T16:12:02.631Z</time>
      </trkpt>
      <trkpt lat="47.558838" lon="10.216400">
        <ele>732.061480</ele>
        <time>2026-05-27T16:12:12.401Z</time>
      </trkpt>
      <trkpt lat="47.558993" lon="10.215365">
        <ele>732.517856</ele>
        <time>2026-05-27T16:13:02.142Z</time>
      </trkpt>
      <trkpt lat="47.559166" lon="10.215024">
        <ele>732.530740</ele>
        <time>2026-05-27T16:13:22.150Z</time>
      </trkpt>
      <trkpt lat="47.559233" lon="10.214910">
        <ele>732.440729</ele>
        <time>2026-05-27T16:13:29.249Z</time>
      </trkpt>
      <trkpt lat="47.559368" lon="10.214559">
        <ele>732.200180</ele>
        <time>2026-05-27T16:13:32.889Z</time>
      </trkpt>
      <trkpt lat="47.559406" lon="10.214318">
        <ele>732.052822</ele>
        <time>2026-05-27T16:13:35.055Z</time>
      </trkpt>
      <trkpt lat="47.559463" lon="10.213835">
        <ele>731.760875</ele>
        <time>2026-05-27T16:13:39.238Z</time>
      </trkpt>
      <trkpt lat="47.559495" lon="10.213631">
        <ele>731.636174</ele>
        <time>2026-05-27T16:13:41.010Z</time>
      </trkpt>
      <trkpt lat="47.559532" lon="10.213393">
        <ele>731.490755</ele>
        <time>2026-05-27T16:13:43.053Z</time>
      </trkpt>
      <trkpt lat="47.559733" lon="10.212117">
        <ele>730.731383</ele>
        <time>2026-05-27T16:13:52.749Z</time>
      </trkpt>
      <trkpt lat="47.559806" lon="10.211945">
        <ele>730.617971</ele>
        <time>2026-05-27T16:13:54.254Z</time>
      </trkpt>
      <trkpt lat="47.559871" lon="10.211836">
        <ele>730.536782</ele>
        <time>2026-05-27T16:13:55.382Z</time>
      </trkpt>
      <trkpt lat="47.559941" lon="10.211831">
        <ele>730.478817</ele>
        <time>2026-05-27T16:13:56.186Z</time>
      </trkpt>
      <trkpt lat="47.559995" lon="10.211766">
        <ele>730.421275</ele>
        <time>2026-05-27T16:13:57.013Z</time>
      </trkpt>
      <trkpt lat="47.560011" lon="10.211659">
        <ele>730.360104</ele>
        <time>2026-05-27T16:13:57.879Z</time>
      </trkpt>
      <trkpt lat="47.559991" lon="10.211583">
        <ele>730.314573</ele>
        <time>2026-05-27T16:13:58.547Z</time>
      </trkpt>
      <trkpt lat="47.559949" lon="10.211531">
        <ele>730.269306</ele>
        <time>2026-05-27T16:13:59.230Z</time>
      </trkpt>
      <trkpt lat="47.559966" lon="10.211403">
        <ele>730.196492</ele>
        <time>2026-05-27T16:14:00.295Z</time>
      </trkpt>
      <trkpt lat="47.559992" lon="10.211236">
        <ele>730.100832</ele>
        <time>2026-05-27T16:14:01.735Z</time>
      </trkpt>
      <trkpt lat="47.560076" lon="10.210977">
        <ele>729.940442</ele>
        <time>2026-05-27T16:14:04.169Z</time>
      </trkpt>
      <trkpt lat="47.560178" lon="10.210627">
        <ele>729.727651</ele>
        <time>2026-05-27T16:14:07.505Z</time>
      </trkpt>
      <trkpt lat="47.560191" lon="10.210288">
        <ele>729.592858</ele>
        <time>2026-05-27T16:14:11.550Z</time>
      </trkpt>
      <trkpt lat="47.560173" lon="10.209968">
        <ele>729.988371</ele>
        <time>2026-05-27T16:14:15.947Z</time>
      </trkpt>
      <trkpt lat="47.560197" lon="10.209713">
        <ele>730.305496</ele>
        <time>2026-05-27T16:14:20.085Z</time>
      </trkpt>
      <trkpt lat="47.560382" lon="10.209178">
        <ele>731.045937</ele>
        <time>2026-05-27T16:14:29.862Z</time>
      </trkpt>
      <trkpt lat="47.560399" lon="10.209131">
        <ele>731.111619</ele>
        <time>2026-05-27T16:14:30.701Z</time>
      </trkpt>
      <trkpt lat="47.560524" lon="10.208863">
        <ele>731.512890</ele>
        <time>2026-05-27T16:14:36.059Z</time>
      </trkpt>
      <trkpt lat="47.560578" lon="10.208820">
        <ele>731.624782</ele>
        <time>2026-05-27T16:14:37.321Z</time>
      </trkpt>
      <trkpt lat="47.560610" lon="10.208730">
        <ele>731.750081</ele>
        <time>2026-05-27T16:14:39.063Z</time>
      </trkpt>
      <trkpt lat="47.560603" lon="10.208635">
        <ele>731.867787</ele>
        <time>2026-05-27T16:14:40.504Z</time>
      </trkpt>
      <trkpt lat="47.560569" lon="10.208571">
        <ele>731.968113</ele>
        <time>2026-05-27T16:14:41.776Z</time>
      </trkpt>
      <trkpt lat="47.560584" lon="10.208441">
        <ele>732.130558</ele>
        <time>2026-05-27T16:14:43.979Z</time>
      </trkpt>
      <trkpt lat="47.560592" lon="10.208274">
        <ele>732.336769</ele>
        <time>2026-05-27T16:14:46.868Z</time>
      </trkpt>
      <trkpt lat="47.560748" lon="10.207270">
        <ele>733.417555</ele>
        <time>2026-05-27T16:15:02.287Z</time>
      </trkpt>
      <trkpt lat="47.560828" lon="10.206795">
        <ele>733.872712</ele>
        <time>2026-05-27T16:15:09.346Z</time>
      </trkpt>
      <trkpt lat="47.560839" lon="10.206727">
        <ele>733.937723</ele>
        <time>2026-05-27T16:15:10.359Z</time>
      </trkpt>
      <trkpt lat="47.560914" lon="10.206262">
        <ele>734.382214</ele>
        <time>2026-05-27T16:15:16.179Z</time>
      </trkpt>
      <trkpt lat="47.560941" lon="10.206144">
        <ele>734.498054</ele>
        <time>2026-05-27T16:15:17.734Z</time>
      </trkpt>
      <trkpt lat="47.561021" lon="10.205728">
        <ele>734.900209</ele>
        <time>2026-05-27T16:15:23.284Z</time>
      </trkpt>
      <trkpt lat="47.561034" lon="10.205694">
        <ele>734.936541</ele>
        <time>2026-05-27T16:15:23.794Z</time>
      </trkpt>
      <trkpt lat="47.561082" lon="10.205559">
        <ele>735.078407</ele>
        <time>2026-05-27T16:15:25.786Z</time>
      </trkpt>
      <trkpt lat="47.561191" lon="10.205325">
        <ele>735.344763</ele>
        <time>2026-05-27T16:15:29.449Z</time>
      </trkpt>
      <trkpt lat="47.561346" lon="10.205053">
        <ele>735.700799</ele>
        <time>2026-05-27T16:15:33.912Z</time>
      </trkpt>
      <trkpt lat="47.561845" lon="10.204310">
        <ele>736.749135</ele>
        <time>2026-05-27T16:15:49.279Z</time>
      </trkpt>
      <trkpt lat="47.562176" lon="10.203778">
        <ele>737.472798</ele>
        <time>2026-05-27T16:15:59.529Z</time>
      </trkpt>
      <trkpt lat="47.562605" lon="10.202831">
        <ele>738.207785</ele>
        <time>2026-05-27T16:16:15.824Z</time>
      </trkpt>
      <trkpt lat="47.562621" lon="10.202794">
        <ele>738.223505</ele>
        <time>2026-05-27T16:16:16.408Z</time>
      </trkpt>
      <trkpt lat="47.563025" lon="10.201836">
        <ele>738.627638</ele>
        <time>2026-05-27T16:16:30.483Z</time>
      </trkpt>
      <trkpt lat="47.563161" lon="10.201444">
        <ele>738.785319</ele>
        <time>2026-05-27T16:16:34.483Z</time>
      </trkpt>
      <trkpt lat="47.563268" lon="10.201060">
        <ele>738.933940</ele>
        <time>2026-05-27T16:16:38.010Z</time>
      </trkpt>
      <trkpt lat="47.563328" lon="10.200720">
        <ele>738.738133</ele>
        <time>2026-05-27T16:16:40.915Z</time>
      </trkpt>
      <trkpt lat="47.563367" lon="10.200487">
        <ele>738.601817</ele>
        <time>2026-05-27T16:16:42.930Z</time>
      </trkpt>
      <trkpt lat="47.563542" lon="10.199050">
        <ele>737.772650</ele>
        <time>2026-05-27T16:16:54.674Z</time>
      </trkpt>
      <trkpt lat="47.563551" lon="10.198996">
        <ele>737.741065</ele>
        <time>2026-05-27T16:16:55.178Z</time>
      </trkpt>
      <trkpt lat="47.563568" lon="10.198894">
        <ele>737.681405</ele>
        <time>2026-05-27T16:16:56.159Z</time>
      </trkpt>
      <trkpt lat="47.563620" lon="10.198604">
        <ele>737.511017</ele>
        <time>2026-05-27T16:16:58.914Z</time>
      </trkpt>
      <trkpt lat="47.563641" lon="10.198517">
        <ele>737.458550</ele>
        <time>2026-05-27T16:16:59.872Z</time>
      </trkpt>
      <trkpt lat="47.563852" lon="10.197760">
        <ele>737.275625</ele>
        <time>2026-05-27T16:17:07.305Z</time>
      </trkpt>
      <trkpt lat="47.564163" lon="10.197008">
        <ele>737.104718</ele>
        <time>2026-05-27T16:17:15.328Z</time>
      </trkpt>
      <trkpt lat="47.564329" lon="10.196723">
        <ele>737.031765</ele>
        <time>2026-05-27T16:17:18.769Z</time>
      </trkpt>
      <trkpt lat="47.564698" lon="10.196184">
        <ele>736.957115</ele>
        <time>2026-05-27T16:17:26.245Z</time>
      </trkpt>
      <trkpt lat="47.564742" lon="10.196126">
        <ele>736.996436</ele>
        <time>2026-05-27T16:17:27.190Z</time>
      </trkpt>
      <trkpt lat="47.565102" lon="10.195661">
        <ele>737.315310</ele>
        <time>2026-05-27T16:17:35.096Z</time>
      </trkpt>
      <trkpt lat="47.565600" lon="10.194935">
        <ele>737.781762</ele>
        <time>2026-05-27T16:17:48.331Z</time>
      </trkpt>
      <trkpt lat="47.565978" lon="10.194351">
        <ele>738.141193</ele>
        <time>2026-05-27T16:17:59.119Z</time>
      </trkpt>
      <trkpt lat="47.566631" lon="10.193362">
        <ele>738.683995</ele>
        <time>2026-05-27T16:18:13.321Z</time>
      </trkpt>
      <trkpt lat="47.566932" lon="10.193039">
        <ele>738.900042</ele>
        <time>2026-05-27T16:18:18.740Z</time>
      </trkpt>
      <trkpt lat="47.567037" lon="10.192953">
        <ele>738.969787</ele>
        <time>2026-05-27T16:18:20.547Z</time>
      </trkpt>
      <trkpt lat="47.567291" lon="10.192758">
        <ele>739.136091</ele>
        <time>2026-05-27T16:18:25.206Z</time>
      </trkpt>
      <trkpt lat="47.567886" lon="10.192294">
        <ele>740.924892</ele>
        <time>2026-05-27T16:18:41.583Z</time>
      </trkpt>
      <trkpt lat="47.568054" lon="10.192098">
        <ele>741.512577</ele>
        <time>2026-05-27T16:18:47.901Z</time>
      </trkpt>
      <trkpt lat="47.568163" lon="10.191867">
        <ele>742.035357</ele>
        <time>2026-05-27T16:18:54.064Z</time>
      </trkpt>
      <trkpt lat="47.568216" lon="10.191666">
        <ele>742.435583</ele>
        <time>2026-05-27T16:18:59.072Z</time>
      </trkpt>
      <trkpt lat="47.568247" lon="10.191484">
        <ele>742.783705</ele>
        <time>2026-05-27T16:19:03.226Z</time>
      </trkpt>
      <trkpt lat="47.568254" lon="10.191060">
        <ele>743.570281</ele>
        <time>2026-05-27T16:19:11.788Z</time>
      </trkpt>
      <trkpt lat="47.568255" lon="10.190928">
        <ele>743.815101</ele>
        <time>2026-05-27T16:19:14.201Z</time>
      </trkpt>
      <trkpt lat="47.568242" lon="10.190524">
        <ele>743.677016</ele>
        <time>2026-05-27T16:19:20.949Z</time>
      </trkpt>
      <trkpt lat="47.568263" lon="10.190206">
        <ele>743.148080</ele>
        <time>2026-05-27T16:19:25.636Z</time>
      </trkpt>
      <trkpt lat="47.568305" lon="10.189964">
        <ele>742.734429</ele>
        <time>2026-05-27T16:19:28.581Z</time>
      </trkpt>
      <trkpt lat="47.568771" lon="10.188337">
        <ele>739.808460</ele>
        <time>2026-05-27T16:19:40.101Z</time>
      </trkpt>
      <trkpt lat="47.569122" lon="10.187386">
        <ele>736.888052</ele>
        <time>2026-05-27T16:19:46.704Z</time>
      </trkpt>
      <trkpt lat="47.569201" lon="10.187110">
        <ele>736.056905</ele>
        <time>2026-05-27T16:19:48.566Z</time>
      </trkpt>
      <trkpt lat="47.569256" lon="10.186777">
        <ele>735.106489</ele>
        <time>2026-05-27T16:19:50.731Z</time>
      </trkpt>
      <trkpt lat="47.569287" lon="10.186225">
        <ele>733.570920</ele>
        <time>2026-05-27T16:19:54.427Z</time>
      </trkpt>
      <trkpt lat="47.569277" lon="10.185130">
        <ele>732.609277</ele>
        <time>2026-05-27T16:20:05.473Z</time>
      </trkpt>
      <trkpt lat="47.569081" lon="10.183875">
        <ele>733.252862</ele>
        <time>2026-05-27T16:20:24.676Z</time>
      </trkpt>
      <trkpt lat="47.569061" lon="10.183407">
        <ele>733.487147</ele>
        <time>2026-05-27T16:20:31.032Z</time>
      </trkpt>
      <trkpt lat="47.569053" lon="10.182781">
        <ele>733.642272</ele>
        <time>2026-05-27T16:20:38.290Z</time>
      </trkpt>
      <trkpt lat="47.569016" lon="10.182280">
        <ele>733.667883</ele>
        <time>2026-05-27T16:20:42.853Z</time>
      </trkpt>
      <trkpt lat="47.568953" lon="10.181873">
        <ele>733.689103</ele>
        <time>2026-05-27T16:20:46.189Z</time>
      </trkpt>
      <trkpt lat="47.568852" lon="10.181538">
        <ele>733.707749</ele>
        <time>2026-05-27T16:20:49.028Z</time>
      </trkpt>
      <trkpt lat="47.568712" lon="10.181183">
        <ele>733.728645</ele>
        <time>2026-05-27T16:20:52.672Z</time>
      </trkpt>
      <trkpt lat="47.568501" lon="10.180779">
        <ele>733.754608</ele>
        <time>2026-05-27T16:20:58.749Z</time>
      </trkpt>
      <trkpt lat="47.568340" lon="10.180362">
        <ele>734.466030</ele>
        <time>2026-05-27T16:21:05.704Z</time>
      </trkpt>
      <trkpt lat="47.568187" lon="10.179506">
        <ele>736.126633</ele>
        <time>2026-05-27T16:21:20.968Z</time>
      </trkpt>
      <trkpt lat="47.568031" lon="10.178107">
        <ele>738.770963</ele>
        <time>2026-05-27T16:21:50.070Z</time>
      </trkpt>
      <trkpt lat="47.567818" lon="10.176773">
        <ele>739.922664</ele>
        <time>2026-05-27T16:22:13.062Z</time>
      </trkpt>
      <trkpt lat="47.567796" lon="10.176333">
        <ele>740.293340</ele>
        <time>2026-05-27T16:22:18.234Z</time>
      </trkpt>
      <trkpt lat="47.567766" lon="10.173129">
        <ele>739.542114</ele>
        <time>2026-05-27T16:22:44.783Z</time>
      </trkpt>
      <trkpt lat="47.567737" lon="10.172393">
        <ele>739.350948</ele>
        <time>2026-05-27T16:22:51.033Z</time>
      </trkpt>
      <trkpt lat="47.567709" lon="10.171705">
        <ele>739.341737</ele>
        <time>2026-05-27T16:22:56.810Z</time>
      </trkpt>
      <trkpt lat="47.567656" lon="10.171167">
        <ele>739.334472</ele>
        <time>2026-05-27T16:23:01.890Z</time>
      </trkpt>
      <trkpt lat="47.567569" lon="10.170362">
        <ele>739.323578</ele>
        <time>2026-05-27T16:23:10.645Z</time>
      </trkpt>
      <trkpt lat="47.567301" lon="10.169016">
        <ele>741.148044</ele>
        <time>2026-05-27T16:23:32.797Z</time>
      </trkpt>
      <trkpt lat="47.567182" lon="10.167737">
        <ele>743.077987</ele>
        <time>2026-05-27T16:23:57.407Z</time>
      </trkpt>
      <trkpt lat="47.566910" lon="10.165412">
        <ele>742.955151</ele>
        <time>2026-05-27T16:24:25.304Z</time>
      </trkpt>
      <trkpt lat="47.566842" lon="10.164068">
        <ele>740.369878</ele>
        <time>2026-05-27T16:24:34.032Z</time>
      </trkpt>
      <trkpt lat="47.566561" lon="10.162618">
        <ele>736.107536</ele>
        <time>2026-05-27T16:24:43.550Z</time>
      </trkpt>
      <trkpt lat="47.566516" lon="10.162264">
        <ele>735.230349</ele>
        <time>2026-05-27T16:24:45.993Z</time>
      </trkpt>
      <trkpt lat="47.566424" lon="10.160239">
        <ele>732.584529</ele>
        <time>2026-05-27T16:25:01.843Z</time>
      </trkpt>
      <trkpt lat="47.566365" lon="10.158940">
        <ele>731.065283</ele>
        <time>2026-05-27T16:25:11.770Z</time>
      </trkpt>
      <trkpt lat="47.566277" lon="10.157913">
        <ele>729.958744</ele>
        <time>2026-05-27T16:25:19.288Z</time>
      </trkpt>
      <trkpt lat="47.566095" lon="10.156536">
        <ele>729.267051</ele>
        <time>2026-05-27T16:25:30.695Z</time>
      </trkpt>
      <trkpt lat="47.565782" lon="10.155052">
        <ele>729.971731</ele>
        <time>2026-05-27T16:25:50.357Z</time>
      </trkpt>
      <trkpt lat="47.565543" lon="10.154329">
        <ele>730.566178</ele>
        <time>2026-05-27T16:26:02.304Z</time>
      </trkpt>
      <trkpt lat="47.565375" lon="10.153973">
        <ele>731.205979</ele>
        <time>2026-05-27T16:26:08.672Z</time>
      </trkpt>
      <trkpt lat="47.564398" lon="10.152100">
        <ele>734.609919</ele>
        <time>2026-05-27T16:26:47.139Z</time>
      </trkpt>
      <trkpt lat="47.564234" lon="10.151735">
        <ele>735.155419</ele>
        <time>2026-05-27T16:26:55.637Z</time>
      </trkpt>
      <trkpt lat="47.564047" lon="10.151157">
        <ele>735.952808</ele>
        <time>2026-05-27T16:27:06.787Z</time>
      </trkpt>
      <trkpt lat="47.563881" lon="10.150396">
        <ele>736.947708</ele>
        <time>2026-05-27T16:27:18.337Z</time>
      </trkpt>
      <trkpt lat="47.563663" lon="10.148955">
        <ele>737.432466</ele>
        <time>2026-05-27T16:27:32.459Z</time>
      </trkpt>
      <trkpt lat="47.563488" lon="10.147823">
        <ele>737.384068</ele>
        <time>2026-05-27T16:27:42.116Z</time>
      </trkpt>
      <trkpt lat="47.563274" lon="10.146708">
        <ele>738.369457</ele>
        <time>2026-05-27T16:27:56.379Z</time>
      </trkpt>
      <trkpt lat="47.563022" lon="10.145685">
        <ele>739.916698</ele>
        <time>2026-05-27T16:28:16.177Z</time>
      </trkpt>
      <trkpt lat="47.562843" lon="10.145077">
        <ele>740.859152</ele>
        <time>2026-05-27T16:28:28.755Z</time>
      </trkpt>
      <trkpt lat="47.562615" lon="10.144258">
        <ele>741.175371</ele>
        <time>2026-05-27T16:28:42.304Z</time>
      </trkpt>
      <trkpt lat="47.562572" lon="10.144103">
        <ele>741.181069</ele>
        <time>2026-05-27T16:28:44.378Z</time>
      </trkpt>
      <trkpt lat="47.562098" lon="10.142567">
        <ele>741.238502</ele>
        <time>2026-05-27T16:28:58.175Z</time>
      </trkpt>
      <trkpt lat="47.561305" lon="10.139922">
        <ele>740.596121</ele>
        <time>2026-05-27T16:29:23.570Z</time>
      </trkpt>
      <trkpt lat="47.561039" lon="10.138706">
        <ele>741.903183</ele>
        <time>2026-05-27T16:29:42.305Z</time>
      </trkpt>
      <trkpt lat="47.560876" lon="10.137571">
        <ele>743.089720</ele>
        <time>2026-05-27T16:30:00.857Z</time>
      </trkpt>
      <trkpt lat="47.560796" lon="10.136821">
        <ele>743.422988</ele>
        <time>2026-05-27T16:30:11.679Z</time>
      </trkpt>
      <trkpt lat="47.560648" lon="10.134817">
        <ele>744.071241</ele>
        <time>2026-05-27T16:30:33.409Z</time>
      </trkpt>
      <trkpt lat="47.560632" lon="10.134550">
        <ele>743.846159</ele>
        <time>2026-05-27T16:30:35.559Z</time>
      </trkpt>
      <trkpt lat="47.560611" lon="10.134261">
        <ele>743.578859</ele>
        <time>2026-05-27T16:30:37.821Z</time>
      </trkpt>
      <trkpt lat="47.560500" lon="10.133268">
        <ele>742.653255</ele>
        <time>2026-05-27T16:30:45.344Z</time>
      </trkpt>
      <trkpt lat="47.560372" lon="10.132537">
        <ele>741.958765</ele>
        <time>2026-05-27T16:30:50.936Z</time>
      </trkpt>
      <trkpt lat="47.560128" lon="10.131462">
        <ele>741.684093</ele>
        <time>2026-05-27T16:31:00.567Z</time>
      </trkpt>
      <trkpt lat="47.559875" lon="10.130537">
        <ele>741.759603</ele>
        <time>2026-05-27T16:31:11.904Z</time>
      </trkpt>
      <trkpt lat="47.559629" lon="10.129801">
        <ele>741.821740</ele>
        <time>2026-05-27T16:31:22.144Z</time>
      </trkpt>
      <trkpt lat="47.558746" lon="10.127580">
        <ele>742.563788</ele>
        <time>2026-05-27T16:31:51.013Z</time>
      </trkpt>
      <trkpt lat="47.558414" lon="10.126658">
        <ele>742.878968</ele>
        <time>2026-05-27T16:32:02.208Z</time>
      </trkpt>
      <trkpt lat="47.558286" lon="10.126240">
        <ele>743.018033</ele>
        <time>2026-05-27T16:32:07.155Z</time>
      </trkpt>
      <trkpt lat="47.557916" lon="10.124725">
        <ele>743.497481</ele>
        <time>2026-05-27T16:32:25.499Z</time>
      </trkpt>
      <trkpt lat="47.557598" lon="10.123197">
        <ele>743.933861</ele>
        <time>2026-05-27T16:32:44.938Z</time>
      </trkpt>
      <trkpt lat="47.557526" lon="10.122806">
        <ele>744.044469</ele>
        <time>2026-05-27T16:32:49.532Z</time>
      </trkpt>
      <trkpt lat="47.557074" lon="10.120671">
        <ele>742.740704</ele>
        <time>2026-05-27T16:33:08.956Z</time>
      </trkpt>
      <trkpt lat="47.556910" lon="10.119689">
        <ele>741.795098</ele>
        <time>2026-05-27T16:33:16.357Z</time>
      </trkpt>
      <trkpt lat="47.556843" lon="10.119190">
        <ele>740.970681</ele>
        <time>2026-05-27T16:33:19.949Z</time>
      </trkpt>
      <trkpt lat="47.556801" lon="10.118646">
        <ele>740.083446</ele>
        <time>2026-05-27T16:33:23.765Z</time>
      </trkpt>
      <trkpt lat="47.556771" lon="10.117781">
        <ele>738.679968</ele>
        <time>2026-05-27T16:33:29.936Z</time>
      </trkpt>
      <trkpt lat="47.556776" lon="10.117196">
        <ele>737.754663</ele>
        <time>2026-05-27T16:33:34.220Z</time>
      </trkpt>
      <trkpt lat="47.556826" lon="10.116174">
        <ele>736.526921</ele>
        <time>2026-05-27T16:33:41.838Z</time>
      </trkpt>
      <trkpt lat="47.556861" lon="10.115780">
        <ele>736.050771</ele>
        <time>2026-05-27T16:33:44.823Z</time>
      </trkpt>
      <trkpt lat="47.557080" lon="10.114019">
        <ele>734.371341</ele>
        <time>2026-05-27T16:33:58.647Z</time>
      </trkpt>
      <trkpt lat="47.557669" lon="10.110003">
        <ele>733.206827</ele>
        <time>2026-05-27T16:34:36.867Z</time>
      </trkpt>
      <trkpt lat="47.557993" lon="10.107858">
        <ele>733.094641</ele>
        <time>2026-05-27T16:34:58.787Z</time>
      </trkpt>
      <trkpt lat="47.558031" lon="10.107599">
        <ele>733.090621</ele>
        <time>2026-05-27T16:35:01.345Z</time>
      </trkpt>
      <trkpt lat="47.558155" lon="10.106506">
        <ele>733.143317</ele>
        <time>2026-05-27T16:35:12.379Z</time>
      </trkpt>
      <trkpt lat="47.558154" lon="10.105431">
        <ele>733.387619</ele>
        <time>2026-05-27T16:35:23.773Z</time>
      </trkpt>
      <trkpt lat="47.558065" lon="10.104594">
        <ele>733.580180</ele>
        <time>2026-05-27T16:35:33.612Z</time>
      </trkpt>
      <trkpt lat="47.557542" lon="10.102158">
        <ele>734.513151</ele>
        <time>2026-05-27T16:36:03.006Z</time>
      </trkpt>
      <trkpt lat="47.557380" lon="10.101375">
        <ele>734.954833</ele>
        <time>2026-05-27T16:36:12.261Z</time>
      </trkpt>
      <trkpt lat="47.557258" lon="10.100585">
        <ele>735.652573</ele>
        <time>2026-05-27T16:36:22.060Z</time>
      </trkpt>
      <trkpt lat="47.557224" lon="10.100342">
        <ele>735.866236</ele>
        <time>2026-05-27T16:36:25.262Z</time>
      </trkpt>
      <trkpt lat="47.557109" lon="10.099102">
        <ele>736.943864</ele>
        <time>2026-05-27T16:36:43.749Z</time>
      </trkpt>
      <trkpt lat="47.557075" lon="10.098057">
        <ele>737.544062</ele>
        <time>2026-05-27T16:36:59.694Z</time>
      </trkpt>
      <trkpt lat="47.557076" lon="10.097867">
        <ele>737.647220</ele>
        <time>2026-05-27T16:37:02.375Z</time>
      </trkpt>
      <trkpt lat="47.557089" lon="10.097484">
        <ele>737.855420</ele>
        <time>2026-05-27T16:37:07.505Z</time>
      </trkpt>
      <trkpt lat="47.557209" lon="10.094832">
        <ele>738.244691</ele>
        <time>2026-05-27T16:37:32.091Z</time>
      </trkpt>
      <trkpt lat="47.557175" lon="10.093696">
        <ele>738.069134</ele>
        <time>2026-05-27T16:37:42.628Z</time>
      </trkpt>
      <trkpt lat="47.557126" lon="10.093059">
        <ele>738.289711</ele>
        <time>2026-05-27T16:37:49.489Z</time>
      </trkpt>
      <trkpt lat="47.556993" lon="10.092199">
        <ele>738.605167</ele>
        <time>2026-05-27T16:37:59.695Z</time>
      </trkpt>
      <trkpt lat="47.556730" lon="10.090943">
        <ele>739.084072</ele>
        <time>2026-05-27T16:38:15.878Z</time>
      </trkpt>
      <trkpt lat="47.556471" lon="10.089707">
        <ele>739.618912</ele>
        <time>2026-05-27T16:38:31.629Z</time>
      </trkpt>
      <trkpt lat="47.556363" lon="10.089132">
        <ele>739.865565</ele>
        <time>2026-05-27T16:38:38.450Z</time>
      </trkpt>
      <trkpt lat="47.556320" lon="10.088877">
        <ele>739.974186</ele>
        <time>2026-05-27T16:38:41.460Z</time>
      </trkpt>
      <trkpt lat="47.556295" lon="10.088682">
        <ele>740.056212</ele>
        <time>2026-05-27T16:38:43.680Z</time>
      </trkpt>
      <trkpt lat="47.556207" lon="10.087890">
        <ele>740.234760</ele>
        <time>2026-05-27T16:38:52.115Z</time>
      </trkpt>
      <trkpt lat="47.556173" lon="10.087345">
        <ele>740.331227</ele>
        <time>2026-05-27T16:38:57.431Z</time>
      </trkpt>
      <trkpt lat="47.556148" lon="10.086282">
        <ele>740.518698</ele>
        <time>2026-05-27T16:39:08.354Z</time>
      </trkpt>
      <trkpt lat="47.556147" lon="10.086034">
        <ele>740.562409</ele>
        <time>2026-05-27T16:39:11.154Z</time>
      </trkpt>
      <trkpt lat="47.556117" lon="10.082111">
        <ele>742.095659</ele>
        <time>2026-05-27T16:39:59.819Z</time>
      </trkpt>
      <trkpt lat="47.556107" lon="10.080484">
        <ele>742.137448</ele>
        <time>2026-05-27T16:40:14.570Z</time>
      </trkpt>
      <trkpt lat="47.556076" lon="10.079823">
        <ele>741.842601</ele>
        <time>2026-05-27T16:40:19.953Z</time>
      </trkpt>
      <trkpt lat="47.555954" lon="10.078691">
        <ele>741.332489</ele>
        <time>2026-05-27T16:40:29.480Z</time>
      </trkpt>
      <trkpt lat="47.555859" lon="10.078201">
        <ele>741.105625</ele>
        <time>2026-05-27T16:40:33.997Z</time>
      </trkpt>
      <trkpt lat="47.555722" lon="10.077642">
        <ele>741.149853</ele>
        <time>2026-05-27T16:40:39.759Z</time>
      </trkpt>
      <trkpt lat="47.555561" lon="10.077162">
        <ele>741.448379</ele>
        <time>2026-05-27T16:40:45.658Z</time>
      </trkpt>
      <trkpt lat="47.555277" lon="10.076437">
        <ele>741.915249</ele>
        <time>2026-05-27T16:40:56.206Z</time>
      </trkpt>
      <trkpt lat="47.554903" lon="10.075572">
        <ele>742.492638</ele>
        <time>2026-05-27T16:41:10.733Z</time>
      </trkpt>
      <trkpt lat="47.554536" lon="10.074721">
        <ele>743.173565</ele>
        <time>2026-05-27T16:41:24.711Z</time>
      </trkpt>
      <trkpt lat="47.554397" lon="10.074297">
        <ele>743.491391</ele>
        <time>2026-05-27T16:41:30.649Z</time>
      </trkpt>
      <trkpt lat="47.554205" lon="10.073401">
        <ele>744.125242</ele>
        <time>2026-05-27T16:41:41.609Z</time>
      </trkpt>
      <trkpt lat="47.554105" lon="10.072571">
        <ele>744.592406</ele>
        <time>2026-05-27T16:41:51.118Z</time>
      </trkpt>
      <trkpt lat="47.554077" lon="10.072093">
        <ele>744.840443</ele>
        <time>2026-05-27T16:41:56.683Z</time>
      </trkpt>
      <trkpt lat="47.554108" lon="10.071085">
        <ele>745.362081</ele>
        <time>2026-05-27T16:42:09.337Z</time>
      </trkpt>
      <trkpt lat="47.554215" lon="10.070249">
        <ele>745.714054</ele>
        <time>2026-05-27T16:42:20.471Z</time>
      </trkpt>
      <trkpt lat="47.554586" lon="10.067790">
        <ele>746.298019</ele>
        <time>2026-05-27T16:42:47.591Z</time>
      </trkpt>
      <trkpt lat="47.554761" lon="10.066373">
        <ele>746.447958</ele>
        <time>2026-05-27T16:43:00.807Z</time>
      </trkpt>
      <trkpt lat="47.554823" lon="10.065598">
        <ele>746.529190</ele>
        <time>2026-05-27T16:43:09.103Z</time>
      </trkpt>
      <trkpt lat="47.554830" lon="10.065336">
        <ele>746.556482</ele>
        <time>2026-05-27T16:43:12.221Z</time>
      </trkpt>
      <trkpt lat="47.554839" lon="10.065004">
        <ele>746.900825</ele>
        <time>2026-05-27T16:43:16.464Z</time>
      </trkpt>
      <trkpt lat="47.554826" lon="10.063629">
        <ele>748.359819</ele>
        <time>2026-05-27T16:43:36.937Z</time>
      </trkpt>
      <trkpt lat="47.554699" lon="10.061027">
        <ele>750.779773</ele>
        <time>2026-05-27T16:44:15.723Z</time>
      </trkpt>
      <trkpt lat="47.554662" lon="10.060004">
        <ele>751.647200</ele>
        <time>2026-05-27T16:44:28.024Z</time>
      </trkpt>
      <trkpt lat="47.554666" lon="10.059568">
        <ele>751.439511</ele>
        <time>2026-05-27T16:44:32.246Z</time>
      </trkpt>
      <trkpt lat="47.554668" lon="10.059394">
        <ele>751.356622</ele>
        <time>2026-05-27T16:44:33.814Z</time>
      </trkpt>
      <trkpt lat="47.554668" lon="10.059084">
        <ele>751.208967</ele>
        <time>2026-05-27T16:44:36.493Z</time>
      </trkpt>
      <trkpt lat="47.554675" lon="10.058294">
        <ele>750.832652</ele>
        <time>2026-05-27T16:44:42.977Z</time>
      </trkpt>
      <trkpt lat="47.554634" lon="10.057187">
        <ele>750.350868</ele>
        <time>2026-05-27T16:44:51.808Z</time>
      </trkpt>
      <trkpt lat="47.554565" lon="10.056445">
        <ele>750.216914</ele>
        <time>2026-05-27T16:44:57.998Z</time>
      </trkpt>
      <trkpt lat="47.554423" lon="10.055430">
        <ele>750.031531</ele>
        <time>2026-05-27T16:45:07.693Z</time>
      </trkpt>
      <trkpt lat="47.554363" lon="10.055129">
        <ele>749.975401</ele>
        <time>2026-05-27T16:45:11.074Z</time>
      </trkpt>
      <trkpt lat="47.554090" lon="10.053978">
        <ele>750.864192</ele>
        <time>2026-05-27T16:45:26.208Z</time>
      </trkpt>
      <trkpt lat="47.553852" lon="10.053213">
        <ele>751.864840</ele>
        <time>2026-05-27T16:45:38.199Z</time>
      </trkpt>
      <trkpt lat="47.553660" lon="10.052657">
        <ele>752.606750</ele>
        <time>2026-05-27T16:45:49.207Z</time>
      </trkpt>
      <trkpt lat="47.553658" lon="10.052652">
        <ele>752.613655</ele>
        <time>2026-05-27T16:45:49.330Z</time>
      </trkpt>
      <trkpt lat="47.553401" lon="10.052164">
        <ele>753.641334</ele>
        <time>2026-05-27T16:46:00.926Z</time>
      </trkpt>
      <trkpt lat="47.553307" lon="10.051979">
        <ele>754.202567</ele>
        <time>2026-05-27T16:46:04.608Z</time>
      </trkpt>
      <trkpt lat="47.553245" lon="10.051807">
        <ele>754.675163</ele>
        <time>2026-05-27T16:46:07.611Z</time>
      </trkpt>
      <trkpt lat="47.553205" lon="10.051695">
        <ele>754.982273</ele>
        <time>2026-05-27T16:46:09.532Z</time>
      </trkpt>
      <trkpt lat="47.553252" lon="10.051566">
        <ele>755.337570</ele>
        <time>2026-05-27T16:46:11.929Z</time>
      </trkpt>
      <trkpt lat="47.553264" lon="10.051420">
        <ele>755.694034</ele>
        <time>2026-05-27T16:46:14.493Z</time>
      </trkpt>
      <trkpt lat="47.553241" lon="10.051290">
        <ele>756.019752</ele>
        <time>2026-05-27T16:46:16.773Z</time>
      </trkpt>
      <trkpt lat="47.553132" lon="10.051111">
        <ele>756.604066</ele>
        <time>2026-05-27T16:46:21.165Z</time>
      </trkpt>
      <trkpt lat="47.553017" lon="10.051061">
        <ele>757.034451</ele>
        <time>2026-05-27T16:46:24.515Z</time>
      </trkpt>
      <trkpt lat="47.552917" lon="10.051082">
        <ele>757.397147</ele>
        <time>2026-05-27T16:46:27.537Z</time>
      </trkpt>
      <trkpt lat="47.552829" lon="10.051158">
        <ele>757.762925</ele>
        <time>2026-05-27T16:46:30.508Z</time>
      </trkpt>
      <trkpt lat="47.552613" lon="10.050949">
        <ele>758.689343</ele>
        <time>2026-05-27T16:46:38.696Z</time>
      </trkpt>
      <trkpt lat="47.551555" lon="10.049510">
        <ele>766.850545</ele>
        <time>2026-05-27T16:47:34.025Z</time>
      </trkpt>
      <trkpt lat="47.551256" lon="10.048960">
        <ele>769.752464</ele>
        <time>2026-05-27T16:47:55.973Z</time>
      </trkpt>
      <trkpt lat="47.551122" lon="10.048624">
        <ele>770.882702</ele>
        <time>2026-05-27T16:48:06.811Z</time>
      </trkpt>
      <trkpt lat="47.551022" lon="10.048285">
        <ele>771.583985</ele>
        <time>2026-05-27T16:48:16.107Z</time>
      </trkpt>
      <trkpt lat="47.550941" lon="10.047880">
        <ele>772.384677</ele>
        <time>2026-05-27T16:48:25.290Z</time>
      </trkpt>
      <trkpt lat="47.550922" lon="10.047631">
        <ele>772.859676</ele>
        <time>2026-05-27T16:48:29.954Z</time>
      </trkpt>
      <trkpt lat="47.550946" lon="10.046875">
        <ele>774.294295</ele>
        <time>2026-05-27T16:48:40.646Z</time>
      </trkpt>
      <trkpt lat="47.551068" lon="10.046289">
        <ele>775.456729</ele>
        <time>2026-05-27T16:48:46.483Z</time>
      </trkpt>
      <trkpt lat="47.551477" lon="10.045295">
        <ele>775.964662</ele>
        <time>2026-05-27T16:48:56.857Z</time>
      </trkpt>
      <trkpt lat="47.551487" lon="10.045269">
        <ele>775.976245</ele>
        <time>2026-05-27T16:48:57.147Z</time>
      </trkpt>
      <trkpt lat="47.551609" lon="10.044730">
        <ele>776.196292</ele>
        <time>2026-05-27T16:49:03.408Z</time>
      </trkpt>
      <trkpt lat="47.551637" lon="10.044279">
        <ele>776.371594</ele>
        <time>2026-05-27T16:49:09.093Z</time>
      </trkpt>
      <trkpt lat="47.551617" lon="10.044018">
        <ele>776.473267</ele>
        <time>2026-05-27T16:49:12.741Z</time>
      </trkpt>
      <trkpt lat="47.551329" lon="10.042760">
        <ele>778.746847</ele>
        <time>2026-05-27T16:49:34.509Z</time>
      </trkpt>
      <trkpt lat="47.551064" lon="10.040966">
        <ele>782.465346</ele>
        <time>2026-05-27T16:50:09.973Z</time>
      </trkpt>
      <trkpt lat="47.550909" lon="10.040433">
        <ele>783.783850</ele>
        <time>2026-05-27T16:50:22.104Z</time>
      </trkpt>
      <trkpt lat="47.550629" lon="10.039730">
        <ele>785.638309</ele>
        <time>2026-05-27T16:50:39.191Z</time>
      </trkpt>
      <trkpt lat="47.550288" lon="10.039027">
        <ele>787.605094</ele>
        <time>2026-05-27T16:50:55.874Z</time>
      </trkpt>
      <trkpt lat="47.549799" lon="10.038177">
        <ele>788.497022</ele>
        <time>2026-05-27T16:51:10.937Z</time>
      </trkpt>
      <trkpt lat="47.549476" lon="10.037617">
        <ele>788.945569</ele>
        <time>2026-05-27T16:51:17.776Z</time>
      </trkpt>
      <trkpt lat="47.549334" lon="10.037291">
        <ele>789.181828</ele>
        <time>2026-05-27T16:51:21.606Z</time>
      </trkpt>
      <trkpt lat="47.549262" lon="10.036993">
        <ele>789.374564</ele>
        <time>2026-05-27T16:51:24.841Z</time>
      </trkpt>
      <trkpt lat="47.549206" lon="10.036623">
        <ele>789.718476</ele>
        <time>2026-05-27T16:51:29.218Z</time>
      </trkpt>
      <trkpt lat="47.549202" lon="10.036382">
        <ele>790.053227</ele>
        <time>2026-05-27T16:51:32.641Z</time>
      </trkpt>
      <trkpt lat="47.549265" lon="10.035661">
        <ele>791.062754</ele>
        <time>2026-05-27T16:51:45.548Z</time>
      </trkpt>
      <trkpt lat="47.549284" lon="10.034972">
        <ele>792.020288</ele>
        <time>2026-05-27T16:51:58.534Z</time>
      </trkpt>
      <trkpt lat="47.549264" lon="10.034576">
        <ele>792.571706</ele>
        <time>2026-05-27T16:52:06.071Z</time>
      </trkpt>
      <trkpt lat="47.549161" lon="10.033918">
        <ele>793.055989</ele>
        <time>2026-05-27T16:52:16.097Z</time>
      </trkpt>
      <trkpt lat="47.549079" lon="10.033240">
        <ele>792.526984</ele>
        <time>2026-05-27T16:52:22.304Z</time>
      </trkpt>
      <trkpt lat="47.549071" lon="10.032707">
        <ele>792.117533</ele>
        <time>2026-05-27T16:52:26.272Z</time>
      </trkpt>
      <trkpt lat="47.549101" lon="10.032144">
        <ele>791.683798</ele>
        <time>2026-05-27T16:52:30.274Z</time>
      </trkpt>
      <trkpt lat="47.549184" lon="10.030827">
        <ele>790.726423</ele>
        <time>2026-05-27T16:52:39.814Z</time>
      </trkpt>
      <trkpt lat="47.549175" lon="10.029098">
        <ele>789.552919</ele>
        <time>2026-05-27T16:52:55.560Z</time>
      </trkpt>
      <trkpt lat="47.549189" lon="10.028685">
        <ele>789.124903</ele>
        <time>2026-05-27T16:52:59.532Z</time>
      </trkpt>
      <trkpt lat="47.549274" lon="10.028194">
        <ele>788.217956</ele>
        <time>2026-05-27T16:53:03.803Z</time>
      </trkpt>
      <trkpt lat="47.549429" lon="10.027815">
        <ele>787.425069</ele>
        <time>2026-05-27T16:53:07.077Z</time>
      </trkpt>
      <trkpt lat="47.549529" lon="10.027638">
        <ele>787.012074</ele>
        <time>2026-05-27T16:53:08.730Z</time>
      </trkpt>
      <trkpt lat="47.549726" lon="10.027387">
        <ele>786.323305</ele>
        <time>2026-05-27T16:53:11.403Z</time>
      </trkpt>
      <trkpt lat="47.549930" lon="10.027194">
        <ele>785.681677</ele>
        <time>2026-05-27T16:53:13.789Z</time>
      </trkpt>
      <trkpt lat="47.550158" lon="10.027070">
        <ele>785.037843</ele>
        <time>2026-05-27T16:53:16.142Z</time>
      </trkpt>
      <trkpt lat="47.550911" lon="10.026843">
        <ele>782.262023</ele>
        <time>2026-05-27T16:53:23.427Z</time>
      </trkpt>
      <trkpt lat="47.551503" lon="10.026620">
        <ele>779.892034</ele>
        <time>2026-05-27T16:53:29.318Z</time>
      </trkpt>
      <trkpt lat="47.551903" lon="10.026343">
        <ele>778.178916</ele>
        <time>2026-05-27T16:53:33.852Z</time>
      </trkpt>
      <trkpt lat="47.552131" lon="10.026148">
        <ele>777.316320</ele>
        <time>2026-05-27T16:53:36.669Z</time>
      </trkpt>
      <trkpt lat="47.552336" lon="10.025904">
        <ele>776.649702</ele>
        <time>2026-05-27T16:53:39.388Z</time>
      </trkpt>
      <trkpt lat="47.552698" lon="10.025226">
        <ele>775.170543</ele>
        <time>2026-05-27T16:53:45.532Z</time>
      </trkpt>
      <trkpt lat="47.552787" lon="10.024850">
        <ele>774.488796</ele>
        <time>2026-05-27T16:53:48.676Z</time>
      </trkpt>
      <trkpt lat="47.552696" lon="10.024596">
        <ele>773.996772</ele>
        <time>2026-05-27T16:53:50.959Z</time>
      </trkpt>
      <trkpt lat="47.552571" lon="10.023573">
        <ele>771.145203</ele>
        <time>2026-05-27T16:53:58.403Z</time>
      </trkpt>
      <trkpt lat="47.552571" lon="10.023570">
        <ele>771.133499</ele>
        <time>2026-05-27T16:53:58.419Z</time>
      </trkpt>
      <trkpt lat="47.552571" lon="10.023402">
        <ele>770.478064</ele>
        <time>2026-05-27T16:53:59.470Z</time>
      </trkpt>
      <trkpt lat="47.552672" lon="10.023020">
        <ele>768.877451</ele>
        <time>2026-05-27T16:54:01.981Z</time>
      </trkpt>
      <trkpt lat="47.552677" lon="10.022901">
        <ele>768.412287</ele>
        <time>2026-05-27T16:54:02.705Z</time>
      </trkpt>
      <trkpt lat="47.552626" lon="10.022781">
        <ele>767.859030</ele>
        <time>2026-05-27T16:54:03.567Z</time>
      </trkpt>
      <trkpt lat="47.552555" lon="10.022752">
        <ele>767.433299</ele>
        <time>2026-05-27T16:54:04.223Z</time>
      </trkpt>
      <trkpt lat="47.552375" lon="10.022864">
        <ele>766.304767</ele>
        <time>2026-05-27T16:54:05.958Z</time>
      </trkpt>
      <trkpt lat="47.552236" lon="10.022937">
        <ele>765.452283</ele>
        <time>2026-05-27T16:54:07.275Z</time>
      </trkpt>
      <trkpt lat="47.552083" lon="10.022891">
        <ele>764.549828</ele>
        <time>2026-05-27T16:54:08.668Z</time>
      </trkpt>
      <trkpt lat="47.552028" lon="10.022831">
        <ele>764.155014</ele>
        <time>2026-05-27T16:54:09.284Z</time>
      </trkpt>
      <trkpt lat="47.551764" lon="10.022409">
        <ele>762.088351</ele>
        <time>2026-05-27T16:54:12.792Z</time>
      </trkpt>
      <trkpt lat="47.551578" lon="10.022163">
        <ele>760.990253</ele>
        <time>2026-05-27T16:54:15.034Z</time>
      </trkpt>
      <trkpt lat="47.551501" lon="10.021902">
        <ele>760.143528</ele>
        <time>2026-05-27T16:54:16.775Z</time>
      </trkpt>
      <trkpt lat="47.551485" lon="10.021415">
        <ele>758.694166</ele>
        <time>2026-05-27T16:54:19.895Z</time>
      </trkpt>
      <trkpt lat="47.551400" lon="10.021063">
        <ele>757.582861</ele>
        <time>2026-05-27T16:54:22.453Z</time>
      </trkpt>
      <trkpt lat="47.550788" lon="10.019264">
        <ele>752.367127</ele>
        <time>2026-05-27T16:54:36.931Z</time>
      </trkpt>
      <trkpt lat="47.550563" lon="10.018724">
        <ele>750.944593</ele>
        <time>2026-05-27T16:54:41.265Z</time>
      </trkpt>
      <trkpt lat="47.550502" lon="10.018535">
        <ele>750.474985</ele>
        <time>2026-05-27T16:54:42.676Z</time>
      </trkpt>
      <trkpt lat="47.550375" lon="10.017707">
        <ele>748.484801</ele>
        <time>2026-05-27T16:54:48.222Z</time>
      </trkpt>
      <trkpt lat="47.550292" lon="10.017452">
        <ele>747.562849</ele>
        <time>2026-05-27T16:54:50.051Z</time>
      </trkpt>
      <trkpt lat="47.550139" lon="10.017174">
        <ele>746.394685</ele>
        <time>2026-05-27T16:54:52.326Z</time>
      </trkpt>
      <trkpt lat="47.549943" lon="10.016911">
        <ele>745.118786</ele>
        <time>2026-05-27T16:54:54.787Z</time>
      </trkpt>
      <trkpt lat="47.549334" lon="10.016239">
        <ele>741.454952</ele>
        <time>2026-05-27T16:55:01.903Z</time>
      </trkpt>
      <trkpt lat="47.549147" lon="10.016068">
        <ele>740.394658</ele>
        <time>2026-05-27T16:55:03.983Z</time>
      </trkpt>
      <trkpt lat="47.548937" lon="10.015965">
        <ele>739.273181</ele>
        <time>2026-05-27T16:55:06.127Z</time>
      </trkpt>
      <trkpt lat="47.548576" lon="10.015945">
        <ele>737.405560</ele>
        <time>2026-05-27T16:55:09.641Z</time>
      </trkpt>
      <trkpt lat="47.548176" lon="10.015947">
        <ele>735.337608</ele>
        <time>2026-05-27T16:55:13.564Z</time>
      </trkpt>
      <trkpt lat="47.547992" lon="10.015905">
        <ele>734.375131</ele>
        <time>2026-05-27T16:55:15.332Z</time>
      </trkpt>
      <trkpt lat="47.547777" lon="10.015749">
        <ele>733.137470</ele>
        <time>2026-05-27T16:55:17.539Z</time>
      </trkpt>
      <trkpt lat="47.547599" lon="10.015589">
        <ele>732.061108</ele>
        <time>2026-05-27T16:55:19.427Z</time>
      </trkpt>
      <trkpt lat="47.547392" lon="10.015403">
        <ele>730.809503</ele>
        <time>2026-05-27T16:55:21.625Z</time>
      </trkpt>
      <trkpt lat="47.547390" lon="10.015402">
        <ele>730.798591</ele>
        <time>2026-05-27T16:55:21.641Z</time>
      </trkpt>
      <trkpt lat="47.547173" lon="10.015342">
        <ele>729.415956</ele>
        <time>2026-05-27T16:55:23.629Z</time>
      </trkpt>
      <trkpt lat="47.547081" lon="10.015388">
        <ele>728.806622</ele>
        <time>2026-05-27T16:55:24.502Z</time>
      </trkpt>
      <trkpt lat="47.547018" lon="10.015481">
        <ele>728.248513</ele>
        <time>2026-05-27T16:55:25.296Z</time>
      </trkpt>
      <trkpt lat="47.546969" lon="10.015638">
        <ele>727.515837</ele>
        <time>2026-05-27T16:55:26.333Z</time>
      </trkpt>
      <trkpt lat="47.546965" lon="10.015821">
        <ele>726.740274</ele>
        <time>2026-05-27T16:55:27.437Z</time>
      </trkpt>
      <trkpt lat="47.547350" lon="10.018677">
        <ele>716.122330</ele>
        <time>2026-05-27T16:55:45.503Z</time>
      </trkpt>
      <trkpt lat="47.547418" lon="10.018936">
        <ele>715.342212</ele>
        <time>2026-05-27T16:55:47.539Z</time>
      </trkpt>
      <trkpt lat="47.547499" lon="10.019054">
        <ele>714.869769</ele>
        <time>2026-05-27T16:55:48.761Z</time>
      </trkpt>
      <trkpt lat="47.547596" lon="10.019116">
        <ele>714.430416</ele>
        <time>2026-05-27T16:55:49.920Z</time>
      </trkpt>
      <trkpt lat="47.547764" lon="10.019105">
        <ele>713.731044</ele>
        <time>2026-05-27T16:55:51.699Z</time>
      </trkpt>
      <trkpt lat="47.547912" lon="10.018980">
        <ele>713.022538</ele>
        <time>2026-05-27T16:55:53.462Z</time>
      </trkpt>
      <trkpt lat="47.548074" lon="10.018707">
        <ele>712.002620</ele>
        <time>2026-05-27T16:55:55.992Z</time>
      </trkpt>
      <trkpt lat="47.548236" lon="10.018632">
        <ele>711.317211</ele>
        <time>2026-05-27T16:55:57.711Z</time>
      </trkpt>
      <trkpt lat="47.548302" lon="10.018650">
        <ele>711.046202</ele>
        <time>2026-05-27T16:55:58.383Z</time>
      </trkpt>
      <trkpt lat="47.548520" lon="10.018866">
        <ele>709.987111</ele>
        <time>2026-05-27T16:56:00.980Z</time>
      </trkpt>
      <trkpt lat="47.548670" lon="10.019118">
        <ele>709.071279</ele>
        <time>2026-05-27T16:56:03.210Z</time>
      </trkpt>
      <trkpt lat="47.548707" lon="10.019219">
        <ele>708.758045</ele>
        <time>2026-05-27T16:56:04.003Z</time>
      </trkpt>
      <trkpt lat="47.548716" lon="10.019353">
        <ele>708.390992</ele>
        <time>2026-05-27T16:56:04.915Z</time>
      </trkpt>
      <trkpt lat="47.548703" lon="10.019465">
        <ele>708.081229</ele>
        <time>2026-05-27T16:56:05.678Z</time>
      </trkpt>
      <trkpt lat="47.548562" lon="10.019804">
        <ele>706.995850</ele>
        <time>2026-05-27T16:56:08.260Z</time>
      </trkpt>
      <trkpt lat="47.548538" lon="10.019947">
        <ele>706.594200</ele>
        <time>2026-05-27T16:56:09.193Z</time>
      </trkpt>
      <trkpt lat="47.548534" lon="10.020309">
        <ele>705.607348</ele>
        <time>2026-05-27T16:56:11.484Z</time>
      </trkpt>
      <trkpt lat="47.548541" lon="10.020632">
        <ele>704.712964</ele>
        <time>2026-05-27T16:56:13.526Z</time>
      </trkpt>
      <trkpt lat="47.548552" lon="10.020818">
        <ele>703.963364</ele>
        <time>2026-05-27T16:56:14.710Z</time>
      </trkpt>
      <trkpt lat="47.548699" lon="10.021284">
        <ele>701.898270</ele>
        <time>2026-05-27T16:56:18.014Z</time>
      </trkpt>
      <trkpt lat="47.548720" lon="10.021566">
        <ele>700.759252</ele>
        <time>2026-05-27T16:56:19.844Z</time>
      </trkpt>
      <trkpt lat="47.548694" lon="10.021669">
        <ele>700.317765</ele>
        <time>2026-05-27T16:56:20.559Z</time>
      </trkpt>
      <trkpt lat="47.548599" lon="10.021776">
        <ele>699.607954</ele>
        <time>2026-05-27T16:56:21.688Z</time>
      </trkpt>
      <trkpt lat="47.548527" lon="10.021789">
        <ele>699.176527</ele>
        <time>2026-05-27T16:56:22.369Z</time>
      </trkpt>
      <trkpt lat="47.548449" lon="10.021765">
        <ele>698.702679</ele>
        <time>2026-05-27T16:56:23.131Z</time>
      </trkpt>
      <trkpt lat="47.548344" lon="10.021668">
        <ele>697.966670</ele>
        <time>2026-05-27T16:56:24.277Z</time>
      </trkpt>
      <trkpt lat="47.548156" lon="10.021529">
        <ele>696.716925</ele>
        <time>2026-05-27T16:56:26.181Z</time>
      </trkpt>
      <trkpt lat="47.547985" lon="10.021495">
        <ele>695.690691</ele>
        <time>2026-05-27T16:56:27.716Z</time>
      </trkpt>
      <trkpt lat="47.547896" lon="10.021524">
        <ele>695.148663</ele>
        <time>2026-05-27T16:56:28.526Z</time>
      </trkpt>
      <trkpt lat="47.547639" lon="10.021622">
        <ele>693.508560</ele>
        <time>2026-05-27T16:56:30.858Z</time>
      </trkpt>
      <trkpt lat="47.547630" lon="10.021626">
        <ele>693.445590</ele>
        <time>2026-05-27T16:56:30.940Z</time>
      </trkpt>
      <trkpt lat="47.547234" lon="10.021792">
        <ele>690.687548</ele>
        <time>2026-05-27T16:56:34.548Z</time>
      </trkpt>
      <trkpt lat="47.547104" lon="10.021805">
        <ele>689.814350</ele>
        <time>2026-05-27T16:56:35.697Z</time>
      </trkpt>
      <trkpt lat="47.546983" lon="10.021746">
        <ele>688.960659</ele>
        <time>2026-05-27T16:56:36.822Z</time>
      </trkpt>
      <trkpt lat="47.546878" lon="10.021584">
        <ele>687.944702</ele>
        <time>2026-05-27T16:56:38.169Z</time>
      </trkpt>
      <trkpt lat="47.546617" lon="10.020941">
        <ele>684.550644</ele>
        <time>2026-05-27T16:56:42.813Z</time>
      </trkpt>
      <trkpt lat="47.546585" lon="10.020859">
        <ele>684.122181</ele>
        <time>2026-05-27T16:56:43.405Z</time>
      </trkpt>
      <trkpt lat="47.546391" lon="10.020379">
        <ele>681.710201</ele>
        <time>2026-05-27T16:56:46.921Z</time>
      </trkpt>
      <trkpt lat="47.546262" lon="10.020058">
        <ele>680.508337</ele>
        <time>2026-05-27T16:56:49.387Z</time>
      </trkpt>
      <trkpt lat="47.546114" lon="10.019763">
        <ele>679.325850</ele>
        <time>2026-05-27T16:56:51.841Z</time>
      </trkpt>
      <trkpt lat="47.546030" lon="10.019657">
        <ele>678.799945</ele>
        <time>2026-05-27T16:56:52.917Z</time>
      </trkpt>
      <trkpt lat="47.545936" lon="10.019596">
        <ele>678.310831</ele>
        <time>2026-05-27T16:56:53.922Z</time>
      </trkpt>
      <trkpt lat="47.545808" lon="10.019585">
        <ele>677.699739</ele>
        <time>2026-05-27T16:56:55.157Z</time>
      </trkpt>
      <trkpt lat="47.545425" lon="10.019703">
        <ele>675.835250</ele>
        <time>2026-05-27T16:56:58.873Z</time>
      </trkpt>
      <trkpt lat="47.545351" lon="10.019700">
        <ele>675.482423</ele>
        <time>2026-05-27T16:56:59.577Z</time>
      </trkpt>
      <trkpt lat="47.545164" lon="10.019645">
        <ele>674.573759</ele>
        <time>2026-05-27T16:57:01.394Z</time>
      </trkpt>
      <trkpt lat="47.544865" lon="10.019476">
        <ele>672.995851</ele>
        <time>2026-05-27T16:57:04.380Z</time>
      </trkpt>
      <trkpt lat="47.544638" lon="10.019289">
        <ele>671.587206</ele>
        <time>2026-05-27T16:57:06.777Z</time>
      </trkpt>
      <trkpt lat="47.544519" lon="10.019135">
        <ele>670.730257</ele>
        <time>2026-05-27T16:57:08.227Z</time>
      </trkpt>
      <trkpt lat="47.544407" lon="10.018960">
        <ele>669.847423</ele>
        <time>2026-05-27T16:57:09.719Z</time>
      </trkpt>
      <trkpt lat="47.544312" lon="10.018795">
        <ele>669.053492</ele>
        <time>2026-05-27T16:57:11.044Z</time>
      </trkpt>
      <trkpt lat="47.544125" lon="10.018332">
        <ele>667.078255</ele>
        <time>2026-05-27T16:57:14.372Z</time>
      </trkpt>
      <trkpt lat="47.543756" lon="10.016910">
        <ele>662.444550</ele>
        <time>2026-05-27T16:57:24.158Z</time>
      </trkpt>
      <trkpt lat="47.543486" lon="10.016299">
        <ele>660.931140</ele>
        <time>2026-05-27T16:57:29.050Z</time>
      </trkpt>
      <trkpt lat="47.543164" lon="10.015792">
        <ele>659.488498</ele>
        <time>2026-05-27T16:57:33.988Z</time>
      </trkpt>
      <trkpt lat="47.542932" lon="10.015525">
        <ele>658.586569</ele>
        <time>2026-05-27T16:57:37.308Z</time>
      </trkpt>
      <trkpt lat="47.542673" lon="10.015257">
        <ele>657.890522</ele>
        <time>2026-05-27T16:57:41.032Z</time>
      </trkpt>
      <trkpt lat="47.542306" lon="10.014893">
        <ele>657.226295</ele>
        <time>2026-05-27T16:57:46.288Z</time>
      </trkpt>
      <trkpt lat="47.542249" lon="10.014822">
        <ele>657.114294</ele>
        <time>2026-05-27T16:57:47.158Z</time>
      </trkpt>
      <trkpt lat="47.541835" lon="10.014284">
        <ele>656.286051</ele>
        <time>2026-05-27T16:57:53.412Z</time>
      </trkpt>
      <trkpt lat="47.541483" lon="10.013616">
        <ele>655.440813</ele>
        <time>2026-05-27T16:57:59.957Z</time>
      </trkpt>
      <trkpt lat="47.541226" lon="10.012907">
        <ele>655.165538</ele>
        <time>2026-05-27T16:58:06.106Z</time>
      </trkpt>
      <trkpt lat="47.540869" lon="10.011499">
        <ele>654.651056</ele>
        <time>2026-05-27T16:58:19.927Z</time>
      </trkpt>
      <trkpt lat="47.540506" lon="10.010113">
        <ele>655.412708</ele>
        <time>2026-05-27T16:58:39.176Z</time>
      </trkpt>
      <trkpt lat="47.540047" lon="10.008619">
        <ele>656.520098</ele>
        <time>2026-05-27T16:59:02.702Z</time>
      </trkpt>
      <trkpt lat="47.539479" lon="10.007064">
        <ele>655.983163</ele>
        <time>2026-05-27T16:59:20.640Z</time>
      </trkpt>
      <trkpt lat="47.539185" lon="10.006386">
        <ele>655.673676</ele>
        <time>2026-05-27T16:59:26.691Z</time>
      </trkpt>
      <trkpt lat="47.539078" lon="10.006158">
        <ele>655.139994</ele>
        <time>2026-05-27T16:59:28.669Z</time>
      </trkpt>
      <trkpt lat="47.538977" lon="10.005923">
        <ele>654.604575</ele>
        <time>2026-05-27T16:59:30.610Z</time>
      </trkpt>
      <trkpt lat="47.538280" lon="10.004567">
        <ele>651.328957</ele>
        <time>2026-05-27T16:59:42.167Z</time>
      </trkpt>
      <trkpt lat="47.537732" lon="10.003591">
        <ele>649.443910</ele>
        <time>2026-05-27T16:59:51.282Z</time>
      </trkpt>
      <trkpt lat="47.537286" lon="10.002683">
        <ele>647.973509</ele>
        <time>2026-05-27T16:59:59.897Z</time>
      </trkpt>
      <trkpt lat="47.537205" lon="10.002483">
        <ele>647.668102</ele>
        <time>2026-05-27T17:00:01.785Z</time>
      </trkpt>
      <trkpt lat="47.536988" lon="10.001902">
        <ele>646.765355</ele>
        <time>2026-05-27T17:00:07.018Z</time>
      </trkpt>
      <trkpt lat="47.536840" lon="10.001406">
        <ele>645.986274</ele>
        <time>2026-05-27T17:00:11.060Z</time>
      </trkpt>
      <trkpt lat="47.536780" lon="10.001196">
        <ele>645.658670</ele>
        <time>2026-05-27T17:00:12.696Z</time>
      </trkpt>
      <trkpt lat="47.536366" lon="9.999688">
        <ele>643.319894</ele>
        <time>2026-05-27T17:00:24.229Z</time>
      </trkpt>
      <trkpt lat="47.536271" lon="9.999413">
        <ele>643.242432</ele>
        <time>2026-05-27T17:00:26.476Z</time>
      </trkpt>
      <trkpt lat="47.536154" lon="9.999071">
        <ele>643.152759</ele>
        <time>2026-05-27T17:00:29.361Z</time>
      </trkpt>
      <trkpt lat="47.534463" lon="9.994721">
        <ele>643.587170</ele>
        <time>2026-05-27T17:01:25.341Z</time>
      </trkpt>
      <trkpt lat="47.533893" lon="9.993328">
        <ele>643.923002</ele>
        <time>2026-05-27T17:01:44.450Z</time>
      </trkpt>
      <trkpt lat="47.532717" lon="9.990575">
        <ele>643.570382</ele>
        <time>2026-05-27T17:02:14.090Z</time>
      </trkpt>
      <trkpt lat="47.531962" lon="9.988986">
        <ele>644.414572</ele>
        <time>2026-05-27T17:02:35.258Z</time>
      </trkpt>
      <trkpt lat="47.531270" lon="9.987561">
        <ele>646.627717</ele>
        <time>2026-05-27T17:03:01.050Z</time>
      </trkpt>
      <trkpt lat="47.530831" lon="9.986522">
        <ele>648.968683</ele>
        <time>2026-05-27T17:03:24.139Z</time>
      </trkpt>
      <trkpt lat="47.530600" lon="9.985724">
        <ele>650.818167</ele>
        <time>2026-05-27T17:03:42.334Z</time>
      </trkpt>
      <trkpt lat="47.530481" lon="9.985251">
        <ele>652.022186</ele>
        <time>2026-05-27T17:03:52.993Z</time>
      </trkpt>
      <trkpt lat="47.530245" lon="9.983635">
        <ele>655.965958</ele>
        <time>2026-05-27T17:04:25.761Z</time>
      </trkpt>
      <trkpt lat="47.530144" lon="9.983159">
        <ele>656.500292</ele>
        <time>2026-05-27T17:04:34.074Z</time>
      </trkpt>
      <trkpt lat="47.529901" lon="9.982423">
        <ele>657.095647</ele>
        <time>2026-05-27T17:04:45.455Z</time>
      </trkpt>
      <trkpt lat="47.529900" lon="9.982420">
        <ele>657.098078</ele>
        <time>2026-05-27T17:04:45.498Z</time>
      </trkpt>
      <trkpt lat="47.529688" lon="9.981953">
        <ele>657.507009</ele>
        <time>2026-05-27T17:04:51.891Z</time>
      </trkpt>
      <trkpt lat="47.529316" lon="9.981366">
        <ele>658.092029</ele>
        <time>2026-05-27T17:05:00.171Z</time>
      </trkpt>
      <trkpt lat="47.528874" lon="9.980899">
        <ele>658.207377</ele>
        <time>2026-05-27T17:05:07.916Z</time>
      </trkpt>
      <trkpt lat="47.528505" lon="9.980629">
        <ele>658.256605</ele>
        <time>2026-05-27T17:05:13.940Z</time>
      </trkpt>
      <trkpt lat="47.527479" lon="9.980118">
        <ele>658.201390</ele>
        <time>2026-05-27T17:05:31.413Z</time>
      </trkpt>
      <trkpt lat="47.527182" lon="9.979948">
        <ele>657.922730</ele>
        <time>2026-05-27T17:05:36.077Z</time>
      </trkpt>
      <trkpt lat="47.526901" lon="9.979735">
        <ele>657.646470</ele>
        <time>2026-05-27T17:05:40.367Z</time>
      </trkpt>
      <trkpt lat="47.526333" lon="9.979134">
        <ele>657.035541</ele>
        <time>2026-05-27T17:05:48.819Z</time>
      </trkpt>
      <trkpt lat="47.525892" lon="9.978667">
        <ele>656.023982</ele>
        <time>2026-05-27T17:05:54.724Z</time>
      </trkpt>
      <trkpt lat="47.525231" lon="9.977968">
        <ele>653.643799</ele>
        <time>2026-05-27T17:06:02.932Z</time>
      </trkpt>
      <trkpt lat="47.525228" lon="9.977964">
        <ele>653.631969</ele>
        <time>2026-05-27T17:06:02.974Z</time>
      </trkpt>
      <trkpt lat="47.524858" lon="9.977467">
        <ele>652.168118</ele>
        <time>2026-05-27T17:06:07.884Z</time>
      </trkpt>
      <trkpt lat="47.524680" lon="9.977096">
        <ele>651.431112</ele>
        <time>2026-05-27T17:06:10.974Z</time>
      </trkpt>
      <trkpt lat="47.524520" lon="9.976702">
        <ele>651.113247</ele>
        <time>2026-05-27T17:06:14.339Z</time>
      </trkpt>
      <trkpt lat="47.524413" lon="9.976359">
        <ele>650.852022</ele>
        <time>2026-05-27T17:06:17.406Z</time>
      </trkpt>
      <trkpt lat="47.524302" lon="9.975847">
        <ele>650.480240</ele>
        <time>2026-05-27T17:06:22.300Z</time>
      </trkpt>
      <trkpt lat="47.524135" lon="9.975087">
        <ele>649.927672</ele>
        <time>2026-05-27T17:06:30.432Z</time>
      </trkpt>
      <trkpt lat="47.523913" lon="9.974409">
        <ele>649.189610</ele>
        <time>2026-05-27T17:06:37.976Z</time>
      </trkpt>
      <trkpt lat="47.523586" lon="9.973744">
        <ele>648.164729</ele>
        <time>2026-05-27T17:06:44.779Z</time>
      </trkpt>
      <trkpt lat="47.523360" lon="9.973341">
        <ele>647.512084</ele>
        <time>2026-05-27T17:06:48.478Z</time>
      </trkpt>
      <trkpt lat="47.523080" lon="9.972959">
        <ele>646.809684</ele>
        <time>2026-05-27T17:06:52.229Z</time>
      </trkpt>
      <trkpt lat="47.522987" lon="9.972872">
        <ele>646.606734</ele>
        <time>2026-05-27T17:06:53.332Z</time>
      </trkpt>
      <trkpt lat="47.522734" lon="9.972644">
        <ele>646.249354</ele>
        <time>2026-05-27T17:06:56.375Z</time>
      </trkpt>
      <trkpt lat="47.522385" lon="9.972185">
        <ele>645.933180</ele>
        <time>2026-05-27T17:07:01.535Z</time>
      </trkpt>
      <trkpt lat="47.522276" lon="9.972134">
        <ele>645.855750</ele>
        <time>2026-05-27T17:07:02.876Z</time>
      </trkpt>
      <trkpt lat="47.521971" lon="9.972105">
        <ele>645.648731</ele>
        <time>2026-05-27T17:07:06.782Z</time>
      </trkpt>
      <trkpt lat="47.521826" lon="9.972056">
        <ele>645.547988</ele>
        <time>2026-05-27T17:07:08.893Z</time>
      </trkpt>
      <trkpt lat="47.521686" lon="9.971925">
        <ele>645.435812</ele>
        <time>2026-05-27T17:07:11.445Z</time>
      </trkpt>
      <trkpt lat="47.521389" lon="9.971539">
        <ele>645.168141</ele>
        <time>2026-05-27T17:07:19.118Z</time>
      </trkpt>
      <trkpt lat="47.521178" lon="9.971241">
        <ele>645.448031</ele>
        <time>2026-05-27T17:07:26.363Z</time>
      </trkpt>
      <trkpt lat="47.520694" lon="9.970441">
        <ele>646.335987</ele>
        <time>2026-05-27T17:07:42.091Z</time>
      </trkpt>
      <trkpt lat="47.520641" lon="9.970331">
        <ele>646.447698</ele>
        <time>2026-05-27T17:07:43.668Z</time>
      </trkpt>
      <trkpt lat="47.520434" lon="9.970117">
        <ele>646.756751</ele>
        <time>2026-05-27T17:07:47.368Z</time>
      </trkpt>
      <trkpt lat="47.520336" lon="9.970061">
        <ele>646.885343</ele>
        <time>2026-05-27T17:07:48.776Z</time>
      </trkpt>
      <trkpt lat="47.520194" lon="9.969889">
        <ele>647.109926</ele>
        <time>2026-05-27T17:07:51.451Z</time>
      </trkpt>
      <trkpt lat="47.519902" lon="9.969231">
        <ele>647.837666</ele>
        <time>2026-05-27T17:08:01.786Z</time>
      </trkpt>
      <trkpt lat="47.519869" lon="9.969169">
        <ele>647.914915</ele>
        <time>2026-05-27T17:08:03.063Z</time>
      </trkpt>
      <trkpt lat="47.519697" lon="9.969031">
        <ele>648.198375</ele>
        <time>2026-05-27T17:08:08.448Z</time>
      </trkpt>
      <trkpt lat="47.519596" lon="9.969007">
        <ele>648.346596</ele>
        <time>2026-05-27T17:08:11.470Z</time>
      </trkpt>
      <trkpt lat="47.519303" lon="9.969035">
        <ele>648.772034</ele>
        <time>2026-05-27T17:08:20.842Z</time>
      </trkpt>
      <trkpt lat="47.519082" lon="9.969118">
        <ele>649.102402</ele>
        <time>2026-05-27T17:08:26.932Z</time>
      </trkpt>
      <trkpt lat="47.518929" lon="9.969092">
        <ele>649.325553</ele>
        <time>2026-05-27T17:08:30.233Z</time>
      </trkpt>
      <trkpt lat="47.518875" lon="9.969066">
        <ele>649.407831</ele>
        <time>2026-05-27T17:08:31.259Z</time>
      </trkpt>
      <trkpt lat="47.518766" lon="9.968948">
        <ele>649.603481</ele>
        <time>2026-05-27T17:08:33.501Z</time>
      </trkpt>
      <trkpt lat="47.518677" lon="9.968779">
        <ele>649.813198</ele>
        <time>2026-05-27T17:08:35.685Z</time>
      </trkpt>
      <trkpt lat="47.518652" lon="9.968719">
        <ele>649.882188</ele>
        <time>2026-05-27T17:08:36.352Z</time>
      </trkpt>
      <trkpt lat="47.518570" lon="9.968457">
        <ele>649.067529</ele>
        <time>2026-05-27T17:08:38.812Z</time>
      </trkpt>
      <trkpt lat="47.518492" lon="9.968051">
        <ele>647.382306</ele>
        <time>2026-05-27T17:08:41.779Z</time>
      </trkpt>
      <trkpt lat="47.518483" lon="9.967555">
        <ele>645.401362</ele>
        <time>2026-05-27T17:08:44.934Z</time>
      </trkpt>
      <trkpt lat="47.518521" lon="9.967178">
        <ele>643.879556</ele>
        <time>2026-05-27T17:08:47.219Z</time>
      </trkpt>
      <trkpt lat="47.518578" lon="9.966703">
        <ele>641.953465</ele>
        <time>2026-05-27T17:08:50.016Z</time>
      </trkpt>
      <trkpt lat="47.518582" lon="9.966281">
        <ele>640.268510</ele>
        <time>2026-05-27T17:08:52.469Z</time>
      </trkpt>
      <trkpt lat="47.518555" lon="9.966040">
        <ele>639.292881</ele>
        <time>2026-05-27T17:08:53.916Z</time>
      </trkpt>
      <trkpt lat="47.518441" lon="9.965569">
        <ele>637.267863</ele>
        <time>2026-05-27T17:08:56.949Z</time>
      </trkpt>
      <trkpt lat="47.517902" lon="9.964480">
        <ele>631.803366</ele>
        <time>2026-05-27T17:09:05.453Z</time>
      </trkpt>
      <trkpt lat="47.517503" lon="9.963353">
        <ele>627.339815</ele>
        <time>2026-05-27T17:09:13.529Z</time>
      </trkpt>
      <trkpt lat="47.517260" lon="9.962807">
        <ele>625.657958</ele>
        <time>2026-05-27T17:09:17.687Z</time>
      </trkpt>
      <trkpt lat="47.516913" lon="9.962277">
        <ele>623.759344</ele>
        <time>2026-05-27T17:09:22.547Z</time>
      </trkpt>
      <trkpt lat="47.516692" lon="9.962050">
        <ele>622.734996</ele>
        <time>2026-05-27T17:09:25.293Z</time>
      </trkpt>
      <trkpt lat="47.516464" lon="9.961860">
        <ele>621.738602</ele>
        <time>2026-05-27T17:09:28.073Z</time>
      </trkpt>
      <trkpt lat="47.515701" lon="9.961434">
        <ele>622.041765</ele>
        <time>2026-05-27T17:09:38.362Z</time>
      </trkpt>
      <trkpt lat="47.515330" lon="9.961143">
        <ele>622.227586</ele>
        <time>2026-05-27T17:09:46.550Z</time>
      </trkpt>
      <trkpt lat="47.515139" lon="9.960940">
        <ele>622.331647</ele>
        <time>2026-05-27T17:09:51.811Z</time>
      </trkpt>
      <trkpt lat="47.514955" lon="9.960697">
        <ele>622.440774</ele>
        <time>2026-05-27T17:09:57.711Z</time>
      </trkpt>
      <trkpt lat="47.514847" lon="9.960507">
        <ele>622.677308</ele>
        <time>2026-05-27T17:10:01.928Z</time>
      </trkpt>
      <trkpt lat="47.514164" lon="9.959115">
        <ele>625.794585</ele>
        <time>2026-05-27T17:10:32.230Z</time>
      </trkpt>
      <trkpt lat="47.513859" lon="9.958643">
        <ele>626.978110</ele>
        <time>2026-05-27T17:10:42.094Z</time>
      </trkpt>
      <trkpt lat="47.513633" lon="9.958372">
        <ele>628.212323</ele>
        <time>2026-05-27T17:10:49.360Z</time>
      </trkpt>
      <trkpt lat="47.513274" lon="9.957998">
        <ele>630.577012</ele>
        <time>2026-05-27T17:11:03.438Z</time>
      </trkpt>
      <trkpt lat="47.513087" lon="9.957847">
        <ele>631.724455</ele>
        <time>2026-05-27T17:11:10.697Z</time>
      </trkpt>
      <trkpt lat="47.512927" lon="9.957715">
        <ele>632.711147</ele>
        <time>2026-05-27T17:11:17.311Z</time>
      </trkpt>
      <trkpt lat="47.512481" lon="9.957344">
        <ele>635.466975</ele>
        <time>2026-05-27T17:11:38.036Z</time>
      </trkpt>
      <trkpt lat="47.512293" lon="9.957160">
        <ele>636.681006</ele>
        <time>2026-05-27T17:11:48.167Z</time>
      </trkpt>
      <trkpt lat="47.511618" lon="9.956383">
        <ele>641.704384</ele>
        <time>2026-05-27T17:12:29.838Z</time>
      </trkpt>
      <trkpt lat="47.511166" lon="9.955675">
        <ele>645.594047</ele>
        <time>2026-05-27T17:12:55.258Z</time>
      </trkpt>
      <trkpt lat="47.510991" lon="9.955301">
        <ele>647.410613</ele>
        <time>2026-05-27T17:13:04.155Z</time>
      </trkpt>
      <trkpt lat="47.510944" lon="9.955132">
        <ele>647.466482</ele>
        <time>2026-05-27T17:13:07.077Z</time>
      </trkpt>
      <trkpt lat="47.510921" lon="9.954778">
        <ele>647.014744</ele>
        <time>2026-05-27T17:13:11.710Z</time>
      </trkpt>
      <trkpt lat="47.510994" lon="9.954411">
        <ele>646.528775</ele>
        <time>2026-05-27T17:13:15.201Z</time>
      </trkpt>
      <trkpt lat="47.511204" lon="9.953682">
        <ele>645.522081</ele>
        <time>2026-05-27T17:13:20.890Z</time>
      </trkpt>
      <trkpt lat="47.511233" lon="9.953324">
        <ele>645.064081</ele>
        <time>2026-05-27T17:13:23.294Z</time>
      </trkpt>
      <trkpt lat="47.511169" lon="9.952882">
        <ele>644.489885</ele>
        <time>2026-05-27T17:13:26.173Z</time>
      </trkpt>
      <trkpt lat="47.511033" lon="9.952526">
        <ele>643.783265</ele>
        <time>2026-05-27T17:13:28.742Z</time>
      </trkpt>
      <trkpt lat="47.510876" lon="9.952319">
        <ele>643.120150</ele>
        <time>2026-05-27T17:13:30.697Z</time>
      </trkpt>
      <trkpt lat="47.510833" lon="9.952268">
        <ele>642.946364</ele>
        <time>2026-05-27T17:13:31.207Z</time>
      </trkpt>
      <trkpt lat="47.510688" lon="9.952138">
        <ele>642.411682</ele>
        <time>2026-05-27T17:13:32.785Z</time>
      </trkpt>
      <trkpt lat="47.510343" lon="9.951956">
        <ele>641.256468</ele>
        <time>2026-05-27T17:13:36.267Z</time>
      </trkpt>
      <trkpt lat="47.509797" lon="9.951723">
        <ele>639.464164</ele>
        <time>2026-05-27T17:13:42.074Z</time>
      </trkpt>
      <trkpt lat="47.509534" lon="9.951559">
        <ele>638.591656</ele>
        <time>2026-05-27T17:13:45.613Z</time>
      </trkpt>
      <trkpt lat="47.509240" lon="9.951322">
        <ele>640.655904</ele>
        <time>2026-05-27T17:13:52.496Z</time>
      </trkpt>
      <trkpt lat="47.508963" lon="9.951024">
        <ele>642.767352</ele>
        <time>2026-05-27T17:14:03.116Z</time>
      </trkpt>
      <trkpt lat="47.507438" lon="9.948880">
        <ele>656.459344</ele>
        <time>2026-05-27T17:15:52.160Z</time>
      </trkpt>
      <trkpt lat="47.506521" lon="9.947234">
        <ele>662.559439</ele>
        <time>2026-05-27T17:16:37.973Z</time>
      </trkpt>
      <trkpt lat="47.506091" lon="9.946558">
        <ele>663.041639</ele>
        <time>2026-05-27T17:16:45.474Z</time>
      </trkpt>
      <trkpt lat="47.505670" lon="9.945989">
        <ele>663.513380</ele>
        <time>2026-05-27T17:16:51.669Z</time>
      </trkpt>
      <trkpt lat="47.505444" lon="9.945764">
        <ele>664.075678</ele>
        <time>2026-05-27T17:16:55.103Z</time>
      </trkpt>
      <trkpt lat="47.505331" lon="9.945707">
        <ele>664.322147</ele>
        <time>2026-05-27T17:16:57.203Z</time>
      </trkpt>
      <trkpt lat="47.505190" lon="9.945665">
        <ele>664.619087</ele>
        <time>2026-05-27T17:17:00.339Z</time>
      </trkpt>
      <trkpt lat="47.505048" lon="9.945674">
        <ele>664.912525</ele>
        <time>2026-05-27T17:17:03.904Z</time>
      </trkpt>
      <trkpt lat="47.504899" lon="9.945723">
        <ele>665.227646</ele>
        <time>2026-05-27T17:17:08.069Z</time>
      </trkpt>
      <trkpt lat="47.504362" lon="9.946021">
        <ele>666.411665</ele>
        <time>2026-05-27T17:17:25.394Z</time>
      </trkpt>
      <trkpt lat="47.504177" lon="9.946069">
        <ele>666.799433</ele>
        <time>2026-05-27T17:17:30.979Z</time>
      </trkpt>
      <trkpt lat="47.503892" lon="9.946059">
        <ele>667.334673</ele>
        <time>2026-05-27T17:17:39.169Z</time>
      </trkpt>
      <trkpt lat="47.503585" lon="9.946035">
        <ele>667.811610</ele>
        <time>2026-05-27T17:17:47.295Z</time>
      </trkpt>
      <trkpt lat="47.503390" lon="9.946053">
        <ele>668.114717</ele>
        <time>2026-05-27T17:17:51.795Z</time>
      </trkpt>
      <trkpt lat="47.502771" lon="9.946231">
        <ele>669.092974</ele>
        <time>2026-05-27T17:18:03.419Z</time>
      </trkpt>
      <trkpt lat="47.502537" lon="9.946262">
        <ele>669.457448</ele>
        <time>2026-05-27T17:18:07.421Z</time>
      </trkpt>
      <trkpt lat="47.502130" lon="9.946207">
        <ele>670.029367</ele>
        <time>2026-05-27T17:18:14.415Z</time>
      </trkpt>
      <trkpt lat="47.501268" lon="9.946014">
        <ele>670.723685</ele>
        <time>2026-05-27T17:18:30.290Z</time>
      </trkpt>
      <trkpt lat="47.500755" lon="9.946005">
        <ele>671.132274</ele>
        <time>2026-05-27T17:18:39.954Z</time>
      </trkpt>
      <trkpt lat="47.500523" lon="9.946080">
        <ele>671.321397</ele>
        <time>2026-05-27T17:18:44.375Z</time>
      </trkpt>
      <trkpt lat="47.500011" lon="9.946340">
        <ele>671.051270</ele>
        <time>2026-05-27T17:18:53.597Z</time>
      </trkpt>
      <trkpt lat="47.499879" lon="9.946364">
        <ele>670.948669</ele>
        <time>2026-05-27T17:18:55.585Z</time>
      </trkpt>
      <trkpt lat="47.499617" lon="9.946346">
        <ele>670.746325</ele>
        <time>2026-05-27T17:18:58.924Z</time>
      </trkpt>
      <trkpt lat="47.499187" lon="9.946238">
        <ele>670.409849</ele>
        <time>2026-05-27T17:19:03.773Z</time>
      </trkpt>
      <trkpt lat="47.499077" lon="9.946217">
        <ele>670.324284</ele>
        <time>2026-05-27T17:19:05.029Z</time>
      </trkpt>
      <trkpt lat="47.498804" lon="9.946204">
        <ele>670.113562</ele>
        <time>2026-05-27T17:19:08.154Z</time>
      </trkpt>
      <trkpt lat="47.498677" lon="9.946233">
        <ele>670.014426</ele>
        <time>2026-05-27T17:19:09.658Z</time>
      </trkpt>
      <trkpt lat="47.498460" lon="9.946376">
        <ele>670.067185</ele>
        <time>2026-05-27T17:19:12.406Z</time>
      </trkpt>
      <trkpt lat="47.498177" lon="9.946603">
        <ele>670.149003</ele>
        <time>2026-05-27T17:19:16.172Z</time>
      </trkpt>
      <trkpt lat="47.497970" lon="9.946695">
        <ele>670.203941</ele>
        <time>2026-05-27T17:19:18.721Z</time>
      </trkpt>
      <trkpt lat="47.497892" lon="9.946693">
        <ele>670.223770</ele>
        <time>2026-05-27T17:19:19.605Z</time>
      </trkpt>
      <trkpt lat="47.497845" lon="9.946681">
        <ele>670.235894</ele>
        <time>2026-05-27T17:19:20.225Z</time>
      </trkpt>
      <trkpt lat="47.497218" lon="9.946429">
        <ele>670.401040</ele>
        <time>2026-05-27T17:19:32.257Z</time>
      </trkpt>
      <trkpt lat="47.496802" lon="9.946307">
        <ele>670.841386</ele>
        <time>2026-05-27T17:19:43.908Z</time>
      </trkpt>
      <trkpt lat="47.496083" lon="9.946177">
        <ele>672.451033</ele>
        <time>2026-05-27T17:20:04.079Z</time>
      </trkpt>
      <trkpt lat="47.495557" lon="9.946011">
        <ele>673.646193</ele>
        <time>2026-05-27T17:20:16.299Z</time>
      </trkpt>
      <trkpt lat="47.495452" lon="9.945969">
        <ele>673.887896</ele>
        <time>2026-05-27T17:20:18.679Z</time>
      </trkpt>
      <trkpt lat="47.495157" lon="9.945861">
        <ele>674.492379</ele>
        <time>2026-05-27T17:20:24.928Z</time>
      </trkpt>
      <trkpt lat="47.494805" lon="9.945791">
        <ele>674.724609</ele>
        <time>2026-05-27T17:20:31.489Z</time>
      </trkpt>
      <trkpt lat="47.493963" lon="9.945879">
        <ele>675.276537</ele>
        <time>2026-05-27T17:20:44.320Z</time>
      </trkpt>
      <trkpt lat="47.493653" lon="9.945888">
        <ele>675.479275</ele>
        <time>2026-05-27T17:20:49.648Z</time>
      </trkpt>
      <trkpt lat="47.493254" lon="9.945840">
        <ele>675.993336</ele>
        <time>2026-05-27T17:20:56.838Z</time>
      </trkpt>
      <trkpt lat="47.492773" lon="9.945717">
        <ele>677.101210</ele>
        <time>2026-05-27T17:21:06.600Z</time>
      </trkpt>
      <trkpt lat="47.492158" lon="9.945504">
        <ele>678.534753</ele>
        <time>2026-05-27T17:21:22.172Z</time>
      </trkpt>
      <trkpt lat="47.491455" lon="9.945286">
        <ele>680.180210</ele>
        <time>2026-05-27T17:21:43.246Z</time>
      </trkpt>
      <trkpt lat="47.491032" lon="9.945210">
        <ele>681.180549</ele>
        <time>2026-05-27T17:21:55.556Z</time>
      </trkpt>
      <trkpt lat="47.490755" lon="9.945155">
        <ele>681.836670</ele>
        <time>2026-05-27T17:22:03.329Z</time>
      </trkpt>
      <trkpt lat="47.490611" lon="9.945088">
        <ele>682.191042</ele>
        <time>2026-05-27T17:22:07.283Z</time>
      </trkpt>
      <trkpt lat="47.490519" lon="9.945029">
        <ele>682.426431</ele>
        <time>2026-05-27T17:22:09.794Z</time>
      </trkpt>
      <trkpt lat="47.490347" lon="9.944838">
        <ele>682.931258</ele>
        <time>2026-05-27T17:22:14.815Z</time>
      </trkpt>
      <trkpt lat="47.490225" lon="9.944608">
        <ele>683.395102</ele>
        <time>2026-05-27T17:22:18.877Z</time>
      </trkpt>
      <trkpt lat="47.490099" lon="9.944233">
        <ele>683.747476</ele>
        <time>2026-05-27T17:22:24.042Z</time>
      </trkpt>
      <trkpt lat="47.489907" lon="9.943509">
        <ele>681.654527</ele>
        <time>2026-05-27T17:22:30.520Z</time>
      </trkpt>
      <trkpt lat="47.489715" lon="9.943134">
        <ele>680.388437</ele>
        <time>2026-05-27T17:22:33.923Z</time>
      </trkpt>
      <trkpt lat="47.489478" lon="9.942844">
        <ele>679.163760</ele>
        <time>2026-05-27T17:22:37.071Z</time>
      </trkpt>
      <trkpt lat="47.489329" lon="9.942720">
        <ele>678.482992</ele>
        <time>2026-05-27T17:22:38.693Z</time>
      </trkpt>
      <trkpt lat="47.489096" lon="9.942605">
        <ele>677.504844</ele>
        <time>2026-05-27T17:22:40.883Z</time>
      </trkpt>
      <trkpt lat="47.488493" lon="9.942458">
        <ele>674.194885</ele>
        <time>2026-05-27T17:22:46.061Z</time>
      </trkpt>
      <trkpt lat="47.488410" lon="9.942408">
        <ele>673.655115</ele>
        <time>2026-05-27T17:22:46.824Z</time>
      </trkpt>
      <trkpt lat="47.488325" lon="9.942302">
        <ele>672.985589</ele>
        <time>2026-05-27T17:22:47.769Z</time>
      </trkpt>
      <trkpt lat="47.488230" lon="9.942095">
        <ele>671.967115</ele>
        <time>2026-05-27T17:22:49.222Z</time>
      </trkpt>
      <trkpt lat="47.488202" lon="9.941873">
        <ele>671.047925</ele>
        <time>2026-05-27T17:22:50.543Z</time>
      </trkpt>
      <trkpt lat="47.488202" lon="9.941741">
        <ele>670.510658</ele>
        <time>2026-05-27T17:22:51.319Z</time>
      </trkpt>
      <trkpt lat="47.488262" lon="9.941470">
        <ele>669.349937</ele>
        <time>2026-05-27T17:22:53.015Z</time>
      </trkpt>
      <trkpt lat="47.489047" lon="9.939048">
        <ele>670.457842</ele>
        <time>2026-05-27T17:23:31.839Z</time>
      </trkpt>
      <trkpt lat="47.489228" lon="9.938589">
        <ele>671.753540</ele>
        <time>2026-05-27T17:23:49.031Z</time>
      </trkpt>
      <trkpt lat="47.489454" lon="9.938234">
        <ele>673.462717</ele>
        <time>2026-05-27T17:24:04.743Z</time>
      </trkpt>
      <trkpt lat="47.489863" lon="9.937691">
        <ele>677.482729</ele>
        <time>2026-05-27T17:24:31.690Z</time>
      </trkpt>
      <trkpt lat="47.490038" lon="9.937444">
        <ele>679.252016</ele>
        <time>2026-05-27T17:24:42.915Z</time>
      </trkpt>
      <trkpt lat="47.490328" lon="9.936908">
        <ele>682.646611</ele>
        <time>2026-05-27T17:25:02.339Z</time>
      </trkpt>
      <trkpt lat="47.490392" lon="9.936644">
        <ele>684.033200</ele>
        <time>2026-05-27T17:25:10.071Z</time>
      </trkpt>
      <trkpt lat="47.490374" lon="9.936313">
        <ele>685.658547</ele>
        <time>2026-05-27T17:25:19.187Z</time>
      </trkpt>
      <trkpt lat="47.490319" lon="9.936164">
        <ele>686.324314</ele>
        <time>2026-05-27T17:25:23.870Z</time>
      </trkpt>
      <trkpt lat="47.490230" lon="9.936029">
        <ele>687.063903</ele>
        <time>2026-05-27T17:25:29.056Z</time>
      </trkpt>
      <trkpt lat="47.490058" lon="9.935912">
        <ele>688.162440</ele>
        <time>2026-05-27T17:25:36.763Z</time>
      </trkpt>
      <trkpt lat="47.489340" lon="9.935687">
        <ele>692.421507</ele>
        <time>2026-05-27T17:26:05.088Z</time>
      </trkpt>
      <trkpt lat="47.489223" lon="9.935653">
        <ele>693.113444</ele>
        <time>2026-05-27T17:26:09.410Z</time>
      </trkpt>
      <trkpt lat="47.488234" lon="9.935347">
        <ele>698.727758</ele>
        <time>2026-05-27T17:26:45.031Z</time>
      </trkpt>
      <trkpt lat="47.487735" lon="9.935249">
        <ele>701.401661</ele>
        <time>2026-05-27T17:27:03.236Z</time>
      </trkpt>
      <trkpt lat="47.487088" lon="9.935124">
        <ele>704.867658</ele>
        <time>2026-05-27T17:27:26.805Z</time>
      </trkpt>
      <trkpt lat="47.486778" lon="9.935042">
        <ele>706.684536</ele>
        <time>2026-05-27T17:27:38.181Z</time>
      </trkpt>
      <trkpt lat="47.486545" lon="9.934901">
        <ele>708.224007</ele>
        <time>2026-05-27T17:27:47.486Z</time>
      </trkpt>
      <trkpt lat="47.486449" lon="9.934811">
        <ele>708.919004</ele>
        <time>2026-05-27T17:27:51.886Z</time>
      </trkpt>
      <trkpt lat="47.486282" lon="9.934613">
        <ele>710.227678</ele>
        <time>2026-05-27T17:28:00.519Z</time>
      </trkpt>
      <trkpt lat="47.485988" lon="9.934150">
        <ele>712.853322</ele>
        <time>2026-05-27T17:28:18.021Z</time>
      </trkpt>
      <trkpt lat="47.485735" lon="9.933967">
        <ele>714.575510</ele>
        <time>2026-05-27T17:28:29.347Z</time>
      </trkpt>
      <trkpt lat="47.485420" lon="9.933884">
        <ele>716.532217</ele>
        <time>2026-05-27T17:28:42.238Z</time>
      </trkpt>
      <trkpt lat="47.484854" lon="9.933827">
        <ele>719.831767</ele>
        <time>2026-05-27T17:29:05.362Z</time>
      </trkpt>
      <trkpt lat="47.484694" lon="9.933860">
        <ele>720.770557</ele>
        <time>2026-05-27T17:29:12.177Z</time>
      </trkpt>
      <trkpt lat="47.484028" lon="9.934036">
        <ele>724.702089</ele>
        <time>2026-05-27T17:29:38.380Z</time>
      </trkpt>
      <trkpt lat="47.483877" lon="9.934088">
        <ele>725.603039</ele>
        <time>2026-05-27T17:29:43.882Z</time>
      </trkpt>
      <trkpt lat="47.483609" lon="9.934271">
        <ele>727.178630</ele>
        <time>2026-05-27T17:29:53.900Z</time>
      </trkpt>
      <trkpt lat="47.483494" lon="9.934373">
        <ele>727.566416</ele>
        <time>2026-05-27T17:29:58.192Z</time>
      </trkpt>
      <trkpt lat="47.482940" lon="9.934907">
        <ele>729.478707</ele>
        <time>2026-05-27T17:30:18.577Z</time>
      </trkpt>
      <trkpt lat="47.482849" lon="9.934995">
        <ele>729.793125</ele>
        <time>2026-05-27T17:30:21.834Z</time>
      </trkpt>
      <trkpt lat="47.482548" lon="9.935273">
        <ele>730.819364</ele>
        <time>2026-05-27T17:30:30.649Z</time>
      </trkpt>
      <trkpt lat="47.482370" lon="9.935391">
        <ele>731.383492</ele>
        <time>2026-05-27T17:30:34.527Z</time>
      </trkpt>
      <trkpt lat="47.482151" lon="9.935468">
        <ele>732.034535</ele>
        <time>2026-05-27T17:30:38.219Z</time>
      </trkpt>
      <trkpt lat="47.481832" lon="9.935494">
        <ele>732.725895</ele>
        <time>2026-05-27T17:30:43.230Z</time>
      </trkpt>
      <trkpt lat="47.481399" lon="9.935450">
        <ele>733.573361</ele>
        <time>2026-05-27T17:30:50.945Z</time>
      </trkpt>
      <trkpt lat="47.481161" lon="9.935361">
        <ele>734.052690</ele>
        <time>2026-05-27T17:30:56.363Z</time>
      </trkpt>
      <trkpt lat="47.481056" lon="9.935302">
        <ele>734.271999</ele>
        <time>2026-05-27T17:30:58.972Z</time>
      </trkpt>
      <trkpt lat="47.480442" lon="9.934739">
        <ele>735.682436</ele>
        <time>2026-05-27T17:31:16.426Z</time>
      </trkpt>
      <trkpt lat="47.480307" lon="9.934605">
        <ele>736.463534</ele>
        <time>2026-05-27T17:31:21.056Z</time>
      </trkpt>
      <trkpt lat="47.480207" lon="9.934505">
        <ele>737.144471</ele>
        <time>2026-05-27T17:31:24.974Z</time>
      </trkpt>
      <trkpt lat="47.479878" lon="9.934207">
        <ele>739.320776</ele>
        <time>2026-05-27T17:31:39.187Z</time>
      </trkpt>
      <trkpt lat="47.479765" lon="9.934138">
        <ele>740.010446</ele>
        <time>2026-05-27T17:31:43.880Z</time>
      </trkpt>
      <trkpt lat="47.479589" lon="9.934038">
        <ele>741.074084</ele>
        <time>2026-05-27T17:31:51.278Z</time>
      </trkpt>
      <trkpt lat="47.479299" lon="9.933941">
        <ele>742.751471</ele>
        <time>2026-05-27T17:32:03.110Z</time>
      </trkpt>
      <trkpt lat="47.478366" lon="9.933871">
        <ele>747.922482</ele>
        <time>2026-05-27T17:32:42.576Z</time>
      </trkpt>
      <trkpt lat="47.478198" lon="9.933906">
        <ele>748.834726</ele>
        <time>2026-05-27T17:32:50.362Z</time>
      </trkpt>
      <trkpt lat="47.477983" lon="9.934003">
        <ele>750.043328</ele>
        <time>2026-05-27T17:33:00.297Z</time>
      </trkpt>
      <trkpt lat="47.477756" lon="9.934171">
        <ele>751.408086</ele>
        <time>2026-05-27T17:33:10.148Z</time>
      </trkpt>
      <trkpt lat="47.477328" lon="9.934610">
        <ele>754.208360</ele>
        <time>2026-05-27T17:33:26.929Z</time>
      </trkpt>
      <trkpt lat="47.477170" lon="9.934725">
        <ele>755.155159</ele>
        <time>2026-05-27T17:33:31.857Z</time>
      </trkpt>
      <trkpt lat="47.476894" lon="9.934829">
        <ele>756.040546</ele>
        <time>2026-05-27T17:33:39.112Z</time>
      </trkpt>
      <trkpt lat="47.476755" lon="9.934839">
        <ele>756.354651</ele>
        <time>2026-05-27T17:33:42.344Z</time>
      </trkpt>
      <trkpt lat="47.476474" lon="9.934791">
        <ele>756.993105</ele>
        <time>2026-05-27T17:33:48.521Z</time>
      </trkpt>
      <trkpt lat="47.476000" lon="9.934614">
        <ele>758.096512</ele>
        <time>2026-05-27T17:33:58.374Z</time>
      </trkpt>
      <trkpt lat="47.475156" lon="9.934298">
        <ele>759.951437</ele>
        <time>2026-05-27T17:34:19.561Z</time>
      </trkpt>
      <trkpt lat="47.474614" lon="9.934097">
        <ele>760.888691</ele>
        <time>2026-05-27T17:34:34.628Z</time>
      </trkpt>
      <trkpt lat="47.473141" lon="9.933571">
        <ele>763.118972</ele>
        <time>2026-05-27T17:35:03.002Z</time>
      </trkpt>
      <trkpt lat="47.472729" lon="9.933484">
        <ele>763.538537</ele>
        <time>2026-05-27T17:35:08.423Z</time>
      </trkpt>
      <trkpt lat="47.472420" lon="9.933458">
        <ele>763.850557</ele>
        <time>2026-05-27T17:35:12.718Z</time>
      </trkpt>
      <trkpt lat="47.471911" lon="9.933499">
        <ele>764.364463</ele>
        <time>2026-05-27T17:35:21.993Z</time>
      </trkpt>
      <trkpt lat="47.471255" lon="9.933690">
        <ele>767.651602</ele>
        <time>2026-05-27T17:35:44.252Z</time>
      </trkpt>
      <trkpt lat="47.470745" lon="9.933932">
        <ele>770.643824</ele>
        <time>2026-05-27T17:36:06.359Z</time>
      </trkpt>
      <trkpt lat="47.470583" lon="9.934039">
        <ele>771.634987</ele>
        <time>2026-05-27T17:36:14.034Z</time>
      </trkpt>
      <trkpt lat="47.470354" lon="9.934226">
        <ele>773.096320</ele>
        <time>2026-05-27T17:36:25.577Z</time>
      </trkpt>
      <trkpt lat="47.470090" lon="9.934588">
        <ele>775.023413</ele>
        <time>2026-05-27T17:36:41.422Z</time>
      </trkpt>
      <trkpt lat="47.469492" lon="9.935811">
        <ele>779.920418</ele>
        <time>2026-05-27T17:37:17.103Z</time>
      </trkpt>
      <trkpt lat="47.469381" lon="9.935983">
        <ele>780.691911</ele>
        <time>2026-05-27T17:37:21.787Z</time>
      </trkpt>
      <trkpt lat="47.469041" lon="9.936509">
        <ele>783.053062</ele>
        <time>2026-05-27T17:37:35.862Z</time>
      </trkpt>
      <trkpt lat="47.468831" lon="9.936904">
        <ele>784.531315</ele>
        <time>2026-05-27T17:37:45.603Z</time>
      </trkpt>
      <trkpt lat="47.468731" lon="9.937345">
        <ele>785.891292</ele>
        <time>2026-05-27T17:37:54.779Z</time>
      </trkpt>
      <trkpt lat="47.468657" lon="9.938276">
        <ele>788.632051</ele>
        <time>2026-05-27T17:38:14.782Z</time>
      </trkpt>
      <trkpt lat="47.468450" lon="9.939507">
        <ele>792.679244</ele>
        <time>2026-05-27T17:38:45.893Z</time>
      </trkpt>
      <trkpt lat="47.468432" lon="9.940126">
        <ele>794.923177</ele>
        <time>2026-05-27T17:39:01.679Z</time>
      </trkpt>
      <trkpt lat="47.468434" lon="9.940280">
        <ele>795.481029</ele>
        <time>2026-05-27T17:39:05.673Z</time>
      </trkpt>
      <trkpt lat="47.468444" lon="9.940803">
        <ele>797.375960</ele>
        <time>2026-05-27T17:39:19.278Z</time>
      </trkpt>
      <trkpt lat="47.468458" lon="9.941569">
        <ele>800.151230</ele>
        <time>2026-05-27T17:39:37.756Z</time>
      </trkpt>
      <trkpt lat="47.468465" lon="9.941994">
        <ele>801.325899</ele>
        <time>2026-05-27T17:39:47.381Z</time>
      </trkpt>
      <trkpt lat="47.468460" lon="9.942374">
        <ele>802.258133</ele>
        <time>2026-05-27T17:39:55.734Z</time>
      </trkpt>
      <trkpt lat="47.468448" lon="9.942602">
        <ele>802.819060</ele>
        <time>2026-05-27T17:40:00.588Z</time>
      </trkpt>
      <trkpt lat="47.468407" lon="9.942794">
        <ele>803.312932</ele>
        <time>2026-05-27T17:40:04.800Z</time>
      </trkpt>
      <trkpt lat="47.468308" lon="9.943070">
        <ele>804.079300</ele>
        <time>2026-05-27T17:40:11.189Z</time>
      </trkpt>
      <trkpt lat="47.468092" lon="9.943413">
        <ele>805.229100</ele>
        <time>2026-05-27T17:40:20.363Z</time>
      </trkpt>
      <trkpt lat="47.467375" lon="9.944397">
        <ele>807.462903</ele>
        <time>2026-05-27T17:40:44.117Z</time>
      </trkpt>
      <trkpt lat="47.467084" lon="9.944963">
        <ele>807.851340</ele>
        <time>2026-05-27T17:40:53.701Z</time>
      </trkpt>
      <trkpt lat="47.466659" lon="9.946343">
        <ele>808.500106</ele>
        <time>2026-05-27T17:41:08.244Z</time>
      </trkpt>
      <trkpt lat="47.466436" lon="9.947127">
        <ele>808.369298</ele>
        <time>2026-05-27T17:41:14.836Z</time>
      </trkpt>
      <trkpt lat="47.466323" lon="9.947446">
        <ele>808.313912</ele>
        <time>2026-05-27T17:41:18.161Z</time>
      </trkpt>
      <trkpt lat="47.466178" lon="9.947708">
        <ele>808.261839</ele>
        <time>2026-05-27T17:41:22.487Z</time>
      </trkpt>
      <trkpt lat="47.465995" lon="9.947910">
        <ele>808.209895</ele>
        <time>2026-05-27T17:41:26.799Z</time>
      </trkpt>
      <trkpt lat="47.465767" lon="9.948035">
        <ele>808.154579</ele>
        <time>2026-05-27T17:41:31.328Z</time>
      </trkpt>
      <trkpt lat="47.465708" lon="9.948059">
        <ele>808.140659</ele>
        <time>2026-05-27T17:41:32.230Z</time>
      </trkpt>
      <trkpt lat="47.465428" lon="9.948200">
        <ele>808.073010</ele>
        <time>2026-05-27T17:41:36.448Z</time>
      </trkpt>
      <trkpt lat="47.465241" lon="9.948393">
        <ele>808.020808</ele>
        <time>2026-05-27T17:41:39.345Z</time>
      </trkpt>
      <trkpt lat="47.465134" lon="9.948612">
        <ele>807.978988</ele>
        <time>2026-05-27T17:41:41.486Z</time>
      </trkpt>
      <trkpt lat="47.465070" lon="9.948822">
        <ele>807.943337</ele>
        <time>2026-05-27T17:41:43.337Z</time>
      </trkpt>
      <trkpt lat="47.464942" lon="9.949720">
        <ele>807.801298</ele>
        <time>2026-05-27T17:41:53.767Z</time>
      </trkpt>
      <trkpt lat="47.464818" lon="9.950007">
        <ele>807.748582</ele>
        <time>2026-05-27T17:41:57.074Z</time>
      </trkpt>
      <trkpt lat="47.464567" lon="9.950330">
        <ele>806.862050</ele>
        <time>2026-05-27T17:42:01.502Z</time>
      </trkpt>
      <trkpt lat="47.464291" lon="9.950622">
        <ele>805.421642</ele>
        <time>2026-05-27T17:42:05.411Z</time>
      </trkpt>
      <trkpt lat="47.464143" lon="9.950869">
        <ele>804.474481</ele>
        <time>2026-05-27T17:42:07.713Z</time>
      </trkpt>
      <trkpt lat="47.464034" lon="9.951174">
        <ele>803.484440</ele>
        <time>2026-05-27T17:42:10.066Z</time>
      </trkpt>
      <trkpt lat="47.463992" lon="9.951459">
        <ele>802.647356</ele>
        <time>2026-05-27T17:42:11.991Z</time>
      </trkpt>
      <trkpt lat="47.463972" lon="9.951920">
        <ele>801.321681</ele>
        <time>2026-05-27T17:42:14.884Z</time>
      </trkpt>
      <trkpt lat="47.463976" lon="9.952385">
        <ele>799.917108</ele>
        <time>2026-05-27T17:42:17.620Z</time>
      </trkpt>
      <trkpt lat="47.463979" lon="9.952530">
        <ele>799.198670</ele>
        <time>2026-05-27T17:42:18.458Z</time>
      </trkpt>
      <trkpt lat="47.464067" lon="9.953604">
        <ele>793.840848</ele>
        <time>2026-05-27T17:42:24.712Z</time>
      </trkpt>
      <trkpt lat="47.464020" lon="9.953907">
        <ele>792.301274</ele>
        <time>2026-05-27T17:42:26.549Z</time>
      </trkpt>
      <trkpt lat="47.463906" lon="9.954121">
        <ele>790.951971</ele>
        <time>2026-05-27T17:42:28.207Z</time>
      </trkpt>
      <trkpt lat="47.463721" lon="9.954259">
        <ele>789.434178</ele>
        <time>2026-05-27T17:42:30.148Z</time>
      </trkpt>
      <trkpt lat="47.463086" lon="9.954349">
        <ele>786.348716</ele>
        <time>2026-05-27T17:42:36.605Z</time>
      </trkpt>
      <trkpt lat="47.462906" lon="9.954435">
        <ele>785.987870</ele>
        <time>2026-05-27T17:42:38.676Z</time>
      </trkpt>
      <trkpt lat="47.462731" lon="9.954578">
        <ele>785.606475</ele>
        <time>2026-05-27T17:42:40.971Z</time>
      </trkpt>
      <trkpt lat="47.462479" lon="9.954881">
        <ele>784.986952</ele>
        <time>2026-05-27T17:42:44.683Z</time>
      </trkpt>
      <trkpt lat="47.462143" lon="9.955309">
        <ele>784.141053</ele>
        <time>2026-05-27T17:42:49.930Z</time>
      </trkpt>
      <trkpt lat="47.461646" lon="9.955916">
        <ele>783.618453</ele>
        <time>2026-05-27T17:42:57.581Z</time>
      </trkpt>
      <trkpt lat="47.461444" lon="9.956125">
        <ele>783.736595</ele>
        <time>2026-05-27T17:43:00.830Z</time>
      </trkpt>
      <trkpt lat="47.461258" lon="9.956301">
        <ele>783.842416</ele>
        <time>2026-05-27T17:43:04.128Z</time>
      </trkpt>
      <trkpt lat="47.461135" lon="9.956407">
        <ele>783.910639</ele>
        <time>2026-05-27T17:43:06.391Z</time>
      </trkpt>
      <trkpt lat="47.460873" lon="9.956573">
        <ele>784.047237</ele>
        <time>2026-05-27T17:43:11.465Z</time>
      </trkpt>
      <trkpt lat="47.460810" lon="9.956604">
        <ele>784.079057</ele>
        <time>2026-05-27T17:43:12.774Z</time>
      </trkpt>
      <trkpt lat="47.460704" lon="9.956649">
        <ele>784.131908</ele>
        <time>2026-05-27T17:43:15.086Z</time>
      </trkpt>
      <trkpt lat="47.460522" lon="9.956705">
        <ele>784.220999</ele>
        <time>2026-05-27T17:43:19.229Z</time>
      </trkpt>
      <trkpt lat="47.460408" lon="9.956714">
        <ele>784.275711</ele>
        <time>2026-05-27T17:43:21.874Z</time>
      </trkpt>
      <trkpt lat="47.460263" lon="9.956676">
        <ele>784.369707</ele>
        <time>2026-05-27T17:43:25.346Z</time>
      </trkpt>
      <trkpt lat="47.460203" lon="9.956640">
        <ele>784.494197</ele>
        <time>2026-05-27T17:43:26.840Z</time>
      </trkpt>
      <trkpt lat="47.460075" lon="9.956476">
        <ele>784.819796</ele>
        <time>2026-05-27T17:43:30.909Z</time>
      </trkpt>
      <trkpt lat="47.459583" lon="9.955448">
        <ele>786.457050</ele>
        <time>2026-05-27T17:43:51.086Z</time>
      </trkpt>
      <trkpt lat="47.459440" lon="9.955134">
        <ele>786.949193</ele>
        <time>2026-05-27T17:43:57.225Z</time>
      </trkpt>
      <trkpt lat="47.459221" lon="9.954676">
        <ele>787.678415</ele>
        <time>2026-05-27T17:44:05.984Z</time>
      </trkpt>
      <trkpt lat="47.459089" lon="9.954405">
        <ele>787.743294</ele>
        <time>2026-05-27T17:44:10.310Z</time>
      </trkpt>
      <trkpt lat="47.458810" lon="9.953855">
        <ele>787.592168</ele>
        <time>2026-05-27T17:44:17.660Z</time>
      </trkpt>
      <trkpt lat="47.458759" lon="9.953709">
        <ele>787.556049</ele>
        <time>2026-05-27T17:44:19.186Z</time>
      </trkpt>
      <trkpt lat="47.458730" lon="9.953598">
        <ele>787.529894</ele>
        <time>2026-05-27T17:44:20.259Z</time>
      </trkpt>
      <trkpt lat="47.458632" lon="9.953677">
        <ele>787.493612</ele>
        <time>2026-05-27T17:44:21.643Z</time>
      </trkpt>
      <trkpt lat="47.458572" lon="9.953760">
        <ele>787.466906</ele>
        <time>2026-05-27T17:44:22.656Z</time>
      </trkpt>
      <trkpt lat="47.458527" lon="9.953867">
        <ele>787.439210</ele>
        <time>2026-05-27T17:44:23.683Z</time>
      </trkpt>
      <trkpt lat="47.458452" lon="9.954117">
        <ele>787.379096</ele>
        <time>2026-05-27T17:44:25.881Z</time>
      </trkpt>
      <trkpt lat="47.458367" lon="9.954596">
        <ele>787.270250</ele>
        <time>2026-05-27T17:44:29.706Z</time>
      </trkpt>
      <trkpt lat="47.458326" lon="9.954825">
        <ele>787.218183</ele>
        <time>2026-05-27T17:44:31.508Z</time>
      </trkpt>
      <trkpt lat="47.458231" lon="9.955314">
        <ele>787.559578</ele>
        <time>2026-05-27T17:44:35.466Z</time>
      </trkpt>
      <trkpt lat="47.458086" lon="9.955991">
        <ele>788.073066</ele>
        <time>2026-05-27T17:44:43.092Z</time>
      </trkpt>
      <trkpt lat="47.457915" lon="9.956726">
        <ele>788.635102</ele>
        <time>2026-05-27T17:44:55.145Z</time>
      </trkpt>
      <trkpt lat="47.457855" lon="9.956993">
        <ele>788.838545</ele>
        <time>2026-05-27T17:45:00.118Z</time>
      </trkpt>
      <trkpt lat="47.457765" lon="9.957395">
        <ele>789.143315</ele>
        <time>2026-05-27T17:45:07.869Z</time>
      </trkpt>
      <trkpt lat="47.457760" lon="9.957421">
        <ele>789.159845</ele>
        <time>2026-05-27T17:45:08.349Z</time>
      </trkpt>
      <trkpt lat="47.457628" lon="9.957991">
        <ele>789.528285</ele>
        <time>2026-05-27T17:45:19.233Z</time>
      </trkpt>
      <trkpt lat="47.457603" lon="9.958181">
        <ele>789.646652</ele>
        <time>2026-05-27T17:45:22.535Z</time>
      </trkpt>
      <trkpt lat="47.457592" lon="9.958405">
        <ele>789.783991</ele>
        <time>2026-05-27T17:45:26.169Z</time>
      </trkpt>
      <trkpt lat="47.457624" lon="9.958788">
        <ele>790.019982</ele>
        <time>2026-05-27T17:45:31.497Z</time>
      </trkpt>
      <trkpt lat="47.457639" lon="9.958926">
        <ele>790.105454</ele>
        <time>2026-05-27T17:45:33.172Z</time>
      </trkpt>
      <trkpt lat="47.457647" lon="9.959011">
        <ele>790.157934</ele>
        <time>2026-05-27T17:45:34.082Z</time>
      </trkpt>
      <trkpt lat="47.457669" lon="9.959145">
        <ele>790.242258</ele>
        <time>2026-05-27T17:45:35.482Z</time>
      </trkpt>
      <trkpt lat="47.457680" lon="9.959235">
        <ele>790.298186</ele>
        <time>2026-05-27T17:45:36.353Z</time>
      </trkpt>
      <trkpt lat="47.457706" lon="9.959383">
        <ele>790.391695</ele>
        <time>2026-05-27T17:45:37.730Z</time>
      </trkpt>
      <trkpt lat="47.457725" lon="9.959497">
        <ele>790.463493</ele>
        <time>2026-05-27T17:45:38.743Z</time>
      </trkpt>
      <trkpt lat="47.457705" lon="9.959687">
        <ele>790.581080</ele>
        <time>2026-05-27T17:45:40.318Z</time>
      </trkpt>
      <trkpt lat="47.457676" lon="9.959957">
        <ele>790.748259</ele>
        <time>2026-05-27T17:45:42.481Z</time>
      </trkpt>
      <trkpt lat="47.457664" lon="9.960071">
        <ele>790.646774</ele>
        <time>2026-05-27T17:45:43.363Z</time>
      </trkpt>
      <trkpt lat="47.457596" lon="9.960540">
        <ele>790.048014</ele>
        <time>2026-05-27T17:45:46.953Z</time>
      </trkpt>
      <trkpt lat="47.457578" lon="9.960637">
        <ele>789.922451</ele>
        <time>2026-05-27T17:45:47.692Z</time>
      </trkpt>
      <trkpt lat="47.457566" lon="9.960693">
        <ele>789.849120</ele>
        <time>2026-05-27T17:45:48.115Z</time>
      </trkpt>
      <trkpt lat="47.457543" lon="9.960793">
        <ele>789.717265</ele>
        <time>2026-05-27T17:45:48.905Z</time>
      </trkpt>
      <trkpt lat="47.457455" lon="9.961110">
        <ele>789.289500</ele>
        <time>2026-05-27T17:45:51.402Z</time>
      </trkpt>
      <trkpt lat="47.457353" lon="9.961479">
        <ele>788.791869</ele>
        <time>2026-05-27T17:45:54.303Z</time>
      </trkpt>
      <trkpt lat="47.457236" lon="9.961980">
        <ele>788.130215</ele>
        <time>2026-05-27T17:45:58.143Z</time>
      </trkpt>
      <trkpt lat="47.457169" lon="9.962220">
        <ele>787.806090</ele>
        <time>2026-05-27T17:46:00.054Z</time>
      </trkpt>
      <trkpt lat="47.457152" lon="9.962283">
        <ele>787.721415</ele>
        <time>2026-05-27T17:46:00.564Z</time>
      </trkpt>
      <trkpt lat="47.457040" lon="9.962615">
        <ele>787.509110</ele>
        <time>2026-05-27T17:46:03.345Z</time>
      </trkpt>
      <trkpt lat="47.456995" lon="9.962718">
        <ele>787.565538</ele>
        <time>2026-05-27T17:46:04.289Z</time>
      </trkpt>
      <trkpt lat="47.456977" lon="9.962760">
        <ele>787.588419</ele>
        <time>2026-05-27T17:46:04.667Z</time>
      </trkpt>
      <trkpt lat="47.456777" lon="9.963220">
        <ele>787.840071</ele>
        <time>2026-05-27T17:46:09.165Z</time>
      </trkpt>
      <trkpt lat="47.456638" lon="9.963744">
        <ele>788.099081</ele>
        <time>2026-05-27T17:46:15.648Z</time>
      </trkpt>
      <trkpt lat="47.456600" lon="9.964299">
        <ele>788.355769</ele>
        <time>2026-05-27T17:46:23.575Z</time>
      </trkpt>
      <trkpt lat="47.456616" lon="9.964539">
        <ele>788.466741</ele>
        <time>2026-05-27T17:46:27.473Z</time>
      </trkpt>
      <trkpt lat="47.456677" lon="9.964903">
        <ele>788.639302</ele>
        <time>2026-05-27T17:46:34.194Z</time>
      </trkpt>
      <trkpt lat="47.456854" lon="9.965817">
        <ele>790.068199</ele>
        <time>2026-05-27T17:46:52.012Z</time>
      </trkpt>
      <trkpt lat="47.456910" lon="9.966257">
        <ele>790.770956</ele>
        <time>2026-05-27T17:47:00.240Z</time>
      </trkpt>
      <trkpt lat="47.456942" lon="9.966504">
        <ele>791.165702</ele>
        <time>2026-05-27T17:47:04.364Z</time>
      </trkpt>
      <trkpt lat="47.457154" lon="9.968070">
        <ele>793.439113</ele>
        <time>2026-05-27T17:47:26.935Z</time>
      </trkpt>
      <trkpt lat="47.457166" lon="9.968148">
        <ele>793.529431</ele>
        <time>2026-05-27T17:47:27.990Z</time>
      </trkpt>
      <trkpt lat="47.457176" lon="9.968216">
        <ele>793.608002</ele>
        <time>2026-05-27T17:47:28.904Z</time>
      </trkpt>
      <trkpt lat="47.457228" lon="9.968566">
        <ele>794.012602</ele>
        <time>2026-05-27T17:47:33.657Z</time>
      </trkpt>
      <trkpt lat="47.457287" lon="9.969267">
        <ele>794.810183</ele>
        <time>2026-05-27T17:47:43.725Z</time>
      </trkpt>
      <trkpt lat="47.457294" lon="9.969445">
        <ele>795.011496</ele>
        <time>2026-05-27T17:47:46.386Z</time>
      </trkpt>
      <trkpt lat="47.457294" lon="9.969651">
        <ele>795.244083</ele>
        <time>2026-05-27T17:47:49.546Z</time>
      </trkpt>
      <trkpt lat="47.457268" lon="9.971181">
        <ele>797.347387</ele>
        <time>2026-05-27T17:48:13.677Z</time>
      </trkpt>
      <trkpt lat="47.457246" lon="9.971704">
        <ele>798.135939</ele>
        <time>2026-05-27T17:48:22.094Z</time>
      </trkpt>
      <trkpt lat="47.457197" lon="9.972201">
        <ele>798.891754</ele>
        <time>2026-05-27T17:48:30.122Z</time>
      </trkpt>
      <trkpt lat="47.457157" lon="9.972500">
        <ele>799.350424</ele>
        <time>2026-05-27T17:48:35.056Z</time>
      </trkpt>
      <trkpt lat="47.457126" lon="9.972700">
        <ele>799.659200</ele>
        <time>2026-05-27T17:48:38.419Z</time>
      </trkpt>
      <trkpt lat="47.457103" lon="9.972837">
        <ele>799.881280</ele>
        <time>2026-05-27T17:48:40.741Z</time>
      </trkpt>
      <trkpt lat="47.456975" lon="9.973604">
        <ele>801.548079</ele>
        <time>2026-05-27T17:48:54.090Z</time>
      </trkpt>
      <trkpt lat="47.456950" lon="9.973826">
        <ele>802.022913</ele>
        <time>2026-05-27T17:48:57.968Z</time>
      </trkpt>
      <trkpt lat="47.456940" lon="9.973918">
        <ele>802.219509</ele>
        <time>2026-05-27T17:48:59.533Z</time>
      </trkpt>
      <trkpt lat="47.456894" lon="9.974459">
        <ele>803.369918</ele>
        <time>2026-05-27T17:49:09.180Z</time>
      </trkpt>
      <trkpt lat="47.456893" lon="9.974988">
        <ele>804.486023</ele>
        <time>2026-05-27T17:49:19.370Z</time>
      </trkpt>
      <trkpt lat="47.456894" lon="9.975335">
        <ele>805.218142</ele>
        <time>2026-05-27T17:49:26.513Z</time>
      </trkpt>
      <trkpt lat="47.456895" lon="9.975479">
        <ele>805.571619</ele>
        <time>2026-05-27T17:49:29.497Z</time>
      </trkpt>
      <trkpt lat="47.456897" lon="9.975868">
        <ele>807.050507</ele>
        <time>2026-05-27T17:49:37.912Z</time>
      </trkpt>
      <trkpt lat="47.456905" lon="9.977583">
        <ele>813.570506</ele>
        <time>2026-05-27T17:50:19.922Z</time>
      </trkpt>
      <trkpt lat="47.456904" lon="9.977832">
        <ele>814.517135</ele>
        <time>2026-05-27T17:50:27.108Z</time>
      </trkpt>
      <trkpt lat="47.456904" lon="9.977948">
        <ele>814.958127</ele>
        <time>2026-05-27T17:50:30.598Z</time>
      </trkpt>
      <trkpt lat="47.456881" lon="9.978425">
        <ele>817.378885</ele>
        <time>2026-05-27T17:50:45.432Z</time>
      </trkpt>
      <trkpt lat="47.456848" lon="9.978788">
        <ele>819.468919</ele>
        <time>2026-05-27T17:50:57.331Z</time>
      </trkpt>
      <trkpt lat="47.456623" lon="9.980163">
        <ele>827.541641</ele>
        <time>2026-05-27T17:51:46.005Z</time>
      </trkpt>
      <trkpt lat="47.456542" lon="9.980598">
        <ele>830.116315</ele>
        <time>2026-05-27T17:52:01.737Z</time>
      </trkpt>
      <trkpt lat="47.456359" lon="9.981634">
        <ele>835.674374</ele>
        <time>2026-05-27T17:52:36.492Z</time>
      </trkpt>
      <trkpt lat="47.456259" lon="9.982395">
        <ele>839.651953</ele>
        <time>2026-05-27T17:52:59.673Z</time>
      </trkpt>
      <trkpt lat="47.456166" lon="9.984242">
        <ele>848.896173</ele>
        <time>2026-05-27T17:53:52.849Z</time>
      </trkpt>
      <trkpt lat="47.456074" lon="9.986075">
        <ele>857.824444</ele>
        <time>2026-05-27T17:54:47.944Z</time>
      </trkpt>
      <trkpt lat="47.456074" lon="9.986662">
        <ele>860.732297</ele>
        <time>2026-05-27T17:55:05.163Z</time>
      </trkpt>
      <trkpt lat="47.456111" lon="9.987189">
        <ele>863.356960</ele>
        <time>2026-05-27T17:55:20.622Z</time>
      </trkpt>
      <trkpt lat="47.456171" lon="9.987595">
        <ele>865.415659</ele>
        <time>2026-05-27T17:55:32.848Z</time>
      </trkpt>
      <trkpt lat="47.456268" lon="9.988443">
        <ele>869.676118</ele>
        <time>2026-05-27T17:55:58.927Z</time>
      </trkpt>
      <trkpt lat="47.456270" lon="9.989012">
        <ele>872.385267</ele>
        <time>2026-05-27T17:56:16.480Z</time>
      </trkpt>
      <trkpt lat="47.456260" lon="9.989822">
        <ele>876.179722</ele>
        <time>2026-05-27T17:56:42.032Z</time>
      </trkpt>
      <trkpt lat="47.456310" lon="9.990638">
        <ele>880.017308</ele>
        <time>2026-05-27T17:57:06.306Z</time>
      </trkpt>
      <trkpt lat="47.456393" lon="9.991372">
        <ele>883.362851</ele>
        <time>2026-05-27T17:57:25.290Z</time>
      </trkpt>
      <trkpt lat="47.456412" lon="9.991807">
        <ele>884.892975</ele>
        <time>2026-05-27T17:57:34.945Z</time>
      </trkpt>
      <trkpt lat="47.456361" lon="9.992661">
        <ele>887.902365</ele>
        <time>2026-05-27T17:57:52.593Z</time>
      </trkpt>
      <trkpt lat="47.456361" lon="9.993468">
        <ele>890.735107</ele>
        <time>2026-05-27T17:58:10.220Z</time>
      </trkpt>
      <trkpt lat="47.456459" lon="9.994523">
        <ele>895.397708</ele>
        <time>2026-05-27T17:58:41.831Z</time>
      </trkpt>
      <trkpt lat="47.456412" lon="9.995043">
        <ele>898.016101</ele>
        <time>2026-05-27T17:59:00.624Z</time>
      </trkpt>
      <trkpt lat="47.456264" lon="9.995651">
        <ele>901.241277</ele>
        <time>2026-05-27T17:59:22.217Z</time>
      </trkpt>
      <trkpt lat="47.455998" lon="9.996196">
        <ele>904.595995</ele>
        <time>2026-05-27T17:59:41.517Z</time>
      </trkpt>
      <trkpt lat="47.455257" lon="9.997616">
        <ele>913.930125</ele>
        <time>2026-05-27T18:00:24.664Z</time>
      </trkpt>
      <trkpt lat="47.455088" lon="9.997933">
        <ele>916.041169</ele>
        <time>2026-05-27T18:00:37.676Z</time>
      </trkpt>
      <trkpt lat="47.454994" lon="9.997850">
        <ele>916.887882</ele>
        <time>2026-05-27T18:00:44.064Z</time>
      </trkpt>
      <trkpt lat="47.454683" lon="9.997844">
        <ele>919.293367</ele>
        <time>2026-05-27T18:01:03.557Z</time>
      </trkpt>
      <trkpt lat="47.454486" lon="9.997921">
        <ele>920.974877</ele>
        <time>2026-05-27T18:01:17.409Z</time>
      </trkpt>
      <trkpt lat="47.454192" lon="9.998115">
        <ele>923.652486</ele>
        <time>2026-05-27T18:01:39.801Z</time>
      </trkpt>
      <trkpt lat="47.454061" lon="9.998169">
        <ele>924.783568</ele>
        <time>2026-05-27T18:01:49.525Z</time>
      </trkpt>
      <trkpt lat="47.453617" lon="9.998269">
        <ele>928.518971</ele>
        <time>2026-05-27T18:02:17.488Z</time>
      </trkpt>
      <trkpt lat="47.453373" lon="9.998385">
        <ele>930.650642</ele>
        <time>2026-05-27T18:02:28.068Z</time>
      </trkpt>
      <trkpt lat="47.452679" lon="9.998952">
        <ele>935.130204</ele>
        <time>2026-05-27T18:02:43.492Z</time>
      </trkpt>
      <trkpt lat="47.452094" lon="9.999379">
        <ele>936.482059</ele>
        <time>2026-05-27T18:02:50.978Z</time>
      </trkpt>
      <trkpt lat="47.452079" lon="9.999389">
        <ele>936.516154</ele>
        <time>2026-05-27T18:02:51.146Z</time>
      </trkpt>
      <trkpt lat="47.450764" lon="10.000235">
        <ele>943.642573</ele>
        <time>2026-05-27T18:03:38.901Z</time>
      </trkpt>
      <trkpt lat="47.450622" lon="10.000278">
        <ele>944.879686</ele>
        <time>2026-05-27T18:03:46.865Z</time>
      </trkpt>
      <trkpt lat="47.450293" lon="10.000284">
        <ele>947.687899</ele>
        <time>2026-05-27T18:04:05.816Z</time>
      </trkpt>
      <trkpt lat="47.450069" lon="10.000337">
        <ele>949.624046</ele>
        <time>2026-05-27T18:04:19.775Z</time>
      </trkpt>
      <trkpt lat="47.449810" lon="10.000466">
        <ele>951.956617</ele>
        <time>2026-05-27T18:04:35.898Z</time>
      </trkpt>
      <trkpt lat="47.449525" lon="10.000713">
        <ele>955.364531</ele>
        <time>2026-05-27T18:04:55.431Z</time>
      </trkpt>
      <trkpt lat="47.449184" lon="10.001116">
        <ele>960.817827</ele>
        <time>2026-05-27T18:05:20.932Z</time>
      </trkpt>
      <trkpt lat="47.448965" lon="10.001319">
        <ele>964.046779</ele>
        <time>2026-05-27T18:05:35.391Z</time>
      </trkpt>
      <trkpt lat="47.448082" lon="10.001913">
        <ele>976.169549</ele>
        <time>2026-05-27T18:06:40.894Z</time>
      </trkpt>
      <trkpt lat="47.447642" lon="10.002445">
        <ele>983.419749</ele>
        <time>2026-05-27T18:07:30.133Z</time>
      </trkpt>
      <trkpt lat="47.447511" lon="10.002545">
        <ele>985.300358</ele>
        <time>2026-05-27T18:07:41.690Z</time>
      </trkpt>
      <trkpt lat="47.447198" lon="10.002666">
        <ele>989.427274</ele>
        <time>2026-05-27T18:08:05.728Z</time>
      </trkpt>
      <trkpt lat="47.447096" lon="10.002743">
        <ele>990.888169</ele>
        <time>2026-05-27T18:08:13.900Z</time>
      </trkpt>
      <trkpt lat="47.446985" lon="10.002945">
        <ele>993.133513</ele>
        <time>2026-05-27T18:08:25.077Z</time>
      </trkpt>
      <trkpt lat="47.446536" lon="10.004406">
        <ele>1000.460497</ele>
        <time>2026-05-27T18:09:12.593Z</time>
      </trkpt>
      <trkpt lat="47.446114" lon="10.005437">
        <ele>1002.447349</ele>
        <time>2026-05-27T18:09:26.442Z</time>
      </trkpt>
      <trkpt lat="47.445944" lon="10.006327">
        <ele>1003.977614</ele>
        <time>2026-05-27T18:09:33.040Z</time>
      </trkpt>
      <trkpt lat="47.445932" lon="10.006893">
        <ele>1004.918988</ele>
        <time>2026-05-27T18:09:37.230Z</time>
      </trkpt>
      <trkpt lat="47.445858" lon="10.007179">
        <ele>1005.428040</ele>
        <time>2026-05-27T18:09:39.840Z</time>
      </trkpt>
      <trkpt lat="47.445738" lon="10.007429">
        <ele>1005.937679</ele>
        <time>2026-05-27T18:09:43.528Z</time>
      </trkpt>
      <trkpt lat="47.445555" lon="10.007623">
        <ele>1006.491178</ele>
        <time>2026-05-27T18:09:49.703Z</time>
      </trkpt>
      <trkpt lat="47.445178" lon="10.007778">
        <ele>1007.453044</ele>
        <time>2026-05-27T18:10:05.353Z</time>
      </trkpt>
      <trkpt lat="47.444858" lon="10.007842">
        <ele>1010.274085</ele>
        <time>2026-05-27T18:10:23.879Z</time>
      </trkpt>
      <trkpt lat="47.444204" lon="10.008007">
        <ele>1018.263397</ele>
        <time>2026-05-27T18:11:12.429Z</time>
      </trkpt>
      <trkpt lat="47.443941" lon="10.008151">
        <ele>1021.640615</ele>
        <time>2026-05-27T18:11:32.633Z</time>
      </trkpt>
      <trkpt lat="47.443619" lon="10.008446">
        <ele>1026.202135</ele>
        <time>2026-05-27T18:11:58.142Z</time>
      </trkpt>
      <trkpt lat="47.443471" lon="10.008640">
        <ele>1028.583867</ele>
        <time>2026-05-27T18:12:10.302Z</time>
      </trkpt>
      <trkpt lat="47.443337" lon="10.008882">
        <ele>1030.494653</ele>
        <time>2026-05-27T18:12:22.460Z</time>
      </trkpt>
      <trkpt lat="47.443091" lon="10.009502">
        <ele>1034.213673</ele>
        <time>2026-05-27T18:12:47.299Z</time>
      </trkpt>
      <trkpt lat="47.442728" lon="10.010203">
        <ele>1038.781526</ele>
        <time>2026-05-27T18:13:13.959Z</time>
      </trkpt>
      <trkpt lat="47.442562" lon="10.010590">
        <ele>1041.152544</ele>
        <time>2026-05-27T18:13:26.756Z</time>
      </trkpt>
      <trkpt lat="47.441997" lon="10.011969">
        <ele>1043.903419</ele>
        <time>2026-05-27T18:14:00.361Z</time>
      </trkpt>
      <trkpt lat="47.441885" lon="10.012167">
        <ele>1044.062827</ele>
        <time>2026-05-27T18:14:03.815Z</time>
      </trkpt>
      <trkpt lat="47.441727" lon="10.012407">
        <ele>1044.269665</ele>
        <time>2026-05-27T18:14:07.359Z</time>
      </trkpt>
      <trkpt lat="47.441507" lon="10.012669">
        <ele>1044.527607</ele>
        <time>2026-05-27T18:14:10.645Z</time>
      </trkpt>
      <trkpt lat="47.441183" lon="10.012996">
        <ele>1043.922371</ele>
        <time>2026-05-27T18:14:14.498Z</time>
      </trkpt>
      <trkpt lat="47.440945" lon="10.013372">
        <ele>1041.108604</ele>
        <time>2026-05-27T18:14:17.679Z</time>
      </trkpt>
      <trkpt lat="47.440792" lon="10.013864">
        <ele>1038.149841</ele>
        <time>2026-05-27T18:14:20.930Z</time>
      </trkpt>
      <trkpt lat="47.440651" lon="10.014451">
        <ele>1034.746273</ele>
        <time>2026-05-27T18:14:24.589Z</time>
      </trkpt>
      <trkpt lat="47.440463" lon="10.015233">
        <ele>1030.201378</ele>
        <time>2026-05-27T18:14:29.388Z</time>
      </trkpt>
      <trkpt lat="47.440338" lon="10.015724">
        <ele>1026.698819</ele>
        <time>2026-05-27T18:14:32.414Z</time>
      </trkpt>
      <trkpt lat="47.440150" lon="10.016550">
        <ele>1020.880362</ele>
        <time>2026-05-27T18:14:37.442Z</time>
      </trkpt>
      <trkpt lat="47.439892" lon="10.017552">
        <ele>1013.722365</ele>
        <time>2026-05-27T18:14:43.675Z</time>
      </trkpt>
      <trkpt lat="47.439767" lon="10.018249">
        <ele>1010.946324</ele>
        <time>2026-05-27T18:14:48.047Z</time>
      </trkpt>
      <trkpt lat="47.439729" lon="10.018660">
        <ele>1009.746835</ele>
        <time>2026-05-27T18:14:50.741Z</time>
      </trkpt>
      <trkpt lat="47.439731" lon="10.019059">
        <ele>1008.593065</ele>
        <time>2026-05-27T18:14:53.528Z</time>
      </trkpt>
      <trkpt lat="47.439756" lon="10.019208">
        <ele>1008.149162</ele>
        <time>2026-05-27T18:14:54.632Z</time>
      </trkpt>
      <trkpt lat="47.439951" lon="10.019857">
        <ele>1006.095698</ele>
        <time>2026-05-27T18:14:59.756Z</time>
      </trkpt>
      <trkpt lat="47.439972" lon="10.020019">
        <ele>1005.618739</ele>
        <time>2026-05-27T18:15:00.927Z</time>
      </trkpt>
      <trkpt lat="47.439969" lon="10.020169">
        <ele>1005.184815</ele>
        <time>2026-05-27T18:15:01.991Z</time>
      </trkpt>
      <trkpt lat="47.439934" lon="10.020360">
        <ele>1004.601989</ele>
        <time>2026-05-27T18:15:03.368Z</time>
      </trkpt>
      <trkpt lat="47.439848" lon="10.020533">
        <ele>1003.948407</ele>
        <time>2026-05-27T18:15:04.837Z</time>
      </trkpt>
      <trkpt lat="47.439751" lon="10.020606">
        <ele>1003.458527</ele>
        <time>2026-05-27T18:15:05.945Z</time>
      </trkpt>
      <trkpt lat="47.439597" lon="10.020656">
        <ele>1002.748892</ele>
        <time>2026-05-27T18:15:07.567Z</time>
      </trkpt>
      <trkpt lat="47.439286" lon="10.020670">
        <ele>1001.348502</ele>
        <time>2026-05-27T18:15:10.701Z</time>
      </trkpt>
      <trkpt lat="47.439116" lon="10.020752">
        <ele>1000.543679</ele>
        <time>2026-05-27T18:15:12.425Z</time>
      </trkpt>
      <trkpt lat="47.438926" lon="10.021026">
        <ele>999.349098</ele>
        <time>2026-05-27T18:15:14.870Z</time>
      </trkpt>
      <trkpt lat="47.438611" lon="10.021704">
        <ele>996.845094</ele>
        <time>2026-05-27T18:15:19.929Z</time>
      </trkpt>
      <trkpt lat="47.438239" lon="10.022623">
        <ele>993.118320</ele>
        <time>2026-05-27T18:15:26.736Z</time>
      </trkpt>
      <trkpt lat="47.437822" lon="10.023845">
        <ele>988.331530</ele>
        <time>2026-05-27T18:15:35.384Z</time>
      </trkpt>
      <trkpt lat="47.437771" lon="10.023998">
        <ele>987.734992</ele>
        <time>2026-05-27T18:15:36.478Z</time>
      </trkpt>
      <trkpt lat="47.437334" lon="10.025353">
        <ele>984.200074</ele>
        <time>2026-05-27T18:15:46.386Z</time>
      </trkpt>
      <trkpt lat="47.437168" lon="10.025943">
        <ele>982.742125</ele>
        <time>2026-05-27T18:15:51.075Z</time>
      </trkpt>
      <trkpt lat="47.437024" lon="10.026576">
        <ele>981.127414</ele>
        <time>2026-05-27T18:15:56.023Z</time>
      </trkpt>
      <trkpt lat="47.436921" lon="10.027028">
        <ele>979.296202</ele>
        <time>2026-05-27T18:15:59.380Z</time>
      </trkpt>
      <trkpt lat="47.436809" lon="10.027397">
        <ele>977.743389</ele>
        <time>2026-05-27T18:16:02.088Z</time>
      </trkpt>
      <trkpt lat="47.436674" lon="10.027699">
        <ele>976.353577</ele>
        <time>2026-05-27T18:16:04.419Z</time>
      </trkpt>
      <trkpt lat="47.436477" lon="10.027997">
        <ele>974.753767</ele>
        <time>2026-05-27T18:16:07.001Z</time>
      </trkpt>
      <trkpt lat="47.436013" lon="10.028582">
        <ele>971.292386</ele>
        <time>2026-05-27T18:16:12.356Z</time>
      </trkpt>
      <trkpt lat="47.435825" lon="10.028935">
        <ele>968.838024</ele>
        <time>2026-05-27T18:16:14.991Z</time>
      </trkpt>
      <trkpt lat="47.435513" lon="10.029588">
        <ele>964.346941</ele>
        <time>2026-05-27T18:16:19.665Z</time>
      </trkpt>
      <trkpt lat="47.435389" lon="10.029909">
        <ele>962.270373</ele>
        <time>2026-05-27T18:16:21.795Z</time>
      </trkpt>
      <trkpt lat="47.435272" lon="10.030475">
        <ele>958.945677</ele>
        <time>2026-05-27T18:16:25.312Z</time>
      </trkpt>
      <trkpt lat="47.435225" lon="10.030603">
        <ele>958.127517</ele>
        <time>2026-05-27T18:16:26.213Z</time>
      </trkpt>
      <trkpt lat="47.435158" lon="10.030734">
        <ele>957.204934</ele>
        <time>2026-05-27T18:16:27.261Z</time>
      </trkpt>
      <trkpt lat="47.434883" lon="10.031085">
        <ele>955.356043</ele>
        <time>2026-05-27T18:16:30.685Z</time>
      </trkpt>
      <trkpt lat="47.434795" lon="10.031258">
        <ele>954.844348</ele>
        <time>2026-05-27T18:16:32.109Z</time>
      </trkpt>
      <trkpt lat="47.434595" lon="10.031847">
        <ele>953.286388</ele>
        <time>2026-05-27T18:16:36.502Z</time>
      </trkpt>
      <trkpt lat="47.434491" lon="10.032080">
        <ele>952.626474</ele>
        <time>2026-05-27T18:16:38.360Z</time>
      </trkpt>
      <trkpt lat="47.433886" lon="10.033169">
        <ele>949.334734</ele>
        <time>2026-05-27T18:16:49.138Z</time>
      </trkpt>
      <trkpt lat="47.433720" lon="10.033403">
        <ele>948.584013</ele>
        <time>2026-05-27T18:16:51.415Z</time>
      </trkpt>
      <trkpt lat="47.433444" lon="10.033672">
        <ele>947.502020</ele>
        <time>2026-05-27T18:16:54.662Z</time>
      </trkpt>
      <trkpt lat="47.432376" lon="10.034463">
        <ele>943.672139</ele>
        <time>2026-05-27T18:17:06.476Z</time>
      </trkpt>
      <trkpt lat="47.432231" lon="10.034556">
        <ele>943.248677</ele>
        <time>2026-05-27T18:17:08.099Z</time>
      </trkpt>
      <trkpt lat="47.431859" lon="10.034629">
        <ele>942.243297</ele>
        <time>2026-05-27T18:17:11.989Z</time>
      </trkpt>
      <trkpt lat="47.431625" lon="10.034617">
        <ele>941.616003</ele>
        <time>2026-05-27T18:17:14.501Z</time>
      </trkpt>
      <trkpt lat="47.431215" lon="10.034529">
        <ele>940.506041</ele>
        <time>2026-05-27T18:17:19.010Z</time>
      </trkpt>
      <trkpt lat="47.431124" lon="10.034530">
        <ele>940.262233</ele>
        <time>2026-05-27T18:17:19.959Z</time>
      </trkpt>
      <trkpt lat="47.431006" lon="10.034531">
        <ele>939.946090</ele>
        <time>2026-05-27T18:17:21.186Z</time>
      </trkpt>
      <trkpt lat="47.430487" lon="10.034745">
        <ele>938.641377</ele>
        <time>2026-05-27T18:17:26.888Z</time>
      </trkpt>
      <trkpt lat="47.430340" lon="10.034806">
        <ele>938.312213</ele>
        <time>2026-05-27T18:17:28.530Z</time>
      </trkpt>
      <trkpt lat="47.430249" lon="10.034848">
        <ele>938.106688</ele>
        <time>2026-05-27T18:17:29.540Z</time>
      </trkpt>
      <trkpt lat="47.430232" lon="10.034856">
        <ele>938.068226</ele>
        <time>2026-05-27T18:17:29.743Z</time>
      </trkpt>
      <trkpt lat="47.430041" lon="10.034951">
        <ele>937.633769</ele>
        <time>2026-05-27T18:17:31.930Z</time>
      </trkpt>
      <trkpt lat="47.429868" lon="10.035038">
        <ele>937.239811</ele>
        <time>2026-05-27T18:17:33.962Z</time>
      </trkpt>
      <trkpt lat="47.429754" lon="10.035090">
        <ele>936.982606</ele>
        <time>2026-05-27T18:17:35.339Z</time>
      </trkpt>
      <trkpt lat="47.428982" lon="10.035452">
        <ele>935.212433</ele>
        <time>2026-05-27T18:17:44.132Z</time>
      </trkpt>
      <trkpt lat="47.428806" lon="10.035579">
        <ele>934.687604</ele>
        <time>2026-05-27T18:17:46.261Z</time>
      </trkpt>
      <trkpt lat="47.428478" lon="10.035828">
        <ele>933.699511</ele>
        <time>2026-05-27T18:17:50.239Z</time>
      </trkpt>
      <trkpt lat="47.428319" lon="10.035961">
        <ele>933.209942</ele>
        <time>2026-05-27T18:17:52.144Z</time>
      </trkpt>
      <trkpt lat="47.428283" lon="10.035992">
        <ele>933.098295</ele>
        <time>2026-05-27T18:17:52.569Z</time>
      </trkpt>
      <trkpt lat="47.428042" lon="10.036237">
        <ele>932.314488</ele>
        <time>2026-05-27T18:17:55.560Z</time>
      </trkpt>
      <trkpt lat="47.428025" lon="10.036258">
        <ele>932.255118</ele>
        <time>2026-05-27T18:17:55.789Z</time>
      </trkpt>
      <trkpt lat="47.427870" lon="10.036438">
        <ele>931.726906</ele>
        <time>2026-05-27T18:17:57.786Z</time>
      </trkpt>
      <trkpt lat="47.427809" lon="10.036510">
        <ele>931.517721</ele>
        <time>2026-05-27T18:17:58.575Z</time>
      </trkpt>
      <trkpt lat="47.427801" lon="10.036519">
        <ele>931.490781</ele>
        <time>2026-05-27T18:17:58.675Z</time>
      </trkpt>
      <trkpt lat="47.427722" lon="10.036612">
        <ele>931.220147</ele>
        <time>2026-05-27T18:17:59.701Z</time>
      </trkpt>
      <trkpt lat="47.427687" lon="10.036653">
        <ele>931.100475</ele>
        <time>2026-05-27T18:18:00.148Z</time>
      </trkpt>
      <trkpt lat="47.427595" lon="10.036765">
        <ele>930.781089</ele>
        <time>2026-05-27T18:18:01.362Z</time>
      </trkpt>
      <trkpt lat="47.427498" lon="10.036884">
        <ele>930.484982</ele>
        <time>2026-05-27T18:18:02.629Z</time>
      </trkpt>
      <trkpt lat="47.427430" lon="10.036966">
        <ele>930.384949</ele>
        <time>2026-05-27T18:18:03.530Z</time>
      </trkpt>
      <trkpt lat="47.427382" lon="10.037023">
        <ele>930.314765</ele>
        <time>2026-05-27T18:18:04.174Z</time>
      </trkpt>
      <trkpt lat="47.427257" lon="10.037168">
        <ele>930.133642</ele>
        <time>2026-05-27T18:18:05.854Z</time>
      </trkpt>
      <trkpt lat="47.427062" lon="10.037407">
        <ele>929.844893</ele>
        <time>2026-05-27T18:18:08.625Z</time>
      </trkpt>
      <trkpt lat="47.426773" lon="10.037783">
        <ele>929.406034</ele>
        <time>2026-05-27T18:18:12.985Z</time>
      </trkpt>
      <trkpt lat="47.426736" lon="10.037861">
        <ele>929.332571</ele>
        <time>2026-05-27T18:18:13.712Z</time>
      </trkpt>
      <trkpt lat="47.426678" lon="10.037984">
        <ele>929.216950</ele>
        <time>2026-05-27T18:18:14.900Z</time>
      </trkpt>
      <trkpt lat="47.426558" lon="10.038310">
        <ele>928.930746</ele>
        <time>2026-05-27T18:18:18.024Z</time>
      </trkpt>
      <trkpt lat="47.426305" lon="10.039851">
        <ele>931.032820</ele>
        <time>2026-05-27T18:18:39.206Z</time>
      </trkpt>
      <trkpt lat="47.426199" lon="10.040105">
        <ele>931.812570</ele>
        <time>2026-05-27T18:18:44.218Z</time>
      </trkpt>
      <trkpt lat="47.426107" lon="10.040237">
        <ele>932.307734</ele>
        <time>2026-05-27T18:18:47.899Z</time>
      </trkpt>
      <trkpt lat="47.425564" lon="10.040824">
        <ele>934.905795</ele>
        <time>2026-05-27T18:19:12.761Z</time>
      </trkpt>
      <trkpt lat="47.425431" lon="10.041032">
        <ele>935.936492</ele>
        <time>2026-05-27T18:19:21.308Z</time>
      </trkpt>
      <trkpt lat="47.424967" lon="10.041825">
        <ele>941.882967</ele>
        <time>2026-05-27T18:19:58.010Z</time>
      </trkpt>
      <trkpt lat="47.424864" lon="10.041944">
        <ele>942.978940</ele>
        <time>2026-05-27T18:20:04.848Z</time>
      </trkpt>
      <trkpt lat="47.424610" lon="10.042231">
        <ele>945.659238</ele>
        <time>2026-05-27T18:20:22.253Z</time>
      </trkpt>
      <trkpt lat="47.424493" lon="10.042510">
        <ele>947.521012</ele>
        <time>2026-05-27T18:20:34.162Z</time>
      </trkpt>
      <trkpt lat="47.424264" lon="10.042901">
        <ele>950.454229</ele>
        <time>2026-05-27T18:20:51.002Z</time>
      </trkpt>
      <trkpt lat="47.424095" lon="10.043263">
        <ele>951.400891</ele>
        <time>2026-05-27T18:21:03.552Z</time>
      </trkpt>
      <trkpt lat="47.424028" lon="10.043310">
        <ele>951.631124</ele>
        <time>2026-05-27T18:21:06.498Z</time>
      </trkpt>
      <trkpt lat="47.423913" lon="10.043310">
        <ele>951.988133</ele>
        <time>2026-05-27T18:21:10.797Z</time>
      </trkpt>
      <trkpt lat="47.423527" lon="10.043141">
        <ele>953.237907</ele>
        <time>2026-05-27T18:21:22.215Z</time>
      </trkpt>
      <trkpt lat="47.423448" lon="10.043135">
        <ele>953.483480</ele>
        <time>2026-05-27T18:21:24.294Z</time>
      </trkpt>
      <trkpt lat="47.423366" lon="10.043161">
        <ele>953.743834</ele>
        <time>2026-05-27T18:21:26.252Z</time>
      </trkpt>
      <trkpt lat="47.422866" lon="10.043549">
        <ele>955.496974</ele>
        <time>2026-05-27T18:21:36.005Z</time>
      </trkpt>
      <trkpt lat="47.422639" lon="10.043568">
        <ele>956.217244</ele>
        <time>2026-05-27T18:21:38.856Z</time>
      </trkpt>
      <trkpt lat="47.422563" lon="10.043608">
        <ele>956.495836</ele>
        <time>2026-05-27T18:21:39.783Z</time>
      </trkpt>
      <trkpt lat="47.422457" lon="10.043723">
        <ele>956.949912</ele>
        <time>2026-05-27T18:21:41.365Z</time>
      </trkpt>
      <trkpt lat="47.422286" lon="10.044025">
        <ele>957.870011</ele>
        <time>2026-05-27T18:21:44.697Z</time>
      </trkpt>
      <trkpt lat="47.421987" lon="10.044276">
        <ele>959.057461</ele>
        <time>2026-05-27T18:21:52.150Z</time>
      </trkpt>
      <trkpt lat="47.421946" lon="10.044368">
        <ele>959.314855</ele>
        <time>2026-05-27T18:21:54.297Z</time>
      </trkpt>
      <trkpt lat="47.421893" lon="10.044620">
        <ele>959.931434</ele>
        <time>2026-05-27T18:21:59.863Z</time>
      </trkpt>
      <trkpt lat="47.421821" lon="10.045136">
        <ele>961.162423</ele>
        <time>2026-05-27T18:22:13.666Z</time>
      </trkpt>
      <trkpt lat="47.421751" lon="10.045270">
        <ele>961.557969</ele>
        <time>2026-05-27T18:22:18.647Z</time>
      </trkpt>
      <trkpt lat="47.421677" lon="10.045394">
        <ele>961.944286</ele>
        <time>2026-05-27T18:22:23.980Z</time>
      </trkpt>
      <trkpt lat="47.421619" lon="10.045600">
        <ele>962.650624</ele>
        <time>2026-05-27T18:22:31.565Z</time>
      </trkpt>
      <trkpt lat="47.421622" lon="10.046347">
        <ele>966.189266</ele>
        <time>2026-05-27T18:22:55.595Z</time>
      </trkpt>
      <trkpt lat="47.421612" lon="10.046850">
        <ele>968.573032</ele>
        <time>2026-05-27T18:23:12.760Z</time>
      </trkpt>
      <trkpt lat="47.421598" lon="10.046950">
        <ele>969.056772</ele>
        <time>2026-05-27T18:23:16.306Z</time>
      </trkpt>
      <trkpt lat="47.421531" lon="10.047120">
        <ele>969.988732</ele>
        <time>2026-05-27T18:23:22.574Z</time>
      </trkpt>
      <trkpt lat="47.421514" lon="10.047147">
        <ele>970.163446</ele>
        <time>2026-05-27T18:23:23.722Z</time>
      </trkpt>
      <trkpt lat="47.421403" lon="10.047256">
        <ele>971.096483</ele>
        <time>2026-05-27T18:23:29.531Z</time>
      </trkpt>
      <trkpt lat="47.421282" lon="10.047435">
        <ele>972.295094</ele>
        <time>2026-05-27T18:23:36.671Z</time>
      </trkpt>
      <trkpt lat="47.421232" lon="10.047622">
        <ele>973.247590</ele>
        <time>2026-05-27T18:23:42.086Z</time>
      </trkpt>
      <trkpt lat="47.421218" lon="10.047798">
        <ele>974.087060</ele>
        <time>2026-05-27T18:23:46.665Z</time>
      </trkpt>
      <trkpt lat="47.421256" lon="10.048231">
        <ele>975.791868</ele>
        <time>2026-05-27T18:23:56.175Z</time>
      </trkpt>
      <trkpt lat="47.421389" lon="10.048617">
        <ele>977.259707</ele>
        <time>2026-05-27T18:24:02.157Z</time>
      </trkpt>
      <trkpt lat="47.421437" lon="10.048888">
        <ele>978.208960</ele>
        <time>2026-05-27T18:24:06.539Z</time>
      </trkpt>
      <trkpt lat="47.421438" lon="10.049050">
        <ele>978.757935</ele>
        <time>2026-05-27T18:24:09.817Z</time>
      </trkpt>
      <trkpt lat="47.421391" lon="10.049385">
        <ele>979.917262</ele>
        <time>2026-05-27T18:24:17.847Z</time>
      </trkpt>
      <trkpt lat="47.421243" lon="10.049772">
        <ele>981.423632</ele>
        <time>2026-05-27T18:24:29.394Z</time>
      </trkpt>
      <trkpt lat="47.421168" lon="10.049943">
        <ele>982.114179</ele>
        <time>2026-05-27T18:24:34.810Z</time>
      </trkpt>
      <trkpt lat="47.421152" lon="10.050099">
        <ele>982.648841</ele>
        <time>2026-05-27T18:24:39.176Z</time>
      </trkpt>
      <trkpt lat="47.421366" lon="10.050807">
        <ele>985.204234</ele>
        <time>2026-05-27T18:25:00.973Z</time>
      </trkpt>
      <trkpt lat="47.421389" lon="10.050950">
        <ele>985.676418</ele>
        <time>2026-05-27T18:25:05.059Z</time>
      </trkpt>
      <trkpt lat="47.421257" lon="10.051342">
        <ele>987.083043</ele>
        <time>2026-05-27T18:25:18.674Z</time>
      </trkpt>
      <trkpt lat="47.421230" lon="10.051817">
        <ele>988.614343</ele>
        <time>2026-05-27T18:25:34.904Z</time>
      </trkpt>
      <trkpt lat="47.421094" lon="10.052389">
        <ele>990.562034</ele>
        <time>2026-05-27T18:25:48.782Z</time>
      </trkpt>
      <trkpt lat="47.421025" lon="10.052801">
        <ele>991.925520</ele>
        <time>2026-05-27T18:25:53.844Z</time>
      </trkpt>
      <trkpt lat="47.420939" lon="10.052916">
        <ele>992.402831</ele>
        <time>2026-05-27T18:25:55.281Z</time>
      </trkpt>
      <trkpt lat="47.420824" lon="10.052922">
        <ele>992.146042</ele>
        <time>2026-05-27T18:25:56.566Z</time>
      </trkpt>
      <trkpt lat="47.420671" lon="10.052747">
        <ele>991.714311</ele>
        <time>2026-05-27T18:25:58.639Z</time>
      </trkpt>
      <trkpt lat="47.420386" lon="10.052408">
        <ele>990.897924</ele>
        <time>2026-05-27T18:26:02.249Z</time>
      </trkpt>
      <trkpt lat="47.420293" lon="10.052356">
        <ele>990.676034</ele>
        <time>2026-05-27T18:26:03.207Z</time>
      </trkpt>
      <trkpt lat="47.420191" lon="10.052356">
        <ele>990.448415</ele>
        <time>2026-05-27T18:26:04.176Z</time>
      </trkpt>
      <trkpt lat="47.420045" lon="10.052473">
        <ele>990.077794</ele>
        <time>2026-05-27T18:26:05.729Z</time>
      </trkpt>
      <trkpt lat="47.419577" lon="10.053029">
        <ele>988.737832</ele>
        <time>2026-05-27T18:26:11.612Z</time>
      </trkpt>
      <trkpt lat="47.419441" lon="10.053228">
        <ele>988.545373</ele>
        <time>2026-05-27T18:26:14.303Z</time>
      </trkpt>
      <trkpt lat="47.419292" lon="10.053517">
        <ele>989.261881</ele>
        <time>2026-05-27T18:26:19.609Z</time>
      </trkpt>
      <trkpt lat="47.419234" lon="10.053692">
        <ele>989.646162</ele>
        <time>2026-05-27T18:26:23.153Z</time>
      </trkpt>
      <trkpt lat="47.419059" lon="10.055117">
        <ele>992.502217</ele>
        <time>2026-05-27T18:26:55.570Z</time>
      </trkpt>
      <trkpt lat="47.418989" lon="10.055330">
        <ele>992.969184</ele>
        <time>2026-05-27T18:27:01.071Z</time>
      </trkpt>
      <trkpt lat="47.418721" lon="10.055608">
        <ele>993.712114</ele>
        <time>2026-05-27T18:27:10.362Z</time>
      </trkpt>
      <trkpt lat="47.418405" lon="10.056343">
        <ele>994.079353</ele>
        <time>2026-05-27T18:27:23.626Z</time>
      </trkpt>
      <trkpt lat="47.418345" lon="10.056497">
        <ele>994.154294</ele>
        <time>2026-05-27T18:27:26.745Z</time>
      </trkpt>
      <trkpt lat="47.418259" lon="10.056689">
        <ele>994.251398</ele>
        <time>2026-05-27T18:27:30.011Z</time>
      </trkpt>
      <trkpt lat="47.418140" lon="10.056916">
        <ele>994.372497</ele>
        <time>2026-05-27T18:27:33.226Z</time>
      </trkpt>
      <trkpt lat="47.418053" lon="10.057092">
        <ele>994.464416</ele>
        <time>2026-05-27T18:27:35.329Z</time>
      </trkpt>
      <trkpt lat="47.417999" lon="10.057322">
        <ele>994.567085</ele>
        <time>2026-05-27T18:27:37.320Z</time>
      </trkpt>
      <trkpt lat="47.417985" lon="10.057398">
        <ele>994.600302</ele>
        <time>2026-05-27T18:27:37.964Z</time>
      </trkpt>
      <trkpt lat="47.417979" lon="10.057537">
        <ele>994.659040</ele>
        <time>2026-05-27T18:27:38.964Z</time>
      </trkpt>
      <trkpt lat="47.417995" lon="10.057666">
        <ele>994.714349</ele>
        <time>2026-05-27T18:27:39.941Z</time>
      </trkpt>
      <trkpt lat="47.417989" lon="10.057878">
        <ele>994.635640</ele>
        <time>2026-05-27T18:27:41.394Z</time>
      </trkpt>
      <trkpt lat="47.417874" lon="10.058008">
        <ele>994.187643</ele>
        <time>2026-05-27T18:27:42.827Z</time>
      </trkpt>
      <trkpt lat="47.417332" lon="10.058348">
        <ele>992.365747</ele>
        <time>2026-05-27T18:27:48.731Z</time>
      </trkpt>
      <trkpt lat="47.417136" lon="10.058535">
        <ele>991.643877</ele>
        <time>2026-05-27T18:27:51.062Z</time>
      </trkpt>
      <trkpt lat="47.416759" lon="10.058806">
        <ele>990.346680</ele>
        <time>2026-05-27T18:27:55.005Z</time>
      </trkpt>
      <trkpt lat="47.416695" lon="10.058905">
        <ele>990.060007</ele>
        <time>2026-05-27T18:27:55.916Z</time>
      </trkpt>
      <trkpt lat="47.416641" lon="10.059044">
        <ele>989.724423</ele>
        <time>2026-05-27T18:27:57.019Z</time>
      </trkpt>
      <trkpt lat="47.416563" lon="10.059383">
        <ele>989.187541</ele>
        <time>2026-05-27T18:27:59.653Z</time>
      </trkpt>
      <trkpt lat="47.416476" lon="10.060085">
        <ele>989.043589</ele>
        <time>2026-05-27T18:28:06.325Z</time>
      </trkpt>
      <trkpt lat="47.416476" lon="10.060250">
        <ele>989.010308</ele>
        <time>2026-05-27T18:28:08.455Z</time>
      </trkpt>
      <trkpt lat="47.416565" lon="10.060649">
        <ele>988.925567</ele>
        <time>2026-05-27T18:28:14.602Z</time>
      </trkpt>
      <trkpt lat="47.416584" lon="10.060890">
        <ele>988.876628</ele>
        <time>2026-05-27T18:28:18.114Z</time>
      </trkpt>
      <trkpt lat="47.416512" lon="10.061878">
        <ele>988.676191</ele>
        <time>2026-05-27T18:28:29.644Z</time>
      </trkpt>
      <trkpt lat="47.416489" lon="10.062058">
        <ele>988.102654</ele>
        <time>2026-05-27T18:28:31.132Z</time>
      </trkpt>
      <trkpt lat="47.416467" lon="10.062205">
        <ele>987.604488</ele>
        <time>2026-05-27T18:28:32.250Z</time>
      </trkpt>
      <trkpt lat="47.416365" lon="10.062928">
        <ele>985.160693</ele>
        <time>2026-05-27T18:28:37.170Z</time>
      </trkpt>
      <trkpt lat="47.416323" lon="10.063092">
        <ele>984.580464</ele>
        <time>2026-05-27T18:28:38.276Z</time>
      </trkpt>
      <trkpt lat="47.416264" lon="10.063224">
        <ele>984.056999</ele>
        <time>2026-05-27T18:28:39.262Z</time>
      </trkpt>
      <trkpt lat="47.416084" lon="10.063501">
        <ele>982.786221</ele>
        <time>2026-05-27T18:28:41.612Z</time>
      </trkpt>
      <trkpt lat="47.416027" lon="10.063643">
        <ele>982.239897</ele>
        <time>2026-05-27T18:28:42.611Z</time>
      </trkpt>
      <trkpt lat="47.415926" lon="10.064698">
        <ele>978.466125</ele>
        <time>2026-05-27T18:28:49.037Z</time>
      </trkpt>
      <trkpt lat="47.415622" lon="10.066239">
        <ele>972.023233</ele>
        <time>2026-05-27T18:28:58.893Z</time>
      </trkpt>
      <trkpt lat="47.415385" lon="10.066792">
        <ele>969.395803</ele>
        <time>2026-05-27T18:29:03.105Z</time>
      </trkpt>
      <trkpt lat="47.415377" lon="10.066971">
        <ele>968.965201</ele>
        <time>2026-05-27T18:29:04.285Z</time>
      </trkpt>
      <trkpt lat="47.415429" lon="10.067274">
        <ele>968.390969</ele>
        <time>2026-05-27T18:29:06.358Z</time>
      </trkpt>
      <trkpt lat="47.415407" lon="10.067528">
        <ele>967.920566</ele>
        <time>2026-05-27T18:29:08.190Z</time>
      </trkpt>
      <trkpt lat="47.415368" lon="10.067669">
        <ele>967.640747</ele>
        <time>2026-05-27T18:29:09.329Z</time>
      </trkpt>
      <trkpt lat="47.414882" lon="10.068097">
        <ele>966.104886</ele>
        <time>2026-05-27T18:29:16.056Z</time>
      </trkpt>
      <trkpt lat="47.414742" lon="10.068380">
        <ele>965.460900</ele>
        <time>2026-05-27T18:29:18.775Z</time>
      </trkpt>
      <trkpt lat="47.414664" lon="10.068619">
        <ele>964.973458</ele>
        <time>2026-05-27T18:29:20.799Z</time>
      </trkpt>
      <trkpt lat="47.414557" lon="10.068856">
        <ele>964.450078</ele>
        <time>2026-05-27T18:29:22.851Z</time>
      </trkpt>
      <trkpt lat="47.414060" lon="10.069978">
        <ele>959.602999</ele>
        <time>2026-05-27T18:29:31.478Z</time>
      </trkpt>
      <trkpt lat="47.413731" lon="10.070707">
        <ele>956.353602</ele>
        <time>2026-05-27T18:29:36.633Z</time>
      </trkpt>
      <trkpt lat="47.413644" lon="10.071012">
        <ele>955.126192</ele>
        <time>2026-05-27T18:29:38.626Z</time>
      </trkpt>
      <trkpt lat="47.413629" lon="10.071167">
        <ele>954.545556</ele>
        <time>2026-05-27T18:29:39.598Z</time>
      </trkpt>
      <trkpt lat="47.413635" lon="10.071357">
        <ele>954.559616</ele>
        <time>2026-05-27T18:29:40.838Z</time>
      </trkpt>
      <trkpt lat="47.413757" lon="10.071763">
        <ele>954.793735</ele>
        <time>2026-05-27T18:29:44.311Z</time>
      </trkpt>
      <trkpt lat="47.413798" lon="10.071917">
        <ele>954.880952</ele>
        <time>2026-05-27T18:29:46.510Z</time>
      </trkpt>
      <trkpt lat="47.413847" lon="10.072406">
        <ele>955.141475</ele>
        <time>2026-05-27T18:29:54.198Z</time>
      </trkpt>
      <trkpt lat="47.413936" lon="10.072666">
        <ele>955.295035</ele>
        <time>2026-05-27T18:29:58.461Z</time>
      </trkpt>
      <trkpt lat="47.414080" lon="10.072983">
        <ele>955.496252</ele>
        <time>2026-05-27T18:30:05.100Z</time>
      </trkpt>
      <trkpt lat="47.414103" lon="10.073173">
        <ele>955.597975</ele>
        <time>2026-05-27T18:30:09.032Z</time>
      </trkpt>
      <trkpt lat="47.414066" lon="10.073324">
        <ele>955.682612</ele>
        <time>2026-05-27T18:30:12.734Z</time>
      </trkpt>
      <trkpt lat="47.414023" lon="10.073447">
        <ele>955.755575</ele>
        <time>2026-05-27T18:30:16.206Z</time>
      </trkpt>
      <trkpt lat="47.413900" lon="10.073535">
        <ele>955.862005</ele>
        <time>2026-05-27T18:30:21.212Z</time>
      </trkpt>
      <trkpt lat="47.413583" lon="10.073425">
        <ele>955.973354</ele>
        <time>2026-05-27T18:30:31.916Z</time>
      </trkpt>
      <trkpt lat="47.413491" lon="10.073426">
        <ele>956.003354</ele>
        <time>2026-05-27T18:30:34.403Z</time>
      </trkpt>
      <trkpt lat="47.412957" lon="10.073788">
        <ele>956.194923</ele>
        <time>2026-05-27T18:30:41.619Z</time>
      </trkpt>
      <trkpt lat="47.412549" lon="10.073963">
        <ele>956.333451</ele>
        <time>2026-05-27T18:30:46.266Z</time>
      </trkpt>
      <trkpt lat="47.412231" lon="10.074105">
        <ele>956.441772</ele>
        <time>2026-05-27T18:30:51.067Z</time>
      </trkpt>
      <trkpt lat="47.412091" lon="10.074239">
        <ele>956.335059</ele>
        <time>2026-05-27T18:30:53.258Z</time>
      </trkpt>
      <trkpt lat="47.411482" lon="10.074975">
        <ele>955.525650</ele>
        <time>2026-05-27T18:31:02.944Z</time>
      </trkpt>
      <trkpt lat="47.411199" lon="10.075329">
        <ele>955.144183</ele>
        <time>2026-05-27T18:31:08.068Z</time>
      </trkpt>
      <trkpt lat="47.410649" lon="10.075829">
        <ele>954.275366</ele>
        <time>2026-05-27T18:31:15.683Z</time>
      </trkpt>
      <trkpt lat="47.410211" lon="10.076330">
        <ele>952.788746</ele>
        <time>2026-05-27T18:31:21.468Z</time>
      </trkpt>
      <trkpt lat="47.409453" lon="10.076824">
        <ele>950.565228</ele>
        <time>2026-05-27T18:31:30.017Z</time>
      </trkpt>
      <trkpt lat="47.408832" lon="10.077478">
        <ele>948.492640</ele>
        <time>2026-05-27T18:31:37.613Z</time>
      </trkpt>
      <trkpt lat="47.407889" lon="10.078363">
        <ele>945.432855</ele>
        <time>2026-05-27T18:31:49.199Z</time>
      </trkpt>
      <trkpt lat="47.407646" lon="10.078675">
        <ele>944.750744</ele>
        <time>2026-05-27T18:31:52.805Z</time>
      </trkpt>
      <trkpt lat="47.407311" lon="10.079327">
        <ele>944.236688</ele>
        <time>2026-05-27T18:31:59.227Z</time>
      </trkpt>
      <trkpt lat="47.407189" lon="10.079457">
        <ele>944.097122</ele>
        <time>2026-05-27T18:32:01.048Z</time>
      </trkpt>
      <trkpt lat="47.407026" lon="10.079604">
        <ele>943.919934</ele>
        <time>2026-05-27T18:32:03.456Z</time>
      </trkpt>
      <trkpt lat="47.406316" lon="10.079929">
        <ele>943.230258</ele>
        <time>2026-05-27T18:32:13.378Z</time>
      </trkpt>
      <trkpt lat="47.406017" lon="10.080145">
        <ele>943.547533</ele>
        <time>2026-05-27T18:32:18.387Z</time>
      </trkpt>
      <trkpt lat="47.405859" lon="10.080310">
        <ele>943.795912</ele>
        <time>2026-05-27T18:32:21.684Z</time>
      </trkpt>
      <trkpt lat="47.405491" lon="10.080769">
        <ele>944.414151</ele>
        <time>2026-05-27T18:32:31.473Z</time>
      </trkpt>
      <trkpt lat="47.405352" lon="10.080995">
        <ele>944.679478</ele>
        <time>2026-05-27T18:32:36.416Z</time>
      </trkpt>
      <trkpt lat="47.404952" lon="10.081844">
        <ele>945.570762</ele>
        <time>2026-05-27T18:32:53.175Z</time>
      </trkpt>
      <trkpt lat="47.404822" lon="10.082376">
        <ele>946.018905</ele>
        <time>2026-05-27T18:33:00.807Z</time>
      </trkpt>
      <trkpt lat="47.404759" lon="10.082527">
        <ele>946.159450</ele>
        <time>2026-05-27T18:33:03.015Z</time>
      </trkpt>
      <trkpt lat="47.404516" lon="10.082696">
        <ele>946.473858</ele>
        <time>2026-05-27T18:33:07.651Z</time>
      </trkpt>
      <trkpt lat="47.404125" lon="10.082859">
        <ele>946.949454</ele>
        <time>2026-05-27T18:33:15.072Z</time>
      </trkpt>
      <trkpt lat="47.403965" lon="10.083003">
        <ele>947.168773</ele>
        <time>2026-05-27T18:33:18.560Z</time>
      </trkpt>
      <trkpt lat="47.403801" lon="10.083298">
        <ele>947.471250</ele>
        <time>2026-05-27T18:33:23.258Z</time>
      </trkpt>
      <trkpt lat="47.403638" lon="10.083519">
        <ele>947.693473</ele>
        <time>2026-05-27T18:33:27.488Z</time>
      </trkpt>
      <trkpt lat="47.403334" lon="10.084089">
        <ele>948.107766</ele>
        <time>2026-05-27T18:33:37.863Z</time>
      </trkpt>
      <trkpt lat="47.403184" lon="10.084269">
        <ele>948.270760</ele>
        <time>2026-05-27T18:33:41.845Z</time>
      </trkpt>
      <trkpt lat="47.402795" lon="10.084649">
        <ele>948.664104</ele>
        <time>2026-05-27T18:33:50.640Z</time>
      </trkpt>
      <trkpt lat="47.402743" lon="10.084704">
        <ele>948.718046</ele>
        <time>2026-05-27T18:33:51.733Z</time>
      </trkpt>
      <trkpt lat="47.402629" lon="10.084823">
        <ele>948.835780</ele>
        <time>2026-05-27T18:33:53.863Z</time>
      </trkpt>
      <trkpt lat="47.402060" lon="10.085379">
        <ele>949.608006</ele>
        <time>2026-05-27T18:34:03.690Z</time>
      </trkpt>
      <trkpt lat="47.401805" lon="10.085722">
        <ele>950.092696</ele>
        <time>2026-05-27T18:34:08.675Z</time>
      </trkpt>
      <trkpt lat="47.400542" lon="10.087750">
        <ele>953.298988</ele>
        <time>2026-05-27T18:34:53.535Z</time>
      </trkpt>
      <trkpt lat="47.400494" lon="10.087858">
        <ele>953.489019</ele>
        <time>2026-05-27T18:34:55.787Z</time>
      </trkpt>
      <trkpt lat="47.400049" lon="10.089545">
        <ele>956.212723</ele>
        <time>2026-05-27T18:35:23.824Z</time>
      </trkpt>
      <trkpt lat="47.399901" lon="10.089912">
        <ele>956.904605</ele>
        <time>2026-05-27T18:35:30.651Z</time>
      </trkpt>
      <trkpt lat="47.399715" lon="10.090234">
        <ele>957.590198</ele>
        <time>2026-05-27T18:35:37.727Z</time>
      </trkpt>
      <trkpt lat="47.399610" lon="10.090469">
        <ele>958.046246</ele>
        <time>2026-05-27T18:35:42.504Z</time>
      </trkpt>
      <trkpt lat="47.399550" lon="10.090776">
        <ele>958.563773</ele>
        <time>2026-05-27T18:35:47.971Z</time>
      </trkpt>
      <trkpt lat="47.399510" lon="10.091222">
        <ele>959.292427</ele>
        <time>2026-05-27T18:35:55.649Z</time>
      </trkpt>
      <trkpt lat="47.399345" lon="10.091904">
        <ele>960.190185</ele>
        <time>2026-05-27T18:36:08.215Z</time>
      </trkpt>
      <trkpt lat="47.399298" lon="10.092022">
        <ele>960.311804</ele>
        <time>2026-05-27T18:36:10.555Z</time>
      </trkpt>
      <trkpt lat="47.398934" lon="10.092572">
        <ele>960.995082</ele>
        <time>2026-05-27T18:36:23.010Z</time>
      </trkpt>
      <trkpt lat="47.398355" lon="10.094013">
        <ele>962.037126</ele>
        <time>2026-05-27T18:36:42.053Z</time>
      </trkpt>
      <trkpt lat="47.398261" lon="10.094153">
        <ele>961.919791</ele>
        <time>2026-05-27T18:36:43.756Z</time>
      </trkpt>
      <trkpt lat="47.397549" lon="10.094833">
        <ele>961.174503</ele>
        <time>2026-05-27T18:36:53.543Z</time>
      </trkpt>
      <trkpt lat="47.396760" lon="10.095921">
        <ele>961.508988</ele>
        <time>2026-05-27T18:37:06.470Z</time>
      </trkpt>
      <trkpt lat="47.396563" lon="10.096319">
        <ele>962.135193</ele>
        <time>2026-05-27T18:37:12.642Z</time>
      </trkpt>
      <trkpt lat="47.396468" lon="10.096604">
        <ele>962.538667</ele>
        <time>2026-05-27T18:37:17.579Z</time>
      </trkpt>
      <trkpt lat="47.396300" lon="10.097512">
        <ele>963.734191</ele>
        <time>2026-05-27T18:37:36.144Z</time>
      </trkpt>
      <trkpt lat="47.396263" lon="10.097774">
        <ele>964.169082</ele>
        <time>2026-05-27T18:37:42.396Z</time>
      </trkpt>
      <trkpt lat="47.396179" lon="10.098109">
        <ele>965.293039</ele>
        <time>2026-05-27T18:37:51.041Z</time>
      </trkpt>
      <trkpt lat="47.396109" lon="10.098261">
        <ele>965.871437</ele>
        <time>2026-05-27T18:37:55.587Z</time>
      </trkpt>
      <trkpt lat="47.395766" lon="10.098785">
        <ele>968.164762</ele>
        <time>2026-05-27T18:38:13.905Z</time>
      </trkpt>
      <trkpt lat="47.395634" lon="10.098998">
        <ele>969.073323</ele>
        <time>2026-05-27T18:38:21.110Z</time>
      </trkpt>
      <trkpt lat="47.395457" lon="10.099443">
        <ele>970.697195</ele>
        <time>2026-05-27T18:38:33.120Z</time>
      </trkpt>
      <trkpt lat="47.395303" lon="10.099924">
        <ele>972.370310</ele>
        <time>2026-05-27T18:38:44.600Z</time>
      </trkpt>
      <trkpt lat="47.394666" lon="10.101630">
        <ele>975.190691</ele>
        <time>2026-05-27T18:39:16.327Z</time>
      </trkpt>
      <trkpt lat="47.394549" lon="10.102052">
        <ele>975.850834</ele>
        <time>2026-05-27T18:39:21.764Z</time>
      </trkpt>
      <trkpt lat="47.394465" lon="10.102505">
        <ele>976.556558</ele>
        <time>2026-05-27T18:39:27.400Z</time>
      </trkpt>
      <trkpt lat="47.394294" lon="10.103139">
        <ele>977.625434</ele>
        <time>2026-05-27T18:39:35.992Z</time>
      </trkpt>
      <trkpt lat="47.394020" lon="10.104134">
        <ele>979.307800</ele>
        <time>2026-05-27T18:39:52.335Z</time>
      </trkpt>
      <trkpt lat="47.393685" lon="10.105587">
        <ele>984.019560</ele>
        <time>2026-05-27T18:40:25.877Z</time>
      </trkpt>
      <trkpt lat="47.393537" lon="10.106372">
        <ele>987.502480</ele>
        <time>2026-05-27T18:40:47.458Z</time>
      </trkpt>
      <trkpt lat="47.393384" lon="10.106894">
        <ele>989.933754</ele>
        <time>2026-05-27T18:41:04.242Z</time>
      </trkpt>
      <trkpt lat="47.393309" lon="10.107141">
        <ele>991.090817</ele>
        <time>2026-05-27T18:41:12.721Z</time>
      </trkpt>
      <trkpt lat="47.392445" lon="10.110142">
        <ele>1012.479529</ele>
        <time>2026-05-27T18:43:15.235Z</time>
      </trkpt>
      <trkpt lat="47.392167" lon="10.110877">
        <ele>1017.907359</ele>
        <time>2026-05-27T18:43:48.631Z</time>
      </trkpt>
      <trkpt lat="47.392150" lon="10.111142">
        <ele>1019.623427</ele>
        <time>2026-05-27T18:43:58.433Z</time>
      </trkpt>
      <trkpt lat="47.392169" lon="10.111269">
        <ele>1020.461932</ele>
        <time>2026-05-27T18:44:03.158Z</time>
      </trkpt>
      <trkpt lat="47.392227" lon="10.111419">
        <ele>1021.575581</ele>
        <time>2026-05-27T18:44:09.219Z</time>
      </trkpt>
      <trkpt lat="47.392370" lon="10.111628">
        <ele>1023.491286</ele>
        <time>2026-05-27T18:44:19.361Z</time>
      </trkpt>
      <trkpt lat="47.393208" lon="10.112598">
        <ele>1034.197982</ele>
        <time>2026-05-27T18:45:07.782Z</time>
      </trkpt>
      <trkpt lat="47.393478" lon="10.112959">
        <ele>1037.949631</ele>
        <time>2026-05-27T18:45:26.479Z</time>
      </trkpt>
      <trkpt lat="47.393747" lon="10.113466">
        <ele>1042.441961</ele>
        <time>2026-05-27T18:45:53.765Z</time>
      </trkpt>
      <trkpt lat="47.393949" lon="10.113957">
        <ele>1046.846783</ele>
        <time>2026-05-27T18:46:21.978Z</time>
      </trkpt>
      <trkpt lat="47.394042" lon="10.114261">
        <ele>1049.921297</ele>
        <time>2026-05-27T18:46:39.594Z</time>
      </trkpt>
      <trkpt lat="47.394079" lon="10.114615">
        <ele>1053.222469</ele>
        <time>2026-05-27T18:46:58.888Z</time>
      </trkpt>
      <trkpt lat="47.393944" lon="10.115599">
        <ele>1062.475527</ele>
        <time>2026-05-27T18:47:51.257Z</time>
      </trkpt>
      <trkpt lat="47.393963" lon="10.116800">
        <ele>1072.003213</ele>
        <time>2026-05-27T18:48:39.632Z</time>
      </trkpt>
      <trkpt lat="47.394018" lon="10.116975">
        <ele>1073.068075</ele>
        <time>2026-05-27T18:48:46.088Z</time>
      </trkpt>
      <trkpt lat="47.394419" lon="10.117577">
        <ele>1077.729340</ele>
        <time>2026-05-27T18:49:14.374Z</time>
      </trkpt>
      <trkpt lat="47.394702" lon="10.118065">
        <ele>1081.275800</ele>
        <time>2026-05-27T18:49:33.944Z</time>
      </trkpt>
      <trkpt lat="47.394783" lon="10.118305">
        <ele>1082.755867</ele>
        <time>2026-05-27T18:49:40.678Z</time>
      </trkpt>
      <trkpt lat="47.394905" lon="10.118833">
        <ele>1085.479596</ele>
        <time>2026-05-27T18:49:53.786Z</time>
      </trkpt>
      <trkpt lat="47.394954" lon="10.118944">
        <ele>1086.034440</ele>
        <time>2026-05-27T18:49:56.867Z</time>
      </trkpt>
      <trkpt lat="47.395028" lon="10.119101">
        <ele>1086.835445</ele>
        <time>2026-05-27T18:50:01.370Z</time>
      </trkpt>
      <trkpt lat="47.395379" lon="10.119623">
        <ele>1089.916037</ele>
        <time>2026-05-27T18:50:19.046Z</time>
      </trkpt>
      <trkpt lat="47.395467" lon="10.119904">
        <ele>1091.212373</ele>
        <time>2026-05-27T18:50:26.721Z</time>
      </trkpt>
      <trkpt lat="47.395494" lon="10.120085">
        <ele>1091.988392</ele>
        <time>2026-05-27T18:50:31.264Z</time>
      </trkpt>
      <trkpt lat="47.395480" lon="10.120307">
        <ele>1092.921919</ele>
        <time>2026-05-27T18:50:36.727Z</time>
      </trkpt>
      <trkpt lat="47.395378" lon="10.121118">
        <ele>1096.622928</ele>
        <time>2026-05-27T18:51:01.095Z</time>
      </trkpt>
      <trkpt lat="47.395254" lon="10.122059">
        <ele>1101.754217</ele>
        <time>2026-05-27T18:51:40.638Z</time>
      </trkpt>
      <trkpt lat="47.395221" lon="10.123286">
        <ele>1108.326980</ele>
        <time>2026-05-27T18:52:23.601Z</time>
      </trkpt>
      <trkpt lat="47.395229" lon="10.124112">
        <ele>1108.712645</ele>
        <time>2026-05-27T18:52:37.356Z</time>
      </trkpt>
      <trkpt lat="47.395466" lon="10.127286">
        <ele>1104.120511</ele>
        <time>2026-05-27T18:52:57.690Z</time>
      </trkpt>
      <trkpt lat="47.395724" lon="10.129637">
        <ele>1103.307311</ele>
        <time>2026-05-27T18:53:31.550Z</time>
      </trkpt>
      <trkpt lat="47.395871" lon="10.130472">
        <ele>1103.815758</ele>
        <time>2026-05-27T18:53:43.115Z</time>
      </trkpt>
      <trkpt lat="47.396302" lon="10.132074">
        <ele>1105.086148</ele>
        <time>2026-05-27T18:54:00.168Z</time>
      </trkpt>
      <trkpt lat="47.396611" lon="10.133567">
        <ele>1106.530125</ele>
        <time>2026-05-27T18:54:21.450Z</time>
      </trkpt>
      <trkpt lat="47.396778" lon="10.134765">
        <ele>1109.159172</ele>
        <time>2026-05-27T18:54:44.993Z</time>
      </trkpt>
      <trkpt lat="47.397010" lon="10.137600">
        <ele>1115.049357</ele>
        <time>2026-05-27T18:55:47.435Z</time>
      </trkpt>
      <trkpt lat="47.397033" lon="10.138238">
        <ele>1115.789286</ele>
        <time>2026-05-27T18:55:57.423Z</time>
      </trkpt>
      <trkpt lat="47.397042" lon="10.139763">
        <ele>1115.705806</ele>
        <time>2026-05-27T18:56:09.671Z</time>
      </trkpt>
      <trkpt lat="47.397099" lon="10.140118">
        <ele>1114.986361</ele>
        <time>2026-05-27T18:56:12.102Z</time>
      </trkpt>
      <trkpt lat="47.397556" lon="10.142159">
        <ele>1111.265227</ele>
        <time>2026-05-27T18:56:26.507Z</time>
      </trkpt>
      <trkpt lat="47.397710" lon="10.142825">
        <ele>1110.690332</ele>
        <time>2026-05-27T18:56:31.861Z</time>
      </trkpt>
      <trkpt lat="47.397821" lon="10.143067">
        <ele>1110.451544</ele>
        <time>2026-05-27T18:56:34.443Z</time>
      </trkpt>
      <trkpt lat="47.397966" lon="10.143297">
        <ele>1110.194804</ele>
        <time>2026-05-27T18:56:37.674Z</time>
      </trkpt>
      <trkpt lat="47.398198" lon="10.143553">
        <ele>1109.845360</ele>
        <time>2026-05-27T18:56:42.812Z</time>
      </trkpt>
      <trkpt lat="47.398528" lon="10.143839">
        <ele>1109.293003</ele>
        <time>2026-05-27T18:56:49.039Z</time>
      </trkpt>
      <trkpt lat="47.398653" lon="10.144006">
        <ele>1108.851248</ele>
        <time>2026-05-27T18:56:51.238Z</time>
      </trkpt>
      <trkpt lat="47.398807" lon="10.144291">
        <ele>1108.204224</ele>
        <time>2026-05-27T18:56:54.315Z</time>
      </trkpt>
      <trkpt lat="47.398911" lon="10.144756">
        <ele>1107.335325</ele>
        <time>2026-05-27T18:56:58.359Z</time>
      </trkpt>
      <trkpt lat="47.399060" lon="10.145196">
        <ele>1106.462410</ele>
        <time>2026-05-27T18:57:02.098Z</time>
      </trkpt>
      <trkpt lat="47.399104" lon="10.145397">
        <ele>1106.087601</ele>
        <time>2026-05-27T18:57:03.521Z</time>
      </trkpt>
      <trkpt lat="47.399139" lon="10.145779">
        <ele>1105.403658</ele>
        <time>2026-05-27T18:57:05.985Z</time>
      </trkpt>
      <trkpt lat="47.399112" lon="10.146501">
        <ele>1103.229167</ele>
        <time>2026-05-27T18:57:10.430Z</time>
      </trkpt>
      <trkpt lat="47.399113" lon="10.146619">
        <ele>1102.721475</ele>
        <time>2026-05-27T18:57:11.156Z</time>
      </trkpt>
      <trkpt lat="47.399175" lon="10.147201">
        <ele>1100.186814</ele>
        <time>2026-05-27T18:57:14.719Z</time>
      </trkpt>
      <trkpt lat="47.399435" lon="10.148732">
        <ele>1093.396131</ele>
        <time>2026-05-27T18:57:24.332Z</time>
      </trkpt>
      <trkpt lat="47.399810" lon="10.150670">
        <ele>1088.011611</ele>
        <time>2026-05-27T18:57:37.702Z</time>
      </trkpt>
      <trkpt lat="47.400010" lon="10.151434">
        <ele>1085.974816</ele>
        <time>2026-05-27T18:57:43.504Z</time>
      </trkpt>
      <trkpt lat="47.400627" lon="10.153418">
        <ele>1082.086616</ele>
        <time>2026-05-27T18:57:58.925Z</time>
      </trkpt>
      <trkpt lat="47.400763" lon="10.153792">
        <ele>1081.441391</ele>
        <time>2026-05-27T18:58:01.938Z</time>
      </trkpt>
      <trkpt lat="47.401074" lon="10.154335">
        <ele>1080.896290</ele>
        <time>2026-05-27T18:58:07.224Z</time>
      </trkpt>
      <trkpt lat="47.401134" lon="10.154422">
        <ele>1080.801108</ele>
        <time>2026-05-27T18:58:08.167Z</time>
      </trkpt>
      <trkpt lat="47.402481" lon="10.156775">
        <ele>1078.664746</ele>
        <time>2026-05-27T18:58:35.903Z</time>
      </trkpt>
      <trkpt lat="47.403351" lon="10.158325">
        <ele>1077.262526</ele>
        <time>2026-05-27T18:58:51.924Z</time>
      </trkpt>
      <trkpt lat="47.403416" lon="10.158442">
        <ele>1077.131702</ele>
        <time>2026-05-27T18:58:53.097Z</time>
      </trkpt>
      <trkpt lat="47.403585" lon="10.158840">
        <ele>1076.725625</ele>
        <time>2026-05-27T18:58:56.696Z</time>
      </trkpt>
      <trkpt lat="47.403736" lon="10.159318">
        <ele>1076.269715</ele>
        <time>2026-05-27T18:59:00.774Z</time>
      </trkpt>
      <trkpt lat="47.403775" lon="10.159524">
        <ele>1076.084839</ele>
        <time>2026-05-27T18:59:02.450Z</time>
      </trkpt>
      <trkpt lat="47.403859" lon="10.160477">
        <ele>1075.371505</ele>
        <time>2026-05-27T18:59:10.483Z</time>
      </trkpt>
      <trkpt lat="47.403979" lon="10.161279">
        <ele>1074.907606</ele>
        <time>2026-05-27T18:59:18.737Z</time>
      </trkpt>
      <trkpt lat="47.404123" lon="10.161867">
        <ele>1074.554438</ele>
        <time>2026-05-27T18:59:25.009Z</time>
      </trkpt>
      <trkpt lat="47.404359" lon="10.162535">
        <ele>1074.128852</ele>
        <time>2026-05-27T18:59:31.278Z</time>
      </trkpt>
      <trkpt lat="47.404592" lon="10.163336">
        <ele>1071.749041</ele>
        <time>2026-05-27T18:59:37.375Z</time>
      </trkpt>
      <trkpt lat="47.404722" lon="10.163673">
        <ele>1070.621839</ele>
        <time>2026-05-27T18:59:39.895Z</time>
      </trkpt>
      <trkpt lat="47.405111" lon="10.164477">
        <ele>1067.749872</ele>
        <time>2026-05-27T18:59:46.055Z</time>
      </trkpt>
      <trkpt lat="47.405457" lon="10.165213">
        <ele>1065.543989</ele>
        <time>2026-05-27T18:59:51.685Z</time>
      </trkpt>
      <trkpt lat="47.405639" lon="10.165634">
        <ele>1064.564823</ele>
        <time>2026-05-27T18:59:54.999Z</time>
      </trkpt>
      <trkpt lat="47.405763" lon="10.165907">
        <ele>1063.920389</ele>
        <time>2026-05-27T18:59:57.290Z</time>
      </trkpt>
      <trkpt lat="47.405843" lon="10.166096">
        <ele>1063.483451</ele>
        <time>2026-05-27T18:59:58.881Z</time>
      </trkpt>
      <trkpt lat="47.406211" lon="10.167042">
        <ele>1061.344767</ele>
        <time>2026-05-27T19:00:07.315Z</time>
      </trkpt>
      <trkpt lat="47.406596" lon="10.168406">
        <ele>1059.775675</ele>
        <time>2026-05-27T19:00:19.849Z</time>
      </trkpt>
      <trkpt lat="47.406696" lon="10.168867">
        <ele>1059.291296</ele>
        <time>2026-05-27T19:00:23.633Z</time>
      </trkpt>
      <trkpt lat="47.406851" lon="10.169688">
        <ele>1058.413442</ele>
        <time>2026-05-27T19:00:29.979Z</time>
      </trkpt>
      <trkpt lat="47.407053" lon="10.170954">
        <ele>1056.591531</ele>
        <time>2026-05-27T19:00:39.104Z</time>
      </trkpt>
      <trkpt lat="47.407045" lon="10.171252">
        <ele>1056.173793</ele>
        <time>2026-05-27T19:00:41.203Z</time>
      </trkpt>
      <trkpt lat="47.407014" lon="10.171663">
        <ele>1055.594539</ele>
        <time>2026-05-27T19:00:44.157Z</time>
      </trkpt>
      <trkpt lat="47.406943" lon="10.172019">
        <ele>1055.074686</ele>
        <time>2026-05-27T19:00:46.909Z</time>
      </trkpt>
      <trkpt lat="47.406617" lon="10.173124">
        <ele>1055.364418</ele>
        <time>2026-05-27T19:00:59.195Z</time>
      </trkpt>
      <trkpt lat="47.406441" lon="10.173626">
        <ele>1055.697702</ele>
        <time>2026-05-27T19:01:07.406Z</time>
      </trkpt>
      <trkpt lat="47.406364" lon="10.173886">
        <ele>1055.865007</ele>
        <time>2026-05-27T19:01:11.806Z</time>
      </trkpt>
      <trkpt lat="47.406323" lon="10.174099">
        <ele>1055.995553</ele>
        <time>2026-05-27T19:01:15.159Z</time>
      </trkpt>
      <trkpt lat="47.406320" lon="10.174411">
        <ele>1056.179499</ele>
        <time>2026-05-27T19:01:19.686Z</time>
      </trkpt>
      <trkpt lat="47.406362" lon="10.175240">
        <ele>1056.703228</ele>
        <time>2026-05-27T19:01:31.929Z</time>
      </trkpt>
      <trkpt lat="47.406430" lon="10.175586">
        <ele>1056.937661</ele>
        <time>2026-05-27T19:01:36.880Z</time>
      </trkpt>
      <trkpt lat="47.406494" lon="10.175913">
        <ele>1057.159148</ele>
        <time>2026-05-27T19:01:40.864Z</time>
      </trkpt>
      <trkpt lat="47.406528" lon="10.176324">
        <ele>1057.428563</ele>
        <time>2026-05-27T19:01:45.733Z</time>
      </trkpt>
      <trkpt lat="47.406742" lon="10.178675">
        <ele>1057.706113</ele>
        <time>2026-05-27T19:02:12.981Z</time>
      </trkpt>
      <trkpt lat="47.406821" lon="10.179174">
        <ele>1057.569319</ele>
        <time>2026-05-27T19:02:17.137Z</time>
      </trkpt>
      <trkpt lat="47.406954" lon="10.179683">
        <ele>1057.423678</ele>
        <time>2026-05-27T19:02:21.397Z</time>
      </trkpt>
      <trkpt lat="47.407067" lon="10.180459">
        <ele>1057.181170</ele>
        <time>2026-05-27T19:02:27.454Z</time>
      </trkpt>
      <trkpt lat="47.407151" lon="10.181256">
        <ele>1056.922810</ele>
        <time>2026-05-27T19:02:34.099Z</time>
      </trkpt>
      <trkpt lat="47.407144" lon="10.181810">
        <ele>1056.745330</ele>
        <time>2026-05-27T19:02:39.530Z</time>
      </trkpt>
      <trkpt lat="47.407177" lon="10.182384">
        <ele>1056.560813</ele>
        <time>2026-05-27T19:02:46.398Z</time>
      </trkpt>
      <trkpt lat="47.407179" lon="10.183481">
        <ele>1056.448633</ele>
        <time>2026-05-27T19:02:59.802Z</time>
      </trkpt>
      <trkpt lat="47.407130" lon="10.184584">
        <ele>1056.372888</ele>
        <time>2026-05-27T19:03:11.609Z</time>
      </trkpt>
      <trkpt lat="47.407093" lon="10.186226">
        <ele>1052.938455</ele>
        <time>2026-05-27T19:03:24.144Z</time>
      </trkpt>
      <trkpt lat="47.407129" lon="10.186880">
        <ele>1050.798991</ele>
        <time>2026-05-27T19:03:28.293Z</time>
      </trkpt>
      <trkpt lat="47.407235" lon="10.187824">
        <ele>1047.678926</ele>
        <time>2026-05-27T19:03:34.081Z</time>
      </trkpt>
      <trkpt lat="47.407355" lon="10.188520">
        <ele>1042.902049</ele>
        <time>2026-05-27T19:03:38.310Z</time>
      </trkpt>
      <trkpt lat="47.407352" lon="10.189838">
        <ele>1034.111691</ele>
        <time>2026-05-27T19:03:45.937Z</time>
      </trkpt>
      <trkpt lat="47.407394" lon="10.190613">
        <ele>1029.108245</ele>
        <time>2026-05-27T19:03:50.432Z</time>
      </trkpt>
      <trkpt lat="47.407550" lon="10.191061">
        <ele>1026.350314</ele>
        <time>2026-05-27T19:03:53.371Z</time>
      </trkpt>
      <trkpt lat="47.407592" lon="10.191282">
        <ele>1025.093765</ele>
        <time>2026-05-27T19:03:54.726Z</time>
      </trkpt>
      <trkpt lat="47.407760" lon="10.191730">
        <ele>1022.290108</ele>
        <time>2026-05-27T19:03:57.765Z</time>
      </trkpt>
      <trkpt lat="47.407851" lon="10.192376">
        <ele>1018.678120</ele>
        <time>2026-05-27T19:04:01.778Z</time>
      </trkpt>
      <trkpt lat="47.407855" lon="10.192543">
        <ele>1017.763392</ele>
        <time>2026-05-27T19:04:02.800Z</time>
      </trkpt>
      <trkpt lat="47.407826" lon="10.192730">
        <ele>1016.713225</ele>
        <time>2026-05-27T19:04:03.966Z</time>
      </trkpt>
      <trkpt lat="47.407656" lon="10.193251">
        <ele>1014.466159</ele>
        <time>2026-05-27T19:04:07.533Z</time>
      </trkpt>
      <trkpt lat="47.407588" lon="10.193544">
        <ele>1013.614709</ele>
        <time>2026-05-27T19:04:09.490Z</time>
      </trkpt>
      <trkpt lat="47.407601" lon="10.193820">
        <ele>1012.854193</ele>
        <time>2026-05-27T19:04:11.269Z</time>
      </trkpt>
      <trkpt lat="47.407703" lon="10.194195">
        <ele>1011.743242</ele>
        <time>2026-05-27T19:04:13.894Z</time>
      </trkpt>
      <trkpt lat="47.407759" lon="10.194376">
        <ele>1011.196177</ele>
        <time>2026-05-27T19:04:15.197Z</time>
      </trkpt>
      <trkpt lat="47.407798" lon="10.194543">
        <ele>1010.710560</ele>
        <time>2026-05-27T19:04:16.372Z</time>
      </trkpt>
      <trkpt lat="47.407910" lon="10.195113">
        <ele>1009.079026</ele>
        <time>2026-05-27T19:04:20.449Z</time>
      </trkpt>
      <trkpt lat="47.407946" lon="10.195507">
        <ele>1008.037622</ele>
        <time>2026-05-27T19:04:23.316Z</time>
      </trkpt>
      <trkpt lat="47.407952" lon="10.196777">
        <ele>1006.315409</ele>
        <time>2026-05-27T19:04:34.716Z</time>
      </trkpt>
      <trkpt lat="47.407916" lon="10.197257">
        <ele>1005.660525</ele>
        <time>2026-05-27T19:04:38.563Z</time>
      </trkpt>
      <trkpt lat="47.407747" lon="10.198381">
        <ele>1003.541701</ele>
        <time>2026-05-27T19:04:46.503Z</time>
      </trkpt>
      <trkpt lat="47.407769" lon="10.198711">
        <ele>1002.440338</ele>
        <time>2026-05-27T19:04:48.628Z</time>
      </trkpt>
      <trkpt lat="47.407913" lon="10.199257">
        <ele>1000.494028</ele>
        <time>2026-05-27T19:04:52.303Z</time>
      </trkpt>
      <trkpt lat="47.407928" lon="10.199477">
        <ele>999.759626</ele>
        <time>2026-05-27T19:04:53.674Z</time>
      </trkpt>
      <trkpt lat="47.407882" lon="10.201286">
        <ele>994.695098</ele>
        <time>2026-05-27T19:05:05.089Z</time>
      </trkpt>
      <trkpt lat="47.407857" lon="10.201441">
        <ele>994.428611</ele>
        <time>2026-05-27T19:05:06.158Z</time>
      </trkpt>
      <trkpt lat="47.407759" lon="10.201759">
        <ele>993.844234</ele>
        <time>2026-05-27T19:05:08.560Z</time>
      </trkpt>
      <trkpt lat="47.407724" lon="10.201859">
        <ele>993.655949</ele>
        <time>2026-05-27T19:05:09.362Z</time>
      </trkpt>
      <trkpt lat="47.407556" lon="10.202688">
        <ele>992.208675</ele>
        <time>2026-05-27T19:05:15.980Z</time>
      </trkpt>
      <trkpt lat="47.407487" lon="10.203304">
        <ele>991.198403</ele>
        <time>2026-05-27T19:05:21.811Z</time>
      </trkpt>
      <trkpt lat="47.407538" lon="10.203853">
        <ele>990.934654</ele>
        <time>2026-05-27T19:05:28.000Z</time>
      </trkpt>
      <trkpt lat="47.407687" lon="10.204381">
        <ele>990.662379</ele>
        <time>2026-05-27T19:05:34.160Z</time>
      </trkpt>
      <trkpt lat="47.407697" lon="10.204633">
        <ele>990.542233</ele>
        <time>2026-05-27T19:05:36.783Z</time>
      </trkpt>
      <trkpt lat="47.407649" lon="10.204804">
        <ele>990.454122</ele>
        <time>2026-05-27T19:05:38.682Z</time>
      </trkpt>
      <trkpt lat="47.407409" lon="10.205308">
        <ele>990.160812</ele>
        <time>2026-05-27T19:05:44.136Z</time>
      </trkpt>
      <trkpt lat="47.407138" lon="10.206321">
        <ele>986.849206</ele>
        <time>2026-05-27T19:05:52.019Z</time>
      </trkpt>
      <trkpt lat="47.407080" lon="10.206761">
        <ele>984.679558</ele>
        <time>2026-05-27T19:05:54.907Z</time>
      </trkpt>
      <trkpt lat="47.407089" lon="10.207827">
        <ele>979.519644</ele>
        <time>2026-05-27T19:06:01.236Z</time>
      </trkpt>
      <trkpt lat="47.406997" lon="10.208252">
        <ele>977.359953</ele>
        <time>2026-05-27T19:06:03.788Z</time>
      </trkpt>
      <trkpt lat="47.406968" lon="10.208542">
        <ele>975.242034</ele>
        <time>2026-05-27T19:06:05.454Z</time>
      </trkpt>
      <trkpt lat="47.406978" lon="10.208798">
        <ele>973.241709</ele>
        <time>2026-05-27T19:06:06.908Z</time>
      </trkpt>
      <trkpt lat="47.407083" lon="10.209551">
        <ele>967.244341</ele>
        <time>2026-05-27T19:06:11.275Z</time>
      </trkpt>
      <trkpt lat="47.406999" lon="10.210276">
        <ele>961.506501</ele>
        <time>2026-05-27T19:06:15.508Z</time>
      </trkpt>
      <trkpt lat="47.407016" lon="10.211145">
        <ele>954.639513</ele>
        <time>2026-05-27T19:06:20.580Z</time>
      </trkpt>
      <trkpt lat="47.406913" lon="10.212014">
        <ele>947.396863</ele>
        <time>2026-05-27T19:06:25.687Z</time>
      </trkpt>
      <trkpt lat="47.406816" lon="10.212297">
        <ele>944.792606</ele>
        <time>2026-05-27T19:06:27.511Z</time>
      </trkpt>
      <trkpt lat="47.406743" lon="10.212751">
        <ele>940.961726</ele>
        <time>2026-05-27T19:06:30.168Z</time>
      </trkpt>
      <trkpt lat="47.406726" lon="10.213071">
        <ele>938.326588</ele>
        <time>2026-05-27T19:06:31.982Z</time>
      </trkpt>
      <trkpt lat="47.406759" lon="10.214324">
        <ele>927.531863</ele>
        <time>2026-05-27T19:06:39.038Z</time>
      </trkpt>
      <trkpt lat="47.406780" lon="10.214491">
        <ele>926.030097</ele>
        <time>2026-05-27T19:06:39.998Z</time>
      </trkpt>
      <trkpt lat="47.406968" lon="10.215317">
        <ele>918.325293</ele>
        <time>2026-05-27T19:06:44.940Z</time>
      </trkpt>
      <trkpt lat="47.406982" lon="10.215709">
        <ele>914.854697</ele>
        <time>2026-05-27T19:06:47.181Z</time>
      </trkpt>
      <trkpt lat="47.406934" lon="10.216096">
        <ele>911.376144</ele>
        <time>2026-05-27T19:06:49.441Z</time>
      </trkpt>
      <trkpt lat="47.406651" lon="10.216621">
        <ele>907.606894</ele>
        <time>2026-05-27T19:06:53.323Z</time>
      </trkpt>
      <trkpt lat="47.406570" lon="10.216826">
        <ele>906.320086</ele>
        <time>2026-05-27T19:06:54.706Z</time>
      </trkpt>
      <trkpt lat="47.406518" lon="10.217941">
        <ele>900.261450</ele>
        <time>2026-05-27T19:07:01.346Z</time>
      </trkpt>
      <trkpt lat="47.406521" lon="10.218487">
        <ele>897.301540</ele>
        <time>2026-05-27T19:07:04.781Z</time>
      </trkpt>
      <trkpt lat="47.406572" lon="10.218991">
        <ele>895.948765</ele>
        <time>2026-05-27T19:07:08.257Z</time>
      </trkpt>
      <trkpt lat="47.406845" lon="10.219838">
        <ele>894.289909</ele>
        <time>2026-05-27T19:07:15.800Z</time>
      </trkpt>
      <trkpt lat="47.406973" lon="10.220764">
        <ele>892.618737</ele>
        <time>2026-05-27T19:07:23.114Z</time>
      </trkpt>
      <trkpt lat="47.406985" lon="10.221064">
        <ele>892.087346</ele>
        <time>2026-05-27T19:07:25.286Z</time>
      </trkpt>
      <trkpt lat="47.406828" lon="10.221709">
        <ele>889.234048</ele>
        <time>2026-05-27T19:07:29.862Z</time>
      </trkpt>
      <trkpt lat="47.406789" lon="10.222012">
        <ele>887.841534</ele>
        <time>2026-05-27T19:07:31.770Z</time>
      </trkpt>
      <trkpt lat="47.406825" lon="10.222293">
        <ele>886.550336</ele>
        <time>2026-05-27T19:07:33.494Z</time>
      </trkpt>
      <trkpt lat="47.406933" lon="10.222760">
        <ele>884.322216</ele>
        <time>2026-05-27T19:07:36.395Z</time>
      </trkpt>
      <trkpt lat="47.407033" lon="10.224160">
        <ele>878.754334</ele>
        <time>2026-05-27T19:07:44.763Z</time>
      </trkpt>
      <trkpt lat="47.407078" lon="10.224487">
        <ele>877.851327</ele>
        <time>2026-05-27T19:07:46.828Z</time>
      </trkpt>
      <trkpt lat="47.407215" lon="10.225149">
        <ele>875.978000</ele>
        <time>2026-05-27T19:07:51.299Z</time>
      </trkpt>
      <trkpt lat="47.407362" lon="10.225712">
        <ele>874.345014</ele>
        <time>2026-05-27T19:07:55.636Z</time>
      </trkpt>
      <trkpt lat="47.407465" lon="10.225999">
        <ele>873.465924</ele>
        <time>2026-05-27T19:07:58.417Z</time>
      </trkpt>
      <trkpt lat="47.407659" lon="10.226400">
        <ele>872.764049</ele>
        <time>2026-05-27T19:08:03.373Z</time>
      </trkpt>
      <trkpt lat="47.407956" lon="10.226880">
        <ele>872.829400</ele>
        <time>2026-05-27T19:08:10.767Z</time>
      </trkpt>
      <trkpt lat="47.408492" lon="10.227452">
        <ele>872.927565</ele>
        <time>2026-05-27T19:08:22.090Z</time>
      </trkpt>
      <trkpt lat="47.408831" lon="10.227773">
        <ele>872.987344</ele>
        <time>2026-05-27T19:08:29.215Z</time>
      </trkpt>
      <trkpt lat="47.410198" lon="10.229133">
        <ele>871.783929</ele>
        <time>2026-05-27T19:08:50.645Z</time>
      </trkpt>
      <trkpt lat="47.410664" lon="10.229678">
        <ele>870.450729</ele>
        <time>2026-05-27T19:08:57.234Z</time>
      </trkpt>
      <trkpt lat="47.411110" lon="10.230252">
        <ele>868.301699</ele>
        <time>2026-05-27T19:09:03.399Z</time>
      </trkpt>
      <trkpt lat="47.411522" lon="10.230824">
        <ele>866.247607</ele>
        <time>2026-05-27T19:09:08.864Z</time>
      </trkpt>
      <trkpt lat="47.411704" lon="10.231169">
        <ele>865.171982</ele>
        <time>2026-05-27T19:09:11.644Z</time>
      </trkpt>
      <trkpt lat="47.411834" lon="10.231521">
        <ele>863.646565</ele>
        <time>2026-05-27T19:09:14.144Z</time>
      </trkpt>
      <trkpt lat="47.412537" lon="10.233230">
        <ele>855.511096</ele>
        <time>2026-05-27T19:09:26.217Z</time>
      </trkpt>
      <trkpt lat="47.412871" lon="10.233839">
        <ele>854.641793</ele>
        <time>2026-05-27T19:09:31.517Z</time>
      </trkpt>
      <trkpt lat="47.413315" lon="10.234474">
        <ele>855.519400</ele>
        <time>2026-05-27T19:09:41.613Z</time>
      </trkpt>
      <trkpt lat="47.413458" lon="10.234633">
        <ele>855.773579</ele>
        <time>2026-05-27T19:09:46.523Z</time>
      </trkpt>
      <trkpt lat="47.413890" lon="10.234890">
        <ele>856.435017</ele>
        <time>2026-05-27T19:10:04.111Z</time>
      </trkpt>
      <trkpt lat="47.414645" lon="10.235477">
        <ele>858.218864</ele>
        <time>2026-05-27T19:10:34.366Z</time>
      </trkpt>
      <trkpt lat="47.414722" lon="10.235518">
        <ele>858.409546</ele>
        <time>2026-05-27T19:10:36.491Z</time>
      </trkpt>
      <trkpt lat="47.414952" lon="10.235594">
        <ele>858.958623</ele>
        <time>2026-05-27T19:10:42.005Z</time>
      </trkpt>
      <trkpt lat="47.415205" lon="10.235708">
        <ele>859.574844</ele>
        <time>2026-05-27T19:10:47.093Z</time>
      </trkpt>
      <trkpt lat="47.415261" lon="10.235748">
        <ele>859.719751</ele>
        <time>2026-05-27T19:10:48.167Z</time>
      </trkpt>
      <trkpt lat="47.415422" lon="10.235871">
        <ele>860.142001</ele>
        <time>2026-05-27T19:10:51.051Z</time>
      </trkpt>
      <trkpt lat="47.415508" lon="10.235931">
        <ele>860.363566</ele>
        <time>2026-05-27T19:10:52.471Z</time>
      </trkpt>
      <trkpt lat="47.415827" lon="10.236156">
        <ele>860.889981</ele>
        <time>2026-05-27T19:10:57.062Z</time>
      </trkpt>
      <trkpt lat="47.415978" lon="10.236268">
        <ele>860.803331</ele>
        <time>2026-05-27T19:10:59.203Z</time>
      </trkpt>
      <trkpt lat="47.416157" lon="10.236394">
        <ele>860.701645</ele>
        <time>2026-05-27T19:11:01.687Z</time>
      </trkpt>
      <trkpt lat="47.417045" lon="10.237027">
        <ele>860.196005</ele>
        <time>2026-05-27T19:11:16.090Z</time>
      </trkpt>
      <trkpt lat="47.417444" lon="10.237347">
        <ele>859.285126</ele>
        <time>2026-05-27T19:11:22.462Z</time>
      </trkpt>
      <trkpt lat="47.417663" lon="10.237526">
        <ele>857.654557</ele>
        <time>2026-05-27T19:11:25.157Z</time>
      </trkpt>
      <trkpt lat="47.417914" lon="10.237833">
        <ele>855.531751</ele>
        <time>2026-05-27T19:11:28.262Z</time>
      </trkpt>
      <trkpt lat="47.417981" lon="10.237990">
        <ele>854.713434</ele>
        <time>2026-05-27T19:11:29.396Z</time>
      </trkpt>
      <trkpt lat="47.418108" lon="10.238439">
        <ele>852.567968</ele>
        <time>2026-05-27T19:11:32.283Z</time>
      </trkpt>
      <trkpt lat="47.418199" lon="10.238656">
        <ele>851.442464</ele>
        <time>2026-05-27T19:11:33.761Z</time>
      </trkpt>
      <trkpt lat="47.418580" lon="10.239334">
        <ele>848.012000</ele>
        <time>2026-05-27T19:11:38.858Z</time>
      </trkpt>
      <trkpt lat="47.418777" lon="10.239901">
        <ele>846.917784</ele>
        <time>2026-05-27T19:11:42.640Z</time>
      </trkpt>
      <trkpt lat="47.418852" lon="10.240282">
        <ele>846.236592</ele>
        <time>2026-05-27T19:11:45.164Z</time>
      </trkpt>
      <trkpt lat="47.418881" lon="10.240471">
        <ele>845.903892</ele>
        <time>2026-05-27T19:11:46.511Z</time>
      </trkpt>
      <trkpt lat="47.418934" lon="10.240773">
        <ele>845.368285</ele>
        <time>2026-05-27T19:11:49.001Z</time>
      </trkpt>
      <trkpt lat="47.419046" lon="10.241039">
        <ele>844.830441</ele>
        <time>2026-05-27T19:11:53.198Z</time>
      </trkpt>
      <trkpt lat="47.419239" lon="10.241352">
        <ele>844.103456</ele>
        <time>2026-05-27T19:12:01.461Z</time>
      </trkpt>
      <trkpt lat="47.419336" lon="10.241481">
        <ele>843.772381</ele>
        <time>2026-05-27T19:12:06.251Z</time>
      </trkpt>
      <trkpt lat="47.419370" lon="10.241544">
        <ele>843.961573</ele>
        <time>2026-05-27T19:12:08.346Z</time>
      </trkpt>
      <trkpt lat="47.419732" lon="10.241091">
        <ele>846.524197</ele>
        <time>2026-05-27T19:12:28.081Z</time>
      </trkpt>
      <trkpt lat="47.419958" lon="10.240949">
        <ele>847.850937</ele>
        <time>2026-05-27T19:12:38.450Z</time>
      </trkpt>
      <trkpt lat="47.420132" lon="10.240906">
        <ele>848.804035</ele>
        <time>2026-05-27T19:12:45.473Z</time>
      </trkpt>
      <trkpt lat="47.420752" lon="10.240849">
        <ele>852.160103</ele>
        <time>2026-05-27T19:13:09.000Z</time>
      </trkpt>
      <trkpt lat="47.421142" lon="10.240613">
        <ele>853.514120</ele>
        <time>2026-05-27T19:13:23.831Z</time>
      </trkpt>
      <trkpt lat="47.421313" lon="10.240555">
        <ele>853.570284</ele>
        <time>2026-05-27T19:13:29.052Z</time>
      </trkpt>
      <trkpt lat="47.421843" lon="10.240671">
        <ele>853.741800</ele>
        <time>2026-05-27T19:13:39.308Z</time>
      </trkpt>
      <trkpt lat="47.422019" lon="10.240618">
        <ele>853.799299</ele>
        <time>2026-05-27T19:13:41.404Z</time>
      </trkpt>
      <trkpt lat="47.422181" lon="10.240421">
        <ele>853.866456</ele>
        <time>2026-05-27T19:13:43.708Z</time>
      </trkpt>
      <trkpt lat="47.422301" lon="10.240215">
        <ele>853.925333</ele>
        <time>2026-05-27T19:13:45.671Z</time>
      </trkpt>
      <trkpt lat="47.422396" lon="10.240000">
        <ele>853.980951</ele>
        <time>2026-05-27T19:13:47.494Z</time>
      </trkpt>
      <trkpt lat="47.422460" lon="10.239781">
        <ele>854.029992</ele>
        <time>2026-05-27T19:13:49.175Z</time>
      </trkpt>
      <trkpt lat="47.422629" lon="10.239294">
        <ele>853.774424</ele>
        <time>2026-05-27T19:13:52.979Z</time>
      </trkpt>
      <trkpt lat="47.422758" lon="10.239087">
        <ele>853.643014</ele>
        <time>2026-05-27T19:13:54.915Z</time>
      </trkpt>
      <trkpt lat="47.422873" lon="10.239005">
        <ele>853.554894</ele>
        <time>2026-05-27T19:13:56.243Z</time>
      </trkpt>
      <trkpt lat="47.423220" lon="10.238916">
        <ele>853.311835</ele>
        <time>2026-05-27T19:14:00.203Z</time>
      </trkpt>
      <trkpt lat="47.423555" lon="10.238931">
        <ele>853.080531</ele>
        <time>2026-05-27T19:14:05.663Z</time>
      </trkpt>
      <trkpt lat="47.423719" lon="10.238950">
        <ele>852.967000</ele>
        <time>2026-05-27T19:14:09.232Z</time>
      </trkpt>
      <trkpt lat="47.424270" lon="10.238988">
        <ele>853.712360</ele>
        <time>2026-05-27T19:14:23.092Z</time>
      </trkpt>
      <trkpt lat="47.424776" lon="10.238630">
        <ele>855.460708</ele>
        <time>2026-05-27T19:14:38.104Z</time>
      </trkpt>
      <trkpt lat="47.426104" lon="10.238154">
        <ele>859.488885</ele>
        <time>2026-05-27T19:15:18.421Z</time>
      </trkpt>
      <trkpt lat="47.426817" lon="10.237891">
        <ele>861.380083</ele>
        <time>2026-05-27T19:15:37.627Z</time>
      </trkpt>
      <trkpt lat="47.426994" lon="10.237859">
        <ele>861.838992</ele>
        <time>2026-05-27T19:15:41.776Z</time>
      </trkpt>
      <trkpt lat="47.427186" lon="10.237834">
        <ele>862.335022</ele>
        <time>2026-05-27T19:15:46.015Z</time>
      </trkpt>
      <trkpt lat="47.428201" lon="10.237702">
        <ele>866.297800</ele>
        <time>2026-05-27T19:16:06.082Z</time>
      </trkpt>
      <trkpt lat="47.428311" lon="10.237688">
        <ele>866.779058</ele>
        <time>2026-05-27T19:16:08.895Z</time>
      </trkpt>
      <trkpt lat="47.428483" lon="10.237712">
        <ele>867.532129</ele>
        <time>2026-05-27T19:16:13.909Z</time>
      </trkpt>
      <trkpt lat="47.428784" lon="10.237823">
        <ele>868.884385</ele>
        <time>2026-05-27T19:16:25.160Z</time>
      </trkpt>
      <trkpt lat="47.428981" lon="10.237957">
        <ele>869.829650</ele>
        <time>2026-05-27T19:16:34.544Z</time>
      </trkpt>
      <trkpt lat="47.429093" lon="10.238046">
        <ele>870.383924</ele>
        <time>2026-05-27T19:16:40.587Z</time>
      </trkpt>
      <trkpt lat="47.429176" lon="10.238116">
        <ele>870.800459</ele>
        <time>2026-05-27T19:16:45.397Z</time>
      </trkpt>
      <trkpt lat="47.429253" lon="10.238181">
        <ele>871.431766</ele>
        <time>2026-05-27T19:16:50.030Z</time>
      </trkpt>
      <trkpt lat="47.429601" lon="10.238477">
        <ele>874.513000</ele>
        <time>2026-05-27T19:17:13.681Z</time>
      </trkpt>
      <trkpt lat="47.429676" lon="10.238559">
        <ele>875.228905</ele>
        <time>2026-05-27T19:17:19.914Z</time>
      </trkpt>
      <trkpt lat="47.430511" lon="10.239872">
        <ele>884.584593</ele>
        <time>2026-05-27T19:18:20.896Z</time>
      </trkpt>
      <trkpt lat="47.430659" lon="10.240045">
        <ele>884.297596</ele>
        <time>2026-05-27T19:18:23.261Z</time>
      </trkpt>
      <trkpt lat="47.430790" lon="10.240138">
        <ele>883.994347</ele>
        <time>2026-05-27T19:18:24.888Z</time>
      </trkpt>
      <trkpt lat="47.430915" lon="10.240178">
        <ele>883.727467</ele>
        <time>2026-05-27T19:18:26.251Z</time>
      </trkpt>
      <trkpt lat="47.431039" lon="10.240178">
        <ele>883.468715</ele>
        <time>2026-05-27T19:18:27.485Z</time>
      </trkpt>
      <trkpt lat="47.431402" lon="10.240071">
        <ele>882.696327</ele>
        <time>2026-05-27T19:18:30.940Z</time>
      </trkpt>
      <trkpt lat="47.431673" lon="10.240100">
        <ele>882.129349</ele>
        <time>2026-05-27T19:18:33.376Z</time>
      </trkpt>
      <trkpt lat="47.431837" lon="10.240162">
        <ele>881.776115</ele>
        <time>2026-05-27T19:18:34.872Z</time>
      </trkpt>
      <trkpt lat="47.432870" lon="10.240866">
        <ele>883.529003</ele>
        <time>2026-05-27T19:18:49.403Z</time>
      </trkpt>
      <trkpt lat="47.433161" lon="10.241164">
        <ele>884.805332</ele>
        <time>2026-05-27T19:19:03.056Z</time>
      </trkpt>
      <trkpt lat="47.433452" lon="10.241732">
        <ele>886.543094</ele>
        <time>2026-05-27T19:19:23.905Z</time>
      </trkpt>
      <trkpt lat="47.433628" lon="10.241925">
        <ele>887.333173</ele>
        <time>2026-05-27T19:19:35.374Z</time>
      </trkpt>
      <trkpt lat="47.434097" lon="10.242176">
        <ele>886.078100</ele>
        <time>2026-05-27T19:19:59.556Z</time>
      </trkpt>
      <trkpt lat="47.434438" lon="10.242346">
        <ele>885.087354</ele>
        <time>2026-05-27T19:20:07.708Z</time>
      </trkpt>
      <trkpt lat="47.434811" lon="10.242648">
        <ele>883.916532</ele>
        <time>2026-05-27T19:20:11.675Z</time>
      </trkpt>
      <trkpt lat="47.434946" lon="10.242757">
        <ele>883.493047</ele>
        <time>2026-05-27T19:20:13.004Z</time>
      </trkpt>
      <trkpt lat="47.435003" lon="10.242847">
        <ele>883.263446</ele>
        <time>2026-05-27T19:20:13.714Z</time>
      </trkpt>
      <trkpt lat="47.435272" lon="10.243540">
        <ele>878.617306</ele>
        <time>2026-05-27T19:20:18.232Z</time>
      </trkpt>
      <trkpt lat="47.435581" lon="10.243982">
        <ele>871.877274</ele>
        <time>2026-05-27T19:20:21.752Z</time>
      </trkpt>
      <trkpt lat="47.435618" lon="10.244107">
        <ele>870.430498</ele>
        <time>2026-05-27T19:20:22.509Z</time>
      </trkpt>
      <trkpt lat="47.435687" lon="10.244644">
        <ele>864.634650</ele>
        <time>2026-05-27T19:20:25.539Z</time>
      </trkpt>
      <trkpt lat="47.435735" lon="10.244772">
        <ele>863.082797</ele>
        <time>2026-05-27T19:20:26.354Z</time>
      </trkpt>
      <trkpt lat="47.435855" lon="10.244935">
        <ele>860.528247</ele>
        <time>2026-05-27T19:20:27.695Z</time>
      </trkpt>
      <trkpt lat="47.435917" lon="10.244973">
        <ele>859.476135</ele>
        <time>2026-05-27T19:20:28.251Z</time>
      </trkpt>
      <trkpt lat="47.436064" lon="10.245012">
        <ele>857.134979</ele>
        <time>2026-05-27T19:20:29.490Z</time>
      </trkpt>
      <trkpt lat="47.436209" lon="10.245008">
        <ele>854.861590</ele>
        <time>2026-05-27T19:20:30.703Z</time>
      </trkpt>
      <trkpt lat="47.436554" lon="10.244819">
        <ele>851.428743</ele>
        <time>2026-05-27T19:20:33.813Z</time>
      </trkpt>
      <trkpt lat="47.437525" lon="10.244191">
        <ele>842.333204</ele>
        <time>2026-05-27T19:20:43.053Z</time>
      </trkpt>
      <trkpt lat="47.437657" lon="10.244145">
        <ele>841.169345</ele>
        <time>2026-05-27T19:20:44.316Z</time>
      </trkpt>
      <trkpt lat="47.437958" lon="10.244110">
        <ele>838.765987</ele>
        <time>2026-05-27T19:20:47.220Z</time>
      </trkpt>
      <trkpt lat="47.438342" lon="10.244095">
        <ele>838.058303</ele>
        <time>2026-05-27T19:20:51.299Z</time>
      </trkpt>
      <trkpt lat="47.438504" lon="10.244112">
        <ele>837.759102</ele>
        <time>2026-05-27T19:20:53.236Z</time>
      </trkpt>
      <trkpt lat="47.438788" lon="10.244250">
        <ele>837.208360</ele>
        <time>2026-05-27T19:20:57.364Z</time>
      </trkpt>
      <trkpt lat="47.439096" lon="10.244498">
        <ele>836.562243</ele>
        <time>2026-05-27T19:21:02.214Z</time>
      </trkpt>
      <trkpt lat="47.439234" lon="10.244606">
        <ele>836.274587</ele>
        <time>2026-05-27T19:21:04.089Z</time>
      </trkpt>
      <trkpt lat="47.439651" lon="10.244775">
        <ele>835.471536</ele>
        <time>2026-05-27T19:21:09.088Z</time>
      </trkpt>
      <trkpt lat="47.439912" lon="10.244894">
        <ele>834.841454</ele>
        <time>2026-05-27T19:21:12.125Z</time>
      </trkpt>
      <trkpt lat="47.440355" lon="10.245086">
        <ele>833.776490</ele>
        <time>2026-05-27T19:21:16.948Z</time>
      </trkpt>
      <trkpt lat="47.441104" lon="10.245418">
        <ele>831.972639</ele>
        <time>2026-05-27T19:21:24.966Z</time>
      </trkpt>
      <trkpt lat="47.441261" lon="10.245456">
        <ele>831.605634</ele>
        <time>2026-05-27T19:21:26.676Z</time>
      </trkpt>
      <trkpt lat="47.441611" lon="10.245461">
        <ele>831.173863</ele>
        <time>2026-05-27T19:21:30.707Z</time>
      </trkpt>
      <trkpt lat="47.441800" lon="10.245429">
        <ele>831.031417</ele>
        <time>2026-05-27T19:21:32.972Z</time>
      </trkpt>
      <trkpt lat="47.442455" lon="10.245227">
        <ele>830.530406</ele>
        <time>2026-05-27T19:21:41.128Z</time>
      </trkpt>
      <trkpt lat="47.442780" lon="10.245109">
        <ele>830.279821</ele>
        <time>2026-05-27T19:21:45.817Z</time>
      </trkpt>
      <trkpt lat="47.442947" lon="10.245005">
        <ele>830.144135</ele>
        <time>2026-05-27T19:21:48.483Z</time>
      </trkpt>
      <trkpt lat="47.443013" lon="10.244981">
        <ele>830.093242</ele>
        <time>2026-05-27T19:21:49.528Z</time>
      </trkpt>
      <trkpt lat="47.443241" lon="10.244947">
        <ele>830.234370</ele>
        <time>2026-05-27T19:21:53.262Z</time>
      </trkpt>
      <trkpt lat="47.443466" lon="10.244906">
        <ele>830.682223</ele>
        <time>2026-05-27T19:21:57.273Z</time>
      </trkpt>
      <trkpt lat="47.443523" lon="10.244868">
        <ele>830.805744</ele>
        <time>2026-05-27T19:21:58.482Z</time>
      </trkpt>
      <trkpt lat="47.443734" lon="10.244593">
        <ele>831.361393</ele>
        <time>2026-05-27T19:22:04.240Z</time>
      </trkpt>
      <trkpt lat="47.443803" lon="10.244486">
        <ele>831.558922</ele>
        <time>2026-05-27T19:22:06.414Z</time>
      </trkpt>
      <trkpt lat="47.443817" lon="10.244464">
        <ele>831.599282</ele>
        <time>2026-05-27T19:22:06.881Z</time>
      </trkpt>
      <trkpt lat="47.443983" lon="10.244208">
        <ele>832.073124</ele>
        <time>2026-05-27T19:22:12.473Z</time>
      </trkpt>
      <trkpt lat="47.444124" lon="10.243979">
        <ele>832.486885</ele>
        <time>2026-05-27T19:22:17.786Z</time>
      </trkpt>
      <trkpt lat="47.444367" lon="10.243565">
        <ele>833.219275</ele>
        <time>2026-05-27T19:22:27.870Z</time>
      </trkpt>
      <trkpt lat="47.444435" lon="10.243403">
        <ele>833.474015</ele>
        <time>2026-05-27T19:22:31.504Z</time>
      </trkpt>
      <trkpt lat="47.444478" lon="10.243291">
        <ele>833.704806</ele>
        <time>2026-05-27T19:22:33.970Z</time>
      </trkpt>
      <trkpt lat="47.444595" lon="10.242966">
        <ele>834.535592</ele>
        <time>2026-05-27T19:22:41.131Z</time>
      </trkpt>
      <trkpt lat="47.444733" lon="10.242617">
        <ele>835.447831</ele>
        <time>2026-05-27T19:22:50.559Z</time>
      </trkpt>
      <trkpt lat="47.444878" lon="10.242326">
        <ele>836.263445</ele>
        <time>2026-05-27T19:22:58.993Z</time>
      </trkpt>
      <trkpt lat="47.444997" lon="10.242100">
        <ele>836.909747</ele>
        <time>2026-05-27T19:23:05.579Z</time>
      </trkpt>
      <trkpt lat="47.445594" lon="10.241244">
        <ele>839.687022</ele>
        <time>2026-05-27T19:23:33.302Z</time>
      </trkpt>
      <trkpt lat="47.445998" lon="10.240644">
        <ele>841.639183</ele>
        <time>2026-05-27T19:23:48.797Z</time>
      </trkpt>
      <trkpt lat="47.446160" lon="10.240440">
        <ele>842.364634</ele>
        <time>2026-05-27T19:23:54.749Z</time>
      </trkpt>
      <trkpt lat="47.446527" lon="10.240144">
        <ele>843.789875</ele>
        <time>2026-05-27T19:24:06.598Z</time>
      </trkpt>
      <trkpt lat="47.446092" lon="10.239266">
        <ele>846.433280</ele>
        <time>2026-05-27T19:24:28.532Z</time>
      </trkpt>
      <trkpt lat="47.445716" lon="10.238764">
        <ele>848.542609</ele>
        <time>2026-05-27T19:24:43.816Z</time>
      </trkpt>
      <trkpt lat="47.445567" lon="10.238570">
        <ele>849.369247</ele>
        <time>2026-05-27T19:24:49.562Z</time>
      </trkpt>
      <trkpt lat="47.445565" lon="10.238565">
        <ele>849.385605</ele>
        <time>2026-05-27T19:24:49.687Z</time>
      </trkpt>
      <trkpt lat="47.445367" lon="10.238073">
        <ele>850.997783</ele>
        <time>2026-05-27T19:25:00.908Z</time>
      </trkpt>
      <trkpt lat="47.445527" lon="10.237985">
        <ele>851.708582</ele>
        <time>2026-05-27T19:25:06.199Z</time>
      </trkpt>
      <trkpt lat="47.445972" lon="10.237828">
        <ele>853.856702</ele>
        <time>2026-05-27T19:25:22.684Z</time>
      </trkpt>
      <trkpt lat="47.446086" lon="10.237788">
        <ele>854.620399</ele>
        <time>2026-05-27T19:25:27.201Z</time>
      </trkpt>
      <trkpt lat="47.446427" lon="10.237722">
        <ele>856.862030</ele>
        <time>2026-05-27T19:25:40.508Z</time>
      </trkpt>
      <trkpt lat="47.446367" lon="10.237160">
        <ele>859.370038</ele>
        <time>2026-05-27T19:25:56.395Z</time>
      </trkpt>
      <trkpt lat="47.446327" lon="10.237021">
        <ele>860.035924</ele>
        <time>2026-05-27T19:26:00.840Z</time>
      </trkpt>
      <trkpt lat="47.446260" lon="10.236928">
        <ele>860.634904</ele>
        <time>2026-05-27T19:26:04.890Z</time>
      </trkpt>
      <trkpt lat="47.445140" lon="10.236527">
        <ele>867.668097</ele>
        <time>2026-05-27T19:26:56.169Z</time>
      </trkpt>
      <trkpt lat="47.445083" lon="10.236448">
        <ele>868.102169</ele>
        <time>2026-05-27T19:26:59.138Z</time>
      </trkpt>
      <trkpt lat="47.445056" lon="10.236343">
        <ele>868.524273</ele>
        <time>2026-05-27T19:27:01.951Z</time>
      </trkpt>
      <trkpt lat="47.445045" lon="10.236247">
        <ele>868.890144</ele>
        <time>2026-05-27T19:27:04.428Z</time>
      </trkpt>
      <trkpt lat="47.445067" lon="10.236157">
        <ele>869.249740</ele>
        <time>2026-05-27T19:27:06.783Z</time>
      </trkpt>
      <trkpt lat="47.445125" lon="10.236059">
        <ele>869.739079</ele>
        <time>2026-05-27T19:27:10.032Z</time>
      </trkpt>
      <trkpt lat="47.445223" lon="10.236010">
        <ele>870.313868</ele>
        <time>2026-05-27T19:27:13.779Z</time>
      </trkpt>
      <trkpt lat="47.445780" lon="10.235927">
        <ele>873.424310</ele>
        <time>2026-05-27T19:27:33.472Z</time>
      </trkpt>
      <trkpt lat="47.445786" lon="10.235926">
        <ele>873.457858</ele>
        <time>2026-05-27T19:27:33.680Z</time>
      </trkpt>
      <trkpt lat="47.445953" lon="10.235873">
        <ele>874.406864</ele>
        <time>2026-05-27T19:27:39.458Z</time>
      </trkpt>
      <trkpt lat="47.447034" lon="10.235244">
        <ele>877.779393</ele>
        <time>2026-05-27T19:28:10.872Z</time>
      </trkpt>
      <trkpt lat="47.447189" lon="10.235148">
        <ele>878.230333</ele>
        <time>2026-05-27T19:28:14.776Z</time>
      </trkpt>
      <trkpt lat="47.447901" lon="10.234595">
        <ele>880.425348</ele>
        <time>2026-05-27T19:28:31.793Z</time>
      </trkpt>
      <trkpt lat="47.447947" lon="10.234402">
        <ele>880.817421</ele>
        <time>2026-05-27T19:28:34.551Z</time>
      </trkpt>
      <trkpt lat="47.447989" lon="10.234321">
        <ele>881.012982</ele>
        <time>2026-05-27T19:28:35.867Z</time>
      </trkpt>
      <trkpt lat="47.448049" lon="10.234264">
        <ele>881.215030</ele>
        <time>2026-05-27T19:28:37.301Z</time>
      </trkpt>
      <trkpt lat="47.448304" lon="10.234212">
        <ele>881.944324</ele>
        <time>2026-05-27T19:28:42.801Z</time>
      </trkpt>
      <trkpt lat="47.448379" lon="10.233913">
        <ele>882.555329</ele>
        <time>2026-05-27T19:28:48.284Z</time>
      </trkpt>
      <trkpt lat="47.448403" lon="10.233653">
        <ele>883.058092</ele>
        <time>2026-05-27T19:28:53.432Z</time>
      </trkpt>
      <trkpt lat="47.448364" lon="10.233524">
        <ele>883.328823</ele>
        <time>2026-05-27T19:28:56.675Z</time>
      </trkpt>
      <trkpt lat="47.448283" lon="10.233434">
        <ele>883.615873</ele>
        <time>2026-05-27T19:29:00.534Z</time>
      </trkpt>
      <trkpt lat="47.447905" lon="10.233345">
        <ele>884.700300</ele>
        <time>2026-05-27T19:29:13.734Z</time>
      </trkpt>
      <trkpt lat="47.447463" lon="10.233131">
        <ele>885.727090</ele>
        <time>2026-05-27T19:29:27.386Z</time>
      </trkpt>
      <trkpt lat="47.447375" lon="10.233071">
        <ele>885.934811</ele>
        <time>2026-05-27T19:29:29.429Z</time>
      </trkpt>
      <trkpt lat="47.447285" lon="10.232920">
        <ele>886.226585</ele>
        <time>2026-05-27T19:29:32.559Z</time>
      </trkpt>
      <trkpt lat="47.447092" lon="10.232171">
        <ele>887.388503</ele>
        <time>2026-05-27T19:29:42.993Z</time>
      </trkpt>
      <trkpt lat="47.447079" lon="10.232006">
        <ele>887.629309</ele>
        <time>2026-05-27T19:29:45.228Z</time>
      </trkpt>
      <trkpt lat="47.447154" lon="10.231787">
        <ele>887.985164</ele>
        <time>2026-05-27T19:29:48.633Z</time>
      </trkpt>
      <trkpt lat="47.447231" lon="10.231674">
        <ele>888.217706</ele>
        <time>2026-05-27T19:29:51.127Z</time>
      </trkpt>
      <trkpt lat="47.447135" lon="10.231510">
        <ele>888.532136</ele>
        <time>2026-05-27T19:29:54.152Z</time>
      </trkpt>
      <trkpt lat="47.447186" lon="10.231454">
        <ele>888.668303</ele>
        <time>2026-05-27T19:29:55.186Z</time>
      </trkpt>
      <trkpt lat="47.446964" lon="10.231176">
        <ele>889.928486</ele>
        <time>2026-05-27T19:30:00.750Z</time>
      </trkpt>
      <trkpt lat="47.446680" lon="10.230950">
        <ele>891.337199</ele>
        <time>2026-05-27T19:30:08.165Z</time>
      </trkpt>
      <trkpt lat="47.446389" lon="10.230772">
        <ele>892.712720</ele>
        <time>2026-05-27T19:30:16.537Z</time>
      </trkpt>
      <trkpt lat="47.446226" lon="10.230638">
        <ele>893.527324</ele>
        <time>2026-05-27T19:30:23.195Z</time>
      </trkpt>
      <trkpt lat="47.446070" lon="10.230457">
        <ele>894.393443</ele>
        <time>2026-05-27T19:30:30.874Z</time>
      </trkpt>
      <trkpt lat="47.445863" lon="10.230245">
        <ele>895.493294</ele>
        <time>2026-05-27T19:30:42.027Z</time>
      </trkpt>
      <trkpt lat="47.445562" lon="10.229983">
        <ele>897.490189</ele>
        <time>2026-05-27T19:30:58.101Z</time>
      </trkpt>
      <trkpt lat="47.445454" lon="10.229930">
        <ele>898.470992</ele>
        <time>2026-05-27T19:31:03.509Z</time>
      </trkpt>
      <trkpt lat="47.445256" lon="10.229880">
        <ele>900.202305</ele>
        <time>2026-05-27T19:31:12.672Z</time>
      </trkpt>
      <trkpt lat="47.445049" lon="10.229878">
        <ele>901.986520</ele>
        <time>2026-05-27T19:31:22.561Z</time>
      </trkpt>
      <trkpt lat="47.444427" lon="10.230012">
        <ele>907.404276</ele>
        <time>2026-05-27T19:31:55.207Z</time>
      </trkpt>
      <trkpt lat="47.444209" lon="10.230028">
        <ele>909.285578</ele>
        <time>2026-05-27T19:32:07.510Z</time>
      </trkpt>
      <trkpt lat="47.443821" lon="10.229969">
        <ele>912.560811</ele>
        <time>2026-05-27T19:32:28.084Z</time>
      </trkpt>
      <trkpt lat="47.443153" lon="10.229677">
        <ele>917.711628</ele>
        <time>2026-05-27T19:32:59.736Z</time>
      </trkpt>
      <trkpt lat="47.442867" lon="10.229610">
        <ele>919.852815</ele>
        <time>2026-05-27T19:33:10.926Z</time>
      </trkpt>
      <trkpt lat="47.442593" lon="10.229586">
        <ele>921.882442</ele>
        <time>2026-05-27T19:33:21.754Z</time>
      </trkpt>
      <trkpt lat="47.442107" lon="10.229627">
        <ele>925.510403</ele>
        <time>2026-05-27T19:33:43.038Z</time>
      </trkpt>
      <trkpt lat="47.441967" lon="10.229634">
        <ele>926.750058</ele>
        <time>2026-05-27T19:33:49.424Z</time>
      </trkpt>
      <trkpt lat="47.441684" lon="10.229537">
        <ele>929.320914</ele>
        <time>2026-05-27T19:34:02.591Z</time>
      </trkpt>
      <trkpt lat="47.441395" lon="10.229273">
        <ele>932.327215</ele>
        <time>2026-05-27T19:34:18.437Z</time>
      </trkpt>
      <trkpt lat="47.441144" lon="10.228960">
        <ele>935.233022</ele>
        <time>2026-05-27T19:34:35.137Z</time>
      </trkpt>
      <trkpt lat="47.440896" lon="10.228600">
        <ele>938.308685</ele>
        <time>2026-05-27T19:34:54.454Z</time>
      </trkpt>
      <trkpt lat="47.440646" lon="10.228122">
        <ele>942.027882</ele>
        <time>2026-05-27T19:35:18.003Z</time>
      </trkpt>
      <trkpt lat="47.440455" lon="10.227460">
        <ele>946.994427</ele>
        <time>2026-05-27T19:35:44.850Z</time>
      </trkpt>
      <trkpt lat="47.440256" lon="10.227118">
        <ele>950.107650</ele>
        <time>2026-05-27T19:36:01.952Z</time>
      </trkpt>
      <trkpt lat="47.440134" lon="10.226735">
        <ele>953.029078</ele>
        <time>2026-05-27T19:36:18.337Z</time>
      </trkpt>
      <trkpt lat="47.440123" lon="10.226539">
        <ele>954.386274</ele>
        <time>2026-05-27T19:36:25.890Z</time>
      </trkpt>
      <trkpt lat="47.440188" lon="10.226086">
        <ele>957.581885</ele>
        <time>2026-05-27T19:36:43.007Z</time>
      </trkpt>
      <trkpt lat="47.440191" lon="10.225874">
        <ele>959.045164</ele>
        <time>2026-05-27T19:36:51.080Z</time>
      </trkpt>
      <trkpt lat="47.440132" lon="10.225636">
        <ele>960.807115</ele>
        <time>2026-05-27T19:37:00.698Z</time>
      </trkpt>
      <trkpt lat="47.439878" lon="10.225220">
        <ele>964.715970</ele>
        <time>2026-05-27T19:37:21.372Z</time>
      </trkpt>
      <trkpt lat="47.439755" lon="10.224866">
        <ele>967.491764</ele>
        <time>2026-05-27T19:37:35.621Z</time>
      </trkpt>
      <trkpt lat="47.439735" lon="10.224315">
        <ele>971.340375</ele>
        <time>2026-05-27T19:37:55.659Z</time>
      </trkpt>
      <trkpt lat="47.439694" lon="10.224116">
        <ele>972.791315</ele>
        <time>2026-05-27T19:38:03.356Z</time>
      </trkpt>
      <trkpt lat="47.439473" lon="10.223762">
        <ele>976.151374</ele>
        <time>2026-05-27T19:38:21.985Z</time>
      </trkpt>
      <trkpt lat="47.439371" lon="10.223489">
        <ele>978.365445</ele>
        <time>2026-05-27T19:38:34.741Z</time>
      </trkpt>
      <trkpt lat="47.439377" lon="10.223161">
        <ele>981.166968</ele>
        <time>2026-05-27T19:38:49.085Z</time>
      </trkpt>
      <trkpt lat="47.439315" lon="10.222590">
        <ele>986.104652</ele>
        <time>2026-05-27T19:39:14.256Z</time>
      </trkpt>
      <trkpt lat="47.439173" lon="10.222067">
        <ele>990.916441</ele>
        <time>2026-05-27T19:39:39.167Z</time>
      </trkpt>
      <trkpt lat="47.439098" lon="10.221921">
        <ele>992.481780</ele>
        <time>2026-05-27T19:39:47.365Z</time>
      </trkpt>
      <trkpt lat="47.438763" lon="10.221451">
        <ele>998.311606</ele>
        <time>2026-05-27T19:40:18.627Z</time>
      </trkpt>
      <trkpt lat="47.438582" lon="10.221111">
        <ele>1002.153057</ele>
        <time>2026-05-27T19:40:38.913Z</time>
      </trkpt>
      <trkpt lat="47.438319" lon="10.220406">
        <ele>1009.909209</ele>
        <time>2026-05-27T19:41:18.143Z</time>
      </trkpt>
      <trkpt lat="47.437970" lon="10.219775">
        <ele>1017.761595</ele>
        <time>2026-05-27T19:42:00.527Z</time>
      </trkpt>
      <trkpt lat="47.437908" lon="10.219574">
        <ele>1019.889805</ele>
        <time>2026-05-27T19:42:11.837Z</time>
      </trkpt>
      <trkpt lat="47.437882" lon="10.219398">
        <ele>1021.625296</ele>
        <time>2026-05-27T19:42:20.835Z</time>
      </trkpt>
      <trkpt lat="47.437901" lon="10.219100">
        <ele>1024.508850</ele>
        <time>2026-05-27T19:42:35.587Z</time>
      </trkpt>
      <trkpt lat="47.438089" lon="10.218423">
        <ele>1030.731429</ele>
        <time>2026-05-27T19:43:09.563Z</time>
      </trkpt>
      <trkpt lat="47.438370" lon="10.217197">
        <ele>1041.171179</ele>
        <time>2026-05-27T19:44:03.637Z</time>
      </trkpt>
      <trkpt lat="47.438431" lon="10.216689">
        <ele>1045.332166</ele>
        <time>2026-05-27T19:44:23.730Z</time>
      </trkpt>
      <trkpt lat="47.438485" lon="10.216578">
        <ele>1046.434861</ele>
        <time>2026-05-27T19:44:29.016Z</time>
      </trkpt>
      <trkpt lat="47.438639" lon="10.216465">
        <ele>1048.484012</ele>
        <time>2026-05-27T19:44:39.060Z</time>
      </trkpt>
      <trkpt lat="47.438836" lon="10.216493">
        <ele>1050.840525</ele>
        <time>2026-05-27T19:44:50.854Z</time>
      </trkpt>
      <trkpt lat="47.438940" lon="10.216459">
        <ele>1052.108776</ele>
        <time>2026-05-27T19:44:57.234Z</time>
      </trkpt>
      <trkpt lat="47.439027" lon="10.216377">
        <ele>1053.337293</ele>
        <time>2026-05-27T19:45:03.559Z</time>
      </trkpt>
      <trkpt lat="47.439087" lon="10.216231">
        <ele>1054.713152</ele>
        <time>2026-05-27T19:45:10.692Z</time>
      </trkpt>
      <trkpt lat="47.439128" lon="10.215996">
        <ele>1056.667708</ele>
        <time>2026-05-27T19:45:20.920Z</time>
      </trkpt>
      <trkpt lat="47.439196" lon="10.215840">
        <ele>1058.162380</ele>
        <time>2026-05-27T19:45:28.704Z</time>
      </trkpt>
      <trkpt lat="47.439377" lon="10.215551">
        <ele>1061.334454</ele>
        <time>2026-05-27T19:45:45.334Z</time>
      </trkpt>
      <trkpt lat="47.439412" lon="10.215325">
        <ele>1063.201670</ele>
        <time>2026-05-27T19:45:55.251Z</time>
      </trkpt>
      <trkpt lat="47.439340" lon="10.215115">
        <ele>1065.097806</ele>
        <time>2026-05-27T19:46:05.572Z</time>
      </trkpt>
      <trkpt lat="47.439131" lon="10.214762">
        <ele>1068.876072</ele>
        <time>2026-05-27T19:46:26.532Z</time>
      </trkpt>
      <trkpt lat="47.439110" lon="10.214607">
        <ele>1070.276089</ele>
        <time>2026-05-27T19:46:33.639Z</time>
      </trkpt>
      <trkpt lat="47.439136" lon="10.214309">
        <ele>1073.075073</ele>
        <time>2026-05-27T19:46:47.322Z</time>
      </trkpt>
      <trkpt lat="47.439079" lon="10.213834">
        <ele>1077.568981</ele>
        <time>2026-05-27T19:47:10.008Z</time>
      </trkpt>
      <trkpt lat="47.439079" lon="10.213397">
        <ele>1081.639806</ele>
        <time>2026-05-27T19:47:30.980Z</time>
      </trkpt>
      <trkpt lat="47.438952" lon="10.212979">
        <ele>1085.908456</ele>
        <time>2026-05-27T19:47:53.185Z</time>
      </trkpt>
      <trkpt lat="47.438952" lon="10.212497">
        <ele>1090.398485</ele>
        <time>2026-05-27T19:48:16.977Z</time>
      </trkpt>
      <trkpt lat="47.438916" lon="10.212358">
        <ele>1091.785008</ele>
        <time>2026-05-27T19:48:24.430Z</time>
      </trkpt>
      <trkpt lat="47.438831" lon="10.212243">
        <ele>1093.371856</ele>
        <time>2026-05-27T19:48:32.951Z</time>
      </trkpt>
      <trkpt lat="47.438664" lon="10.212126">
        <ele>1095.948928</ele>
        <time>2026-05-27T19:48:46.525Z</time>
      </trkpt>
      <trkpt lat="47.438531" lon="10.211849">
        <ele>1099.169241</ele>
        <time>2026-05-27T19:49:02.999Z</time>
      </trkpt>
      <trkpt lat="47.438239" lon="10.211612">
        <ele>1103.837986</ele>
        <time>2026-05-27T19:49:26.497Z</time>
      </trkpt>
      <trkpt lat="47.438192" lon="10.211537">
        <ele>1104.807243</ele>
        <time>2026-05-27T19:49:31.389Z</time>
      </trkpt>
      <trkpt lat="47.438151" lon="10.211429">
        <ele>1105.981325</ele>
        <time>2026-05-27T19:49:37.254Z</time>
      </trkpt>
      <trkpt lat="47.438136" lon="10.211279">
        <ele>1107.418787</ele>
        <time>2026-05-27T19:49:44.494Z</time>
      </trkpt>
      <trkpt lat="47.438140" lon="10.210960">
        <ele>1110.443435</ele>
        <time>2026-05-27T19:49:59.754Z</time>
      </trkpt>
      <trkpt lat="47.438075" lon="10.210704">
        <ele>1113.035683</ele>
        <time>2026-05-27T19:50:12.999Z</time>
      </trkpt>
      <trkpt lat="47.437994" lon="10.210575">
        <ele>1114.704332</ele>
        <time>2026-05-27T19:50:21.686Z</time>
      </trkpt>
      <trkpt lat="47.437656" lon="10.210324">
        <ele>1119.895482</ele>
        <time>2026-05-27T19:50:49.455Z</time>
      </trkpt>
      <trkpt lat="47.437527" lon="10.210080">
        <ele>1122.359400</ele>
        <time>2026-05-27T19:51:04.485Z</time>
      </trkpt>
      <trkpt lat="47.437500" lon="10.209923">
        <ele>1123.648239</ele>
        <time>2026-05-27T19:51:12.126Z</time>
      </trkpt>
      <trkpt lat="47.437473" lon="10.209421">
        <ele>1127.654777</ele>
        <time>2026-05-27T19:51:34.357Z</time>
      </trkpt>
      <trkpt lat="47.437434" lon="10.209268">
        <ele>1128.955621</ele>
        <time>2026-05-27T19:51:41.237Z</time>
      </trkpt>
      <trkpt lat="47.437287" lon="10.208900">
        <ele>1132.355899</ele>
        <time>2026-05-27T19:51:58.418Z</time>
      </trkpt>
      <trkpt lat="47.437248" lon="10.208699">
        <ele>1134.019565</ele>
        <time>2026-05-27T19:52:06.484Z</time>
      </trkpt>
      <trkpt lat="47.437239" lon="10.208486">
        <ele>1135.717513</ele>
        <time>2026-05-27T19:52:14.489Z</time>
      </trkpt>
      <trkpt lat="47.437260" lon="10.208157">
        <ele>1138.346690</ele>
        <time>2026-05-27T19:52:26.654Z</time>
      </trkpt>
      <trkpt lat="47.437240" lon="10.207986">
        <ele>1139.727368</ele>
        <time>2026-05-27T19:52:33.121Z</time>
      </trkpt>
      <trkpt lat="47.437070" lon="10.207482">
        <ele>1144.198450</ele>
        <time>2026-05-27T19:52:54.255Z</time>
      </trkpt>
      <trkpt lat="47.437066" lon="10.206876">
        <ele>1149.007531</ele>
        <time>2026-05-27T19:53:18.157Z</time>
      </trkpt>
      <trkpt lat="47.436937" lon="10.206451">
        <ele>1152.704080</ele>
        <time>2026-05-27T19:53:38.561Z</time>
      </trkpt>
      <trkpt lat="47.436871" lon="10.206098">
        <ele>1155.610330</ele>
        <time>2026-05-27T19:53:55.744Z</time>
      </trkpt>
      <trkpt lat="47.436542" lon="10.205423">
        <ele>1162.142217</ele>
        <time>2026-05-27T19:54:33.058Z</time>
      </trkpt>
      <trkpt lat="47.436439" lon="10.205262">
        <ele>1163.705846</ele>
        <time>2026-05-27T19:54:42.826Z</time>
      </trkpt>
      <trkpt lat="47.436116" lon="10.204956">
        <ele>1167.707655</ele>
        <time>2026-05-27T19:55:06.807Z</time>
      </trkpt>
      <trkpt lat="47.435917" lon="10.204764">
        <ele>1170.186479</ele>
        <time>2026-05-27T19:55:20.610Z</time>
      </trkpt>
      <trkpt lat="47.435781" lon="10.204633">
        <ele>1171.879719</ele>
        <time>2026-05-27T19:55:29.738Z</time>
      </trkpt>
      <trkpt lat="47.435614" lon="10.204394">
        <ele>1174.304320</ele>
        <time>2026-05-27T19:55:42.324Z</time>
      </trkpt>
      <trkpt lat="47.435462" lon="10.204032">
        <ele>1177.310729</ele>
        <time>2026-05-27T19:55:57.353Z</time>
      </trkpt>
      <trkpt lat="47.435377" lon="10.203904">
        <ele>1178.576401</ele>
        <time>2026-05-27T19:56:03.481Z</time>
      </trkpt>
      <trkpt lat="47.435050" lon="10.203616">
        <ele>1181.782646</ele>
        <time>2026-05-27T19:56:22.676Z</time>
      </trkpt>
      <trkpt lat="47.434827" lon="10.203181">
        <ele>1184.299821</ele>
        <time>2026-05-27T19:56:39.024Z</time>
      </trkpt>
      <trkpt lat="47.434658" lon="10.202907">
        <ele>1186.009911</ele>
        <time>2026-05-27T19:56:49.127Z</time>
      </trkpt>
      <trkpt lat="47.434382" lon="10.202523">
        <ele>1188.593938</ele>
        <time>2026-05-27T19:57:03.692Z</time>
      </trkpt>
      <trkpt lat="47.434041" lon="10.202031">
        <ele>1191.842587</ele>
        <time>2026-05-27T19:57:22.435Z</time>
      </trkpt>
      <trkpt lat="47.433931" lon="10.201727">
        <ele>1193.443503</ele>
        <time>2026-05-27T19:57:31.822Z</time>
      </trkpt>
      <trkpt lat="47.433901" lon="10.201544">
        <ele>1194.323347</ele>
        <time>2026-05-27T19:57:36.844Z</time>
      </trkpt>
      <trkpt lat="47.433899" lon="10.201327">
        <ele>1195.337402</ele>
        <time>2026-05-27T19:57:42.463Z</time>
      </trkpt>
      <trkpt lat="47.433947" lon="10.200813">
        <ele>1197.761912</ele>
        <time>2026-05-27T19:57:55.474Z</time>
      </trkpt>
      <trkpt lat="47.434044" lon="10.200347">
        <ele>1200.040115</ele>
        <time>2026-05-27T19:58:10.077Z</time>
      </trkpt>
      <trkpt lat="47.434057" lon="10.200255">
        <ele>1200.479275</ele>
        <time>2026-05-27T19:58:13.277Z</time>
      </trkpt>
      <trkpt lat="47.434028" lon="10.200009">
        <ele>1201.646064</ele>
        <time>2026-05-27T19:58:21.652Z</time>
      </trkpt>
      <trkpt lat="47.433783" lon="10.199498">
        <ele>1204.572722</ele>
        <time>2026-05-27T19:58:42.143Z</time>
      </trkpt>
      <trkpt lat="47.433684" lon="10.199263">
        <ele>1205.899913</ele>
        <time>2026-05-27T19:58:49.951Z</time>
      </trkpt>
      <trkpt lat="47.433633" lon="10.199095">
        <ele>1206.794812</ele>
        <time>2026-05-27T19:58:54.813Z</time>
      </trkpt>
      <trkpt lat="47.433605" lon="10.198864">
        <ele>1207.935314</ele>
        <time>2026-05-27T19:59:01.201Z</time>
      </trkpt>
      <trkpt lat="47.433584" lon="10.198481">
        <ele>1209.802735</ele>
        <time>2026-05-27T19:59:11.340Z</time>
      </trkpt>
      <trkpt lat="47.433545" lon="10.198255">
        <ele>1210.936234</ele>
        <time>2026-05-27T19:59:17.719Z</time>
      </trkpt>
      <trkpt lat="47.433432" lon="10.197843">
        <ele>1213.096814</ele>
        <time>2026-05-27T19:59:30.905Z</time>
      </trkpt>
      <trkpt lat="47.433401" lon="10.197590">
        <ele>1214.346365</ele>
        <time>2026-05-27T19:59:38.777Z</time>
      </trkpt>
      <trkpt lat="47.433403" lon="10.197403">
        <ele>1215.255271</ele>
        <time>2026-05-27T19:59:44.501Z</time>
      </trkpt>
      <trkpt lat="47.433558" lon="10.196697">
        <ele>1219.032752</ele>
        <time>2026-05-27T20:00:06.433Z</time>
      </trkpt>
      <trkpt lat="47.433602" lon="10.196387">
        <ele>1220.859347</ele>
        <time>2026-05-27T20:00:16.474Z</time>
      </trkpt>
      <trkpt lat="47.433613" lon="10.195308">
        <ele>1227.082284</ele>
        <time>2026-05-27T20:00:55.412Z</time>
      </trkpt>
      <trkpt lat="47.433903" lon="10.193796">
        <ele>1235.963131</ele>
        <time>2026-05-27T20:01:46.720Z</time>
      </trkpt>
      <trkpt lat="47.433890" lon="10.193633">
        <ele>1236.849394</ele>
        <time>2026-05-27T20:01:51.709Z</time>
      </trkpt>
      <trkpt lat="47.433847" lon="10.193488">
        <ele>1237.704302</ele>
        <time>2026-05-27T20:01:56.416Z</time>
      </trkpt>
      <trkpt lat="47.433690" lon="10.193287">
        <ele>1239.362227</ele>
        <time>2026-05-27T20:02:05.432Z</time>
      </trkpt>
      <trkpt lat="47.433468" lon="10.193117">
        <ele>1241.358020</ele>
        <time>2026-05-27T20:02:16.370Z</time>
      </trkpt>
      <trkpt lat="47.433386" lon="10.192991">
        <ele>1242.302155</ele>
        <time>2026-05-27T20:02:21.611Z</time>
      </trkpt>
      <trkpt lat="47.433327" lon="10.192824">
        <ele>1243.319513</ele>
        <time>2026-05-27T20:02:27.299Z</time>
      </trkpt>
      <trkpt lat="47.433310" lon="10.192662">
        <ele>1244.204753</ele>
        <time>2026-05-27T20:02:32.234Z</time>
      </trkpt>
      <trkpt lat="47.433338" lon="10.192185">
        <ele>1246.790164</ele>
        <time>2026-05-27T20:02:47.571Z</time>
      </trkpt>
      <trkpt lat="47.433274" lon="10.191822">
        <ele>1249.108943</ele>
        <time>2026-05-27T20:03:00.802Z</time>
      </trkpt>
      <trkpt lat="47.433254" lon="10.191553">
        <ele>1250.935046</ele>
        <time>2026-05-27T20:03:10.489Z</time>
      </trkpt>
      <trkpt lat="47.433266" lon="10.191418">
        <ele>1251.853838</ele>
        <time>2026-05-27T20:03:15.401Z</time>
      </trkpt>
      <trkpt lat="47.433330" lon="10.191229">
        <ele>1253.280052</ele>
        <time>2026-05-27T20:03:23.048Z</time>
      </trkpt>
      <trkpt lat="47.433398" lon="10.191112">
        <ele>1254.320933</ele>
        <time>2026-05-27T20:03:28.838Z</time>
      </trkpt>
      <trkpt lat="47.433798" lon="10.190784">
        <ele>1258.883829</ele>
        <time>2026-05-27T20:03:56.136Z</time>
      </trkpt>
      <trkpt lat="47.433944" lon="10.190606">
        <ele>1260.771627</ele>
        <time>2026-05-27T20:04:07.418Z</time>
      </trkpt>
      <trkpt lat="47.434008" lon="10.190482">
        <ele>1261.824096</ele>
        <time>2026-05-27T20:04:13.544Z</time>
      </trkpt>
      <trkpt lat="47.434077" lon="10.190254">
        <ele>1263.509535</ele>
        <time>2026-05-27T20:04:23.130Z</time>
      </trkpt>
      <trkpt lat="47.434146" lon="10.189782">
        <ele>1266.748092</ele>
        <time>2026-05-27T20:04:41.193Z</time>
      </trkpt>
      <trkpt lat="47.434203" lon="10.189617">
        <ele>1267.977245</ele>
        <time>2026-05-27T20:04:47.672Z</time>
      </trkpt>
      <trkpt lat="47.434310" lon="10.189412">
        <ele>1269.695092</ele>
        <time>2026-05-27T20:04:56.235Z</time>
      </trkpt>
      <trkpt lat="47.434342" lon="10.189257">
        <ele>1270.770238</ele>
        <time>2026-05-27T20:05:01.392Z</time>
      </trkpt>
      <trkpt lat="47.434330" lon="10.189124">
        <ele>1271.660415</ele>
        <time>2026-05-27T20:05:05.737Z</time>
      </trkpt>
      <trkpt lat="47.434292" lon="10.189034">
        <ele>1272.364273</ele>
        <time>2026-05-27T20:05:09.236Z</time>
      </trkpt>
      <trkpt lat="47.434227" lon="10.188963">
        <ele>1273.156918</ele>
        <time>2026-05-27T20:05:13.266Z</time>
      </trkpt>
      <trkpt lat="47.434105" lon="10.188921">
        <ele>1274.385480</ele>
        <time>2026-05-27T20:05:19.817Z</time>
      </trkpt>
      <trkpt lat="47.434033" lon="10.188853">
        <ele>1275.223444</ele>
        <time>2026-05-27T20:05:24.387Z</time>
      </trkpt>
      <trkpt lat="47.433992" lon="10.188761">
        <ele>1275.954360</ele>
        <time>2026-05-27T20:05:28.335Z</time>
      </trkpt>
      <trkpt lat="47.433978" lon="10.188681">
        <ele>1276.502582</ele>
        <time>2026-05-27T20:05:31.338Z</time>
      </trkpt>
      <trkpt lat="47.434049" lon="10.188218">
        <ele>1279.652227</ele>
        <time>2026-05-27T20:05:48.433Z</time>
      </trkpt>
      <trkpt lat="47.434020" lon="10.188059">
        <ele>1280.744760</ele>
        <time>2026-05-27T20:05:54.538Z</time>
      </trkpt>
      <trkpt lat="47.433943" lon="10.187895">
        <ele>1282.069200</ele>
        <time>2026-05-27T20:06:02.161Z</time>
      </trkpt>
      <trkpt lat="47.433563" lon="10.187308">
        <ele>1288.789937</ele>
        <time>2026-05-27T20:06:36.159Z</time>
      </trkpt>
      <trkpt lat="47.433521" lon="10.187154">
        <ele>1290.237580</ele>
        <time>2026-05-27T20:06:43.353Z</time>
      </trkpt>
      <trkpt lat="47.433535" lon="10.186952">
        <ele>1292.007908</ele>
        <time>2026-05-27T20:06:52.227Z</time>
      </trkpt>
      <trkpt lat="47.433631" lon="10.186605">
        <ele>1295.276416</ele>
        <time>2026-05-27T20:07:09.225Z</time>
      </trkpt>
      <trkpt lat="47.433603" lon="10.186389">
        <ele>1297.193844</ele>
        <time>2026-05-27T20:07:19.495Z</time>
      </trkpt>
      <trkpt lat="47.433501" lon="10.186155">
        <ele>1299.620824</ele>
        <time>2026-05-27T20:07:32.348Z</time>
      </trkpt>
      <trkpt lat="47.433465" lon="10.186015">
        <ele>1300.926610</ele>
        <time>2026-05-27T20:07:39.198Z</time>
      </trkpt>
      <trkpt lat="47.433469" lon="10.185850">
        <ele>1302.366064</ele>
        <time>2026-05-27T20:07:47.001Z</time>
      </trkpt>
      <trkpt lat="47.433532" lon="10.185465">
        <ele>1305.819449</ele>
        <time>2026-05-27T20:08:06.598Z</time>
      </trkpt>
      <trkpt lat="47.433522" lon="10.185360">
        <ele>1306.793675</ele>
        <time>2026-05-27T20:08:11.993Z</time>
      </trkpt>
      <trkpt lat="47.433410" lon="10.185023">
        <ele>1310.549598</ele>
        <time>2026-05-27T20:08:31.276Z</time>
      </trkpt>
      <trkpt lat="47.433400" lon="10.184912">
        <ele>1311.669745</ele>
        <time>2026-05-27T20:08:37.097Z</time>
      </trkpt>
      <trkpt lat="47.433447" lon="10.184723">
        <ele>1313.684033</ele>
        <time>2026-05-27T20:08:47.510Z</time>
      </trkpt>
      <trkpt lat="47.433543" lon="10.184616">
        <ele>1315.461931</ele>
        <time>2026-05-27T20:08:56.638Z</time>
      </trkpt>
      <trkpt lat="47.433842" lon="10.184554">
        <ele>1319.926735</ele>
        <time>2026-05-27T20:09:19.680Z</time>
      </trkpt>
      <trkpt lat="47.433976" lon="10.184484">
        <ele>1322.028363</ele>
        <time>2026-05-27T20:09:30.772Z</time>
      </trkpt>
      <trkpt lat="47.434056" lon="10.184388">
        <ele>1323.552066</ele>
        <time>2026-05-27T20:09:38.885Z</time>
      </trkpt>
      <trkpt lat="47.434131" lon="10.184204">
        <ele>1325.700939</ele>
        <time>2026-05-27T20:09:50.247Z</time>
      </trkpt>
      <trkpt lat="47.434281" lon="10.183684">
        <ele>1331.355679</ele>
        <time>2026-05-27T20:10:19.351Z</time>
      </trkpt>
      <trkpt lat="47.434489" lon="10.183410">
        <ele>1334.895746</ele>
        <time>2026-05-27T20:10:39.650Z</time>
      </trkpt>
      <trkpt lat="47.434734" lon="10.183207">
        <ele>1338.074778</ele>
        <time>2026-05-27T20:10:57.953Z</time>
      </trkpt>
      <trkpt lat="47.434796" lon="10.183081">
        <ele>1339.267752</ele>
        <time>2026-05-27T20:11:04.432Z</time>
      </trkpt>
      <trkpt lat="47.434839" lon="10.182904">
        <ele>1340.707710</ele>
        <time>2026-05-27T20:11:12.065Z</time>
      </trkpt>
      <trkpt lat="47.434847" lon="10.182725">
        <ele>1342.081216</ele>
        <time>2026-05-27T20:11:19.197Z</time>
      </trkpt>
      <trkpt lat="47.434667" lon="10.182046">
        <ele>1347.664988</ele>
        <time>2026-05-27T20:11:46.591Z</time>
      </trkpt>
      <trkpt lat="47.434672" lon="10.181716">
        <ele>1350.192283</ele>
        <time>2026-05-27T20:11:58.378Z</time>
      </trkpt>
      <trkpt lat="47.434775" lon="10.180753">
        <ele>1357.705402</ele>
        <time>2026-05-27T20:12:34.153Z</time>
      </trkpt>
      <trkpt lat="47.434942" lon="10.180271">
        <ele>1361.898393</ele>
        <time>2026-05-27T20:12:55.912Z</time>
      </trkpt>
      <trkpt lat="47.435003" lon="10.179998">
        <ele>1364.124449</ele>
        <time>2026-05-27T20:13:07.935Z</time>
      </trkpt>
      <trkpt lat="47.435029" lon="10.179756">
        <ele>1366.021634</ele>
        <time>2026-05-27T20:13:18.331Z</time>
      </trkpt>
      <trkpt lat="47.435114" lon="10.179405">
        <ele>1368.908177</ele>
        <time>2026-05-27T20:13:34.272Z</time>
      </trkpt>
      <trkpt lat="47.435217" lon="10.179244">
        <ele>1370.623939</ele>
        <time>2026-05-27T20:13:43.904Z</time>
      </trkpt>
      <trkpt lat="47.435636" lon="10.178762">
        <ele>1376.879736</ele>
        <time>2026-05-27T20:14:18.797Z</time>
      </trkpt>
      <trkpt lat="47.436172" lon="10.177792">
        <ele>1387.208214</ele>
        <time>2026-05-27T20:15:17.566Z</time>
      </trkpt>
      <trkpt lat="47.436452" lon="10.177492">
        <ele>1391.423839</ele>
        <time>2026-05-27T20:15:39.276Z</time>
      </trkpt>
      <trkpt lat="47.436751" lon="10.177276">
        <ele>1395.480824</ele>
        <time>2026-05-27T20:15:58.922Z</time>
      </trkpt>
      <trkpt lat="47.437132" lon="10.177041">
        <ele>1397.791292</ele>
        <time>2026-05-27T20:16:21.550Z</time>
      </trkpt>
      <trkpt lat="47.437284" lon="10.176913">
        <ele>1398.671540</ele>
        <time>2026-05-27T20:16:30.012Z</time>
      </trkpt>
      <trkpt lat="47.437455" lon="10.176608">
        <ele>1400.019915</ele>
        <time>2026-05-27T20:16:40.836Z</time>
      </trkpt>
      <trkpt lat="47.437652" lon="10.176721">
        <ele>1401.083226</ele>
        <time>2026-05-27T20:16:47.844Z</time>
      </trkpt>
      <trkpt lat="47.437709" lon="10.176725">
        <ele>1401.370376</ele>
        <time>2026-05-27T20:16:49.268Z</time>
      </trkpt>
      <trkpt lat="47.437869" lon="10.176713">
        <ele>1402.176540</ele>
        <time>2026-05-27T20:16:53.089Z</time>
      </trkpt>
      <trkpt lat="47.438908" lon="10.176521">
        <ele>1404.869619</ele>
        <time>2026-05-27T20:17:10.798Z</time>
      </trkpt>
      <trkpt lat="47.439130" lon="10.176493">
        <ele>1404.843333</ele>
        <time>2026-05-27T20:17:13.512Z</time>
      </trkpt>
      <trkpt lat="47.439137" lon="10.176492">
        <ele>1404.842503</ele>
        <time>2026-05-27T20:17:13.603Z</time>
      </trkpt>
      <trkpt lat="47.439491" lon="10.176379">
        <ele>1404.799776</ele>
        <time>2026-05-27T20:17:18.460Z</time>
      </trkpt>
      <trkpt lat="47.439137" lon="10.176492">
        <ele>1404.757050</ele>
        <time>2026-05-27T20:17:24.456Z</time>
      </trkpt>
      <trkpt lat="47.438908" lon="10.176521">
        <ele>1404.729934</ele>
        <time>2026-05-27T20:17:28.795Z</time>
      </trkpt>
      <trkpt lat="47.437869" lon="10.176713">
        <ele>1401.610413</ele>
        <time>2026-05-27T20:17:40.564Z</time>
      </trkpt>
      <trkpt lat="47.437709" lon="10.176725">
        <ele>1401.076852</ele>
        <time>2026-05-27T20:17:42.078Z</time>
      </trkpt>
      <trkpt lat="47.437652" lon="10.176721">
        <ele>1400.886802</ele>
        <time>2026-05-27T20:17:42.608Z</time>
      </trkpt>
      <trkpt lat="47.437455" lon="10.176608">
        <ele>1400.183048</ele>
        <time>2026-05-27T20:17:44.538Z</time>
      </trkpt>
      <trkpt lat="47.437519" lon="10.176391">
        <ele>1399.649760</ele>
        <time>2026-05-27T20:17:45.976Z</time>
      </trkpt>
      <trkpt lat="47.437581" lon="10.176006">
        <ele>1398.758225</ele>
        <time>2026-05-27T20:17:48.434Z</time>
      </trkpt>
      <trkpt lat="47.437681" lon="10.174847">
        <ele>1396.204617</ele>
        <time>2026-05-27T20:17:56.088Z</time>
      </trkpt>
      <trkpt lat="47.437706" lon="10.174520">
        <ele>1395.485657</ele>
        <time>2026-05-27T20:17:58.417Z</time>
      </trkpt>
      <trkpt lat="47.437652" lon="10.174236">
        <ele>1394.841140</ele>
        <time>2026-05-27T20:18:00.518Z</time>
      </trkpt>
      <trkpt lat="47.437582" lon="10.174057">
        <ele>1394.389414</ele>
        <time>2026-05-27T20:18:02.054Z</time>
      </trkpt>
      <trkpt lat="47.437441" lon="10.173871">
        <ele>1393.779047</ele>
        <time>2026-05-27T20:18:04.189Z</time>
      </trkpt>
      <trkpt lat="47.437240" lon="10.173776">
        <ele>1393.097448</ele>
        <time>2026-05-27T20:18:06.820Z</time>
      </trkpt>
      <trkpt lat="47.436983" lon="10.173734">
        <ele>1391.688616</ele>
        <time>2026-05-27T20:18:10.294Z</time>
      </trkpt>
      <trkpt lat="47.436941" lon="10.173724">
        <ele>1391.430716</ele>
        <time>2026-05-27T20:18:10.821Z</time>
      </trkpt>
      <trkpt lat="47.436767" lon="10.173683">
        <ele>1390.362550</ele>
        <time>2026-05-27T20:18:12.760Z</time>
      </trkpt>
      <trkpt lat="47.436399" lon="10.173466">
        <ele>1387.960688</ele>
        <time>2026-05-27T20:18:16.499Z</time>
      </trkpt>
      <trkpt lat="47.436067" lon="10.173281">
        <ele>1385.809761</ele>
        <time>2026-05-27T20:18:19.645Z</time>
      </trkpt>
      <trkpt lat="47.435868" lon="10.173231">
        <ele>1384.586051</ele>
        <time>2026-05-27T20:18:21.426Z</time>
      </trkpt>
      <trkpt lat="47.435641" lon="10.173224">
        <ele>1383.209595</ele>
        <time>2026-05-27T20:18:23.418Z</time>
      </trkpt>
      <trkpt lat="47.435267" lon="10.173266">
        <ele>1379.894992</ele>
        <time>2026-05-27T20:18:26.666Z</time>
      </trkpt>
      <trkpt lat="47.435002" lon="10.173202">
        <ele>1376.693726</ele>
        <time>2026-05-27T20:18:28.951Z</time>
      </trkpt>
      <trkpt lat="47.434919" lon="10.173148">
        <ele>1375.612596</ele>
        <time>2026-05-27T20:18:29.723Z</time>
      </trkpt>
      <trkpt lat="47.434767" lon="10.173030">
        <ele>1373.565756</ele>
        <time>2026-05-27T20:18:31.166Z</time>
      </trkpt>
      <trkpt lat="47.434503" lon="10.172538">
        <ele>1368.501208</ele>
        <time>2026-05-27T20:18:34.717Z</time>
      </trkpt>
      <trkpt lat="47.434135" lon="10.172012">
        <ele>1362.398467</ele>
        <time>2026-05-27T20:18:39.022Z</time>
      </trkpt>
      <trkpt lat="47.434003" lon="10.171481">
        <ele>1357.972987</ele>
        <time>2026-05-27T20:18:42.256Z</time>
      </trkpt>
      <trkpt lat="47.433856" lon="10.171036">
        <ele>1354.179174</ele>
        <time>2026-05-27T20:18:45.085Z</time>
      </trkpt>
      <trkpt lat="47.433842" lon="10.170751">
        <ele>1351.990109</ele>
        <time>2026-05-27T20:18:46.728Z</time>
      </trkpt>
      <trkpt lat="47.433877" lon="10.170329">
        <ele>1348.733062</ele>
        <time>2026-05-27T20:18:49.183Z</time>
      </trkpt>
      <trkpt lat="47.433867" lon="10.170160">
        <ele>1347.433451</ele>
        <time>2026-05-27T20:18:50.164Z</time>
      </trkpt>
      <trkpt lat="47.433780" lon="10.169692">
        <ele>1343.715293</ele>
        <time>2026-05-27T20:18:52.972Z</time>
      </trkpt>
      <trkpt lat="47.433766" lon="10.169483">
        <ele>1342.106362</ele>
        <time>2026-05-27T20:18:54.191Z</time>
      </trkpt>
      <trkpt lat="47.433767" lon="10.169306">
        <ele>1340.750359</ele>
        <time>2026-05-27T20:18:55.213Z</time>
      </trkpt>
      <trkpt lat="47.433755" lon="10.169137">
        <ele>1339.531529</ele>
        <time>2026-05-27T20:18:56.196Z</time>
      </trkpt>
      <trkpt lat="47.433723" lon="10.168964">
        <ele>1338.309471</ele>
        <time>2026-05-27T20:18:57.231Z</time>
      </trkpt>
      <trkpt lat="47.433699" lon="10.168897">
        <ele>1337.792890</ele>
        <time>2026-05-27T20:18:57.668Z</time>
      </trkpt>
      <trkpt lat="47.433587" lon="10.168544">
        <ele>1335.136190</ele>
        <time>2026-05-27T20:18:59.908Z</time>
      </trkpt>
      <trkpt lat="47.433520" lon="10.167990">
        <ele>1331.301495</ele>
        <time>2026-05-27T20:19:03.140Z</time>
      </trkpt>
      <trkpt lat="47.433304" lon="10.167535">
        <ele>1327.513929</ele>
        <time>2026-05-27T20:19:06.343Z</time>
      </trkpt>
      <trkpt lat="47.433240" lon="10.167319">
        <ele>1325.907146</ele>
        <time>2026-05-27T20:19:07.717Z</time>
      </trkpt>
      <trkpt lat="47.433129" lon="10.166139">
        <ele>1318.608857</ele>
        <time>2026-05-27T20:19:14.893Z</time>
      </trkpt>
      <trkpt lat="47.433197" lon="10.165812">
        <ele>1316.722877</ele>
        <time>2026-05-27T20:19:16.992Z</time>
      </trkpt>
      <trkpt lat="47.433259" lon="10.165697">
        <ele>1315.912168</ele>
        <time>2026-05-27T20:19:17.893Z</time>
      </trkpt>
      <trkpt lat="47.433327" lon="10.165603">
        <ele>1315.153443</ele>
        <time>2026-05-27T20:19:18.734Z</time>
      </trkpt>
      <trkpt lat="47.433528" lon="10.165455">
        <ele>1313.323393</ele>
        <time>2026-05-27T20:19:20.738Z</time>
      </trkpt>
      <trkpt lat="47.433611" lon="10.165352">
        <ele>1312.440227</ele>
        <time>2026-05-27T20:19:21.713Z</time>
      </trkpt>
      <trkpt lat="47.433672" lon="10.165215">
        <ele>1311.536035</ele>
        <time>2026-05-27T20:19:22.701Z</time>
      </trkpt>
      <trkpt lat="47.433695" lon="10.165076">
        <ele>1310.747155</ele>
        <time>2026-05-27T20:19:23.564Z</time>
      </trkpt>
      <trkpt lat="47.433688" lon="10.164910">
        <ele>1309.830246</ele>
        <time>2026-05-27T20:19:24.551Z</time>
      </trkpt>
      <trkpt lat="47.433496" lon="10.164346">
        <ele>1305.633890</ele>
        <time>2026-05-27T20:19:28.256Z</time>
      </trkpt>
      <trkpt lat="47.433486" lon="10.164193">
        <ele>1304.221511</ele>
        <time>2026-05-27T20:19:29.137Z</time>
      </trkpt>
      <trkpt lat="47.433560" lon="10.163742">
        <ele>1299.957359</ele>
        <time>2026-05-27T20:19:31.773Z</time>
      </trkpt>
      <trkpt lat="47.433559" lon="10.163608">
        <ele>1298.726034</ele>
        <time>2026-05-27T20:19:32.526Z</time>
      </trkpt>
      <trkpt lat="47.433528" lon="10.163384">
        <ele>1296.625191</ele>
        <time>2026-05-27T20:19:33.812Z</time>
      </trkpt>
      <trkpt lat="47.433515" lon="10.163103">
        <ele>1294.037208</ele>
        <time>2026-05-27T20:19:35.392Z</time>
      </trkpt>
      <trkpt lat="47.433537" lon="10.162802">
        <ele>1291.255390</ele>
        <time>2026-05-27T20:19:37.090Z</time>
      </trkpt>
      <trkpt lat="47.433513" lon="10.162619">
        <ele>1289.542595</ele>
        <time>2026-05-27T20:19:38.128Z</time>
      </trkpt>
      <trkpt lat="47.433350" lon="10.162111">
        <ele>1284.376361</ele>
        <time>2026-05-27T20:19:41.287Z</time>
      </trkpt>
      <trkpt lat="47.433349" lon="10.161873">
        <ele>1282.216702</ele>
        <time>2026-05-27T20:19:42.626Z</time>
      </trkpt>
      <trkpt lat="47.433491" lon="10.161442">
        <ele>1277.961426</ele>
        <time>2026-05-27T20:19:45.332Z</time>
      </trkpt>
      <trkpt lat="47.433548" lon="10.161036">
        <ele>1274.280901</ele>
        <time>2026-05-27T20:19:47.670Z</time>
      </trkpt>
      <trkpt lat="47.433593" lon="10.160891">
        <ele>1272.864868</ele>
        <time>2026-05-27T20:19:48.567Z</time>
      </trkpt>
      <trkpt lat="47.433755" lon="10.160676">
        <ele>1270.008190</ele>
        <time>2026-05-27T20:19:50.394Z</time>
      </trkpt>
      <trkpt lat="47.433869" lon="10.160536">
        <ele>1268.063488</ele>
        <time>2026-05-27T20:19:51.638Z</time>
      </trkpt>
      <trkpt lat="47.433998" lon="10.160236">
        <ele>1264.908184</ele>
        <time>2026-05-27T20:19:53.671Z</time>
      </trkpt>
      <trkpt lat="47.434082" lon="10.159726">
        <ele>1260.249121</ele>
        <time>2026-05-27T20:19:56.687Z</time>
      </trkpt>
      <trkpt lat="47.434454" lon="10.158244">
        <ele>1248.424618</ele>
        <time>2026-05-27T20:20:05.767Z</time>
      </trkpt>
      <trkpt lat="47.434487" lon="10.158008">
        <ele>1246.643894</ele>
        <time>2026-05-27T20:20:07.162Z</time>
      </trkpt>
      <trkpt lat="47.434406" lon="10.157305">
        <ele>1241.374455</ele>
        <time>2026-05-27T20:20:11.302Z</time>
      </trkpt>
      <trkpt lat="47.434514" lon="10.156581">
        <ele>1236.308348</ele>
        <time>2026-05-27T20:20:15.611Z</time>
      </trkpt>
      <trkpt lat="47.434508" lon="10.155876">
        <ele>1231.657029</ele>
        <time>2026-05-27T20:20:19.726Z</time>
      </trkpt>
      <trkpt lat="47.434538" lon="10.154901">
        <ele>1225.218214</ele>
        <time>2026-05-27T20:20:25.443Z</time>
      </trkpt>
      <trkpt lat="47.434670" lon="10.154414">
        <ele>1221.769666</ele>
        <time>2026-05-27T20:20:28.519Z</time>
      </trkpt>
      <trkpt lat="47.434994" lon="10.153633">
        <ele>1215.897040</ele>
        <time>2026-05-27T20:20:33.861Z</time>
      </trkpt>
      <trkpt lat="47.435010" lon="10.153457">
        <ele>1214.758760</ele>
        <time>2026-05-27T20:20:34.899Z</time>
      </trkpt>
      <trkpt lat="47.435184" lon="10.152475">
        <ele>1208.251904</ele>
        <time>2026-05-27T20:20:40.849Z</time>
      </trkpt>
      <trkpt lat="47.435323" lon="10.151902">
        <ele>1204.446990</ele>
        <time>2026-05-27T20:20:44.433Z</time>
      </trkpt>
      <trkpt lat="47.435589" lon="10.151385">
        <ele>1200.784531</ele>
        <time>2026-05-27T20:20:48.246Z</time>
      </trkpt>
      <trkpt lat="47.435563" lon="10.150191">
        <ele>1194.048877</ele>
        <time>2026-05-27T20:20:55.283Z</time>
      </trkpt>
      <trkpt lat="47.435592" lon="10.149934">
        <ele>1192.579802</ele>
        <time>2026-05-27T20:20:56.856Z</time>
      </trkpt>
      <trkpt lat="47.435717" lon="10.149546">
        <ele>1190.158016</ele>
        <time>2026-05-27T20:20:59.484Z</time>
      </trkpt>
      <trkpt lat="47.435911" lon="10.149192">
        <ele>1188.134546</ele>
        <time>2026-05-27T20:21:02.309Z</time>
      </trkpt>
      <trkpt lat="47.436099" lon="10.148905">
        <ele>1186.360153</ele>
        <time>2026-05-27T20:21:04.820Z</time>
      </trkpt>
      <trkpt lat="47.436268" lon="10.148525">
        <ele>1184.340354</ele>
        <time>2026-05-27T20:21:07.684Z</time>
      </trkpt>
      <trkpt lat="47.436340" lon="10.148270">
        <ele>1183.113123</ele>
        <time>2026-05-27T20:21:09.408Z</time>
      </trkpt>
      <trkpt lat="47.436371" lon="10.148044">
        <ele>1182.088968</ele>
        <time>2026-05-27T20:21:10.844Z</time>
      </trkpt>
      <trkpt lat="47.436368" lon="10.147623">
        <ele>1180.219094</ele>
        <time>2026-05-27T20:21:13.440Z</time>
      </trkpt>
      <trkpt lat="47.436404" lon="10.147459">
        <ele>1179.453333</ele>
        <time>2026-05-27T20:21:14.483Z</time>
      </trkpt>
      <trkpt lat="47.436476" lon="10.147308">
        <ele>1178.632825</ele>
        <time>2026-05-27T20:21:15.588Z</time>
      </trkpt>
      <trkpt lat="47.436822" lon="10.146812">
        <ele>1174.469037</ele>
        <time>2026-05-27T20:21:19.783Z</time>
      </trkpt>
      <trkpt lat="47.436957" lon="10.146229">
        <ele>1170.784236</ele>
        <time>2026-05-27T20:21:23.415Z</time>
      </trkpt>
      <trkpt lat="47.437026" lon="10.146054">
        <ele>1169.572979</ele>
        <time>2026-05-27T20:21:24.602Z</time>
      </trkpt>
      <trkpt lat="47.437128" lon="10.145855">
        <ele>1168.079956</ele>
        <time>2026-05-27T20:21:26.070Z</time>
      </trkpt>
      <trkpt lat="47.437531" lon="10.145260">
        <ele>1163.044923</ele>
        <time>2026-05-27T20:21:31.029Z</time>
      </trkpt>
      <trkpt lat="47.437905" lon="10.144977">
        <ele>1159.009518</ele>
        <time>2026-05-27T20:21:34.678Z</time>
      </trkpt>
      <trkpt lat="47.437982" lon="10.144871">
        <ele>1157.983701</ele>
        <time>2026-05-27T20:21:35.585Z</time>
      </trkpt>
      <trkpt lat="47.438313" lon="10.144075">
        <ele>1151.821567</ele>
        <time>2026-05-27T20:21:41.033Z</time>
      </trkpt>
      <trkpt lat="47.438559" lon="10.143590">
        <ele>1147.823701</ele>
        <time>2026-05-27T20:21:44.558Z</time>
      </trkpt>
      <trkpt lat="47.438971" lon="10.142960">
        <ele>1142.158292</ele>
        <time>2026-05-27T20:21:49.655Z</time>
      </trkpt>
      <trkpt lat="47.439193" lon="10.142654">
        <ele>1139.316178</ele>
        <time>2026-05-27T20:21:52.278Z</time>
      </trkpt>
      <trkpt lat="47.439263" lon="10.142546">
        <ele>1138.368789</ele>
        <time>2026-05-27T20:21:53.165Z</time>
      </trkpt>
      <trkpt lat="47.439496" lon="10.141956">
        <ele>1134.041670</ele>
        <time>2026-05-27T20:21:57.203Z</time>
      </trkpt>
      <trkpt lat="47.439722" lon="10.141593">
        <ele>1130.916880</ele>
        <time>2026-05-27T20:22:00.102Z</time>
      </trkpt>
      <trkpt lat="47.440131" lon="10.141105">
        <ele>1125.997922</ele>
        <time>2026-05-27T20:22:04.633Z</time>
      </trkpt>
      <trkpt lat="47.440619" lon="10.140231">
        <ele>1118.828626</ele>
        <time>2026-05-27T20:22:11.306Z</time>
      </trkpt>
      <trkpt lat="47.440798" lon="10.139983">
        <ele>1116.534311</ele>
        <time>2026-05-27T20:22:13.443Z</time>
      </trkpt>
      <trkpt lat="47.441153" lon="10.139690">
        <ele>1112.731781</ele>
        <time>2026-05-27T20:22:16.965Z</time>
      </trkpt>
      <trkpt lat="47.441584" lon="10.139455">
        <ele>1108.657471</ele>
        <time>2026-05-27T20:22:20.926Z</time>
      </trkpt>
      <trkpt lat="47.441707" lon="10.139341">
        <ele>1107.406856</ele>
        <time>2026-05-27T20:22:22.179Z</time>
      </trkpt>
      <trkpt lat="47.441952" lon="10.138970">
        <ele>1104.385648</ele>
        <time>2026-05-27T20:22:25.210Z</time>
      </trkpt>
      <trkpt lat="47.442141" lon="10.138582">
        <ele>1101.599624</ele>
        <time>2026-05-27T20:22:28.007Z</time>
      </trkpt>
      <trkpt lat="47.442229" lon="10.138457">
        <ele>1100.548344</ele>
        <time>2026-05-27T20:22:29.068Z</time>
      </trkpt>
      <trkpt lat="47.443315" lon="10.137514">
        <ele>1092.170643</ele>
        <time>2026-05-27T20:22:40.442Z</time>
      </trkpt>
      <trkpt lat="47.443945" lon="10.137033">
        <ele>1088.555475</ele>
        <time>2026-05-27T20:22:47.325Z</time>
      </trkpt>
      <trkpt lat="47.444176" lon="10.136897">
        <ele>1087.287733</ele>
        <time>2026-05-27T20:22:49.785Z</time>
      </trkpt>
      <trkpt lat="47.445747" lon="10.136145">
        <ele>1081.696230</ele>
        <time>2026-05-27T20:23:06.208Z</time>
      </trkpt>
      <trkpt lat="47.447707" lon="10.135195">
        <ele>1077.326487</ele>
        <time>2026-05-27T20:23:29.297Z</time>
      </trkpt>
      <trkpt lat="47.448365" lon="10.134775">
        <ele>1075.728115</ele>
        <time>2026-05-27T20:23:37.037Z</time>
      </trkpt>
      <trkpt lat="47.449058" lon="10.134185">
        <ele>1073.937605</ele>
        <time>2026-05-27T20:23:45.448Z</time>
      </trkpt>
      <trkpt lat="47.449497" lon="10.133913">
        <ele>1072.980417</ele>
        <time>2026-05-27T20:23:50.578Z</time>
      </trkpt>
      <trkpt lat="47.451503" lon="10.133061">
        <ele>1069.739131</ele>
        <time>2026-05-27T20:24:14.657Z</time>
      </trkpt>
      <trkpt lat="47.452387" lon="10.132701">
        <ele>1068.496919</ele>
        <time>2026-05-27T20:24:25.304Z</time>
      </trkpt>
      <trkpt lat="47.452991" lon="10.132447">
        <ele>1067.804813</ele>
        <time>2026-05-27T20:24:32.757Z</time>
      </trkpt>
      <trkpt lat="47.453644" lon="10.132121">
        <ele>1067.399155</ele>
        <time>2026-05-27T20:24:41.446Z</time>
      </trkpt>
      <trkpt lat="47.455548" lon="10.130994">
        <ele>1067.172417</ele>
        <time>2026-05-27T20:25:10.461Z</time>
      </trkpt>
      <trkpt lat="47.456187" lon="10.130612">
        <ele>1067.419498</ele>
        <time>2026-05-27T20:25:22.487Z</time>
      </trkpt>
      <trkpt lat="47.456673" lon="10.130322">
        <ele>1068.423325</ele>
        <time>2026-05-27T20:25:33.669Z</time>
      </trkpt>
      <trkpt lat="47.457135" lon="10.130026">
        <ele>1069.387734</ele>
        <time>2026-05-27T20:25:46.075Z</time>
      </trkpt>
      <trkpt lat="47.457590" lon="10.129684">
        <ele>1070.365363</ele>
        <time>2026-05-27T20:25:58.772Z</time>
      </trkpt>
      <trkpt lat="47.457769" lon="10.129517">
        <ele>1070.770748</ele>
        <time>2026-05-27T20:26:03.773Z</time>
      </trkpt>
      <trkpt lat="47.458061" lon="10.129219">
        <ele>1070.854595</ele>
        <time>2026-05-27T20:26:11.778Z</time>
      </trkpt>
      <trkpt lat="47.458211" lon="10.129041">
        <ele>1070.890633</ele>
        <time>2026-05-27T20:26:15.833Z</time>
      </trkpt>
      <trkpt lat="47.458357" lon="10.128866">
        <ele>1070.925850</ele>
        <time>2026-05-27T20:26:19.329Z</time>
      </trkpt>
      <trkpt lat="47.458941" lon="10.128021">
        <ele>1071.078949</ele>
        <time>2026-05-27T20:26:30.362Z</time>
      </trkpt>
      <trkpt lat="47.459106" lon="10.127762">
        <ele>1071.124037</ele>
        <time>2026-05-27T20:26:33.122Z</time>
      </trkpt>
      <trkpt lat="47.459382" lon="10.127332">
        <ele>1070.207007</ele>
        <time>2026-05-27T20:26:37.547Z</time>
      </trkpt>
      <trkpt lat="47.459590" lon="10.126977">
        <ele>1069.447579</ele>
        <time>2026-05-27T20:26:40.951Z</time>
      </trkpt>
      <trkpt lat="47.460186" lon="10.125953">
        <ele>1067.263229</ele>
        <time>2026-05-27T20:26:50.506Z</time>
      </trkpt>
      <trkpt lat="47.460608" lon="10.125140">
        <ele>1065.257940</ele>
        <time>2026-05-27T20:26:57.554Z</time>
      </trkpt>
      <trkpt lat="47.460875" lon="10.124550">
        <ele>1063.782535</ele>
        <time>2026-05-27T20:27:02.344Z</time>
      </trkpt>
      <trkpt lat="47.460921" lon="10.124603">
        <ele>1063.603308</ele>
        <time>2026-05-27T20:27:08.352Z</time>
      </trkpt>
      <trkpt lat="47.461145" lon="10.123947">
        <ele>1062.076063</ele>
        <time>2026-05-27T20:27:13.344Z</time>
      </trkpt>
      <trkpt lat="47.461312" lon="10.123370">
        <ele>1061.057363</ele>
        <time>2026-05-27T20:27:17.697Z</time>
      </trkpt>
      <trkpt lat="47.461927" lon="10.121004">
        <ele>1058.899220</ele>
        <time>2026-05-27T20:27:37.759Z</time>
      </trkpt>
      <trkpt lat="47.462241" lon="10.119926">
        <ele>1060.078898</ele>
        <time>2026-05-27T20:27:53.165Z</time>
      </trkpt>
      <trkpt lat="47.462340" lon="10.119618">
        <ele>1060.421644</ele>
        <time>2026-05-27T20:27:58.888Z</time>
      </trkpt>
      <trkpt lat="47.462561" lon="10.119078">
        <ele>1061.056037</ele>
        <time>2026-05-27T20:28:09.995Z</time>
      </trkpt>
      <trkpt lat="47.462910" lon="10.118163">
        <ele>1062.012515</ele>
        <time>2026-05-27T20:28:27.644Z</time>
      </trkpt>
      <trkpt lat="47.463288" lon="10.117216">
        <ele>1062.953154</ele>
        <time>2026-05-27T20:28:43.727Z</time>
      </trkpt>
      <trkpt lat="47.463487" lon="10.116670">
        <ele>1063.483704</ele>
        <time>2026-05-27T20:28:50.209Z</time>
      </trkpt>
      <trkpt lat="47.463646" lon="10.116039">
        <ele>1063.413347</ele>
        <time>2026-05-27T20:28:56.220Z</time>
      </trkpt>
      <trkpt lat="47.463678" lon="10.115878">
        <ele>1063.283530</ele>
        <time>2026-05-27T20:29:08.548Z</time>
      </trkpt>
      <trkpt lat="47.463724" lon="10.115685">
        <ele>1063.125222</ele>
        <time>2026-05-27T20:29:23.587Z</time>
      </trkpt>
      <trkpt lat="47.463895" lon="10.115026">
        <ele>1062.579173</ele>
        <time>2026-05-27T20:29:29.422Z</time>
      </trkpt>
      <trkpt lat="47.464169" lon="10.114251">
        <ele>1061.902620</ele>
        <time>2026-05-27T20:29:36.148Z</time>
      </trkpt>
      <trkpt lat="47.464360" lon="10.113709">
        <ele>1061.163707</ele>
        <time>2026-05-27T20:29:40.767Z</time>
      </trkpt>
      <trkpt lat="47.464737" lon="10.112470">
        <ele>1058.909175</ele>
        <time>2026-05-27T20:29:50.590Z</time>
      </trkpt>
      <trkpt lat="47.465048" lon="10.111435">
        <ele>1056.983801</ele>
        <time>2026-05-27T20:29:58.453Z</time>
      </trkpt>
      <trkpt lat="47.465049" lon="10.111434">
        <ele>1056.980213</ele>
        <time>2026-05-27T20:29:58.464Z</time>
      </trkpt>
      <trkpt lat="47.465213" lon="10.110712">
        <ele>1055.449420</ele>
        <time>2026-05-27T20:30:03.722Z</time>
      </trkpt>
      <trkpt lat="47.465264" lon="10.110345">
        <ele>1054.696404</ele>
        <time>2026-05-27T20:30:06.326Z</time>
      </trkpt>
      <trkpt lat="47.465375" lon="10.109595">
        <ele>1053.153363</ele>
        <time>2026-05-27T20:30:11.663Z</time>
      </trkpt>
      <trkpt lat="47.465471" lon="10.109075">
        <ele>1052.070006</ele>
        <time>2026-05-27T20:30:15.436Z</time>
      </trkpt>
      <trkpt lat="47.465697" lon="10.108189">
        <ele>1050.251141</ele>
        <time>2026-05-27T20:30:21.992Z</time>
      </trkpt>
      <trkpt lat="47.465800" lon="10.107616">
        <ele>1049.117499</ele>
        <time>2026-05-27T20:30:26.072Z</time>
      </trkpt>
      <trkpt lat="47.465882" lon="10.106917">
        <ele>1047.761043</ele>
        <time>2026-05-27T20:30:30.956Z</time>
      </trkpt>
      <trkpt lat="47.465883" lon="10.106910">
        <ele>1047.747363</ele>
        <time>2026-05-27T20:30:31.006Z</time>
      </trkpt>
      <trkpt lat="47.465902" lon="10.106398">
        <ele>1046.794527</ele>
        <time>2026-05-27T20:30:34.684Z</time>
      </trkpt>
      <trkpt lat="47.465848" lon="10.105640">
        <ele>1046.204322</ele>
        <time>2026-05-27T20:30:40.422Z</time>
      </trkpt>
      <trkpt lat="47.465810" lon="10.105648">
        <ele>1046.160357</ele>
        <time>2026-05-27T20:30:40.856Z</time>
      </trkpt>
      <trkpt lat="47.465807" lon="10.105608">
        <ele>1046.129193</ele>
        <time>2026-05-27T20:30:41.168Z</time>
      </trkpt>
      <trkpt lat="47.465793" lon="10.105351">
        <ele>1045.929541</ele>
        <time>2026-05-27T20:30:43.214Z</time>
      </trkpt>
      <trkpt lat="47.465782" lon="10.105198">
        <ele>1045.810397</ele>
        <time>2026-05-27T20:30:44.453Z</time>
      </trkpt>
      <trkpt lat="47.465780" lon="10.105160">
        <ele>1045.780883</ele>
        <time>2026-05-27T20:30:44.766Z</time>
      </trkpt>
      <trkpt lat="47.465769" lon="10.104947">
        <ele>1045.615466</ele>
        <time>2026-05-27T20:30:46.545Z</time>
      </trkpt>
      <trkpt lat="47.465793" lon="10.104940">
        <ele>1045.587447</ele>
        <time>2026-05-27T20:30:47.009Z</time>
      </trkpt>
      <trkpt lat="47.465772" lon="10.104250">
        <ele>1045.052605</ele>
        <time>2026-05-27T20:30:53.098Z</time>
      </trkpt>
      <trkpt lat="47.465765" lon="10.103979">
        <ele>1044.842604</ele>
        <time>2026-05-27T20:30:55.623Z</time>
      </trkpt>
      <trkpt lat="47.465864" lon="10.101862">
        <ele>1045.192705</ele>
        <time>2026-05-27T20:31:16.607Z</time>
      </trkpt>
      <trkpt lat="47.465873" lon="10.100761">
        <ele>1045.832112</ele>
        <time>2026-05-27T20:31:31.697Z</time>
      </trkpt>
      <trkpt lat="47.465849" lon="10.100224">
        <ele>1046.429476</ele>
        <time>2026-05-27T20:31:39.907Z</time>
      </trkpt>
      <trkpt lat="47.465791" lon="10.099878">
        <ele>1046.825162</ele>
        <time>2026-05-27T20:31:45.476Z</time>
      </trkpt>
      <trkpt lat="47.465702" lon="10.099529">
        <ele>1047.239193</ele>
        <time>2026-05-27T20:31:51.232Z</time>
      </trkpt>
      <trkpt lat="47.465162" lon="10.097602">
        <ele>1049.506591</ele>
        <time>2026-05-27T20:32:20.732Z</time>
      </trkpt>
      <trkpt lat="47.465161" lon="10.097599">
        <ele>1049.510162</ele>
        <time>2026-05-27T20:32:20.775Z</time>
      </trkpt>
      <trkpt lat="47.464830" lon="10.095684">
        <ele>1051.864481</ele>
        <time>2026-05-27T20:32:48.745Z</time>
      </trkpt>
      <trkpt lat="47.464712" lon="10.094808">
        <ele>1053.291981</ele>
        <time>2026-05-27T20:33:03.569Z</time>
      </trkpt>
      <trkpt lat="47.464595" lon="10.094279">
        <ele>1054.181497</ele>
        <time>2026-05-27T20:33:14.017Z</time>
      </trkpt>
      <trkpt lat="47.464517" lon="10.094269">
        <ele>1054.366578</ele>
        <time>2026-05-27T20:33:15.972Z</time>
      </trkpt>
      <trkpt lat="47.464365" lon="10.093746">
        <ele>1055.276380</ele>
        <time>2026-05-27T20:33:26.205Z</time>
      </trkpt>
      <trkpt lat="47.464179" lon="10.093333">
        <ele>1055.583608</ele>
        <time>2026-05-27T20:33:33.968Z</time>
      </trkpt>
      <trkpt lat="47.464124" lon="10.093200">
        <ele>1055.656600</ele>
        <time>2026-05-27T20:33:36.255Z</time>
      </trkpt>
      <trkpt lat="47.463872" lon="10.092629">
        <ele>1055.975847</ele>
        <time>2026-05-27T20:33:46.088Z</time>
      </trkpt>
      <trkpt lat="47.463815" lon="10.092436">
        <ele>1056.074451</ele>
        <time>2026-05-27T20:33:48.778Z</time>
      </trkpt>
      <trkpt lat="47.463659" lon="10.091347">
        <ele>1056.595614</ele>
        <time>2026-05-27T20:33:58.894Z</time>
      </trkpt>
      <trkpt lat="47.463630" lon="10.091154">
        <ele>1056.394758</ele>
        <time>2026-05-27T20:34:00.477Z</time>
      </trkpt>
      <trkpt lat="47.463521" lon="10.090275">
        <ele>1054.776892</ele>
        <time>2026-05-27T20:34:07.207Z</time>
      </trkpt>
      <trkpt lat="47.463488" lon="10.089384">
        <ele>1053.161427</ele>
        <time>2026-05-27T20:34:13.365Z</time>
      </trkpt>
      <trkpt lat="47.463483" lon="10.089253">
        <ele>1052.923890</ele>
        <time>2026-05-27T20:34:14.254Z</time>
      </trkpt>
      <trkpt lat="47.463434" lon="10.088595">
        <ele>1051.691868</ele>
        <time>2026-05-27T20:34:18.635Z</time>
      </trkpt>
      <trkpt lat="47.463369" lon="10.088289">
        <ele>1050.884295</ele>
        <time>2026-05-27T20:34:20.743Z</time>
      </trkpt>
      <trkpt lat="47.463084" lon="10.087384">
        <ele>1048.370625</ele>
        <time>2026-05-27T20:34:27.324Z</time>
      </trkpt>
      <trkpt lat="47.462487" lon="10.085487">
        <ele>1043.995743</ele>
        <time>2026-05-27T20:34:41.459Z</time>
      </trkpt>
      <trkpt lat="47.462130" lon="10.084370">
        <ele>1042.267287</ele>
        <time>2026-05-27T20:34:50.413Z</time>
      </trkpt>
      <trkpt lat="47.461929" lon="10.083873">
        <ele>1041.457093</ele>
        <time>2026-05-27T20:34:55.294Z</time>
      </trkpt>
      <trkpt lat="47.461911" lon="10.083831">
        <ele>1041.392625</ele>
        <time>2026-05-27T20:34:55.818Z</time>
      </trkpt>
      <trkpt lat="47.461548" lon="10.082973">
        <ele>1041.988918</ele>
        <time>2026-05-27T20:35:07.742Z</time>
      </trkpt>
      <trkpt lat="47.461318" lon="10.082365">
        <ele>1042.399373</ele>
        <time>2026-05-27T20:35:18.317Z</time>
      </trkpt>
      <trkpt lat="47.461196" lon="10.081976">
        <ele>1042.652006</ele>
        <time>2026-05-27T20:35:24.689Z</time>
      </trkpt>
      <trkpt lat="47.461002" lon="10.081212">
        <ele>1042.895879</ele>
        <time>2026-05-27T20:35:35.098Z</time>
      </trkpt>
      <trkpt lat="47.460825" lon="10.080221">
        <ele>1042.679192</ele>
        <time>2026-05-27T20:35:45.048Z</time>
      </trkpt>
      <trkpt lat="47.460735" lon="10.079502">
        <ele>1042.524611</ele>
        <time>2026-05-27T20:35:51.415Z</time>
      </trkpt>
      <trkpt lat="47.460619" lon="10.078177">
        <ele>1041.534254</ele>
        <time>2026-05-27T20:36:02.104Z</time>
      </trkpt>
      <trkpt lat="47.460576" lon="10.077697">
        <ele>1040.960994</ele>
        <time>2026-05-27T20:36:05.891Z</time>
      </trkpt>
      <trkpt lat="47.460445" lon="10.076583">
        <ele>1039.622277</ele>
        <time>2026-05-27T20:36:14.294Z</time>
      </trkpt>
      <trkpt lat="47.460313" lon="10.075813">
        <ele>1038.647906</ele>
        <time>2026-05-27T20:36:19.998Z</time>
      </trkpt>
      <trkpt lat="47.460164" lon="10.075234">
        <ele>1037.870402</ele>
        <time>2026-05-27T20:36:24.486Z</time>
      </trkpt>
      <trkpt lat="47.459804" lon="10.073908">
        <ele>1036.077102</ele>
        <time>2026-05-27T20:36:35.038Z</time>
      </trkpt>
      <trkpt lat="47.459795" lon="10.073855">
        <ele>1036.008520</ele>
        <time>2026-05-27T20:36:35.517Z</time>
      </trkpt>
      <trkpt lat="47.459751" lon="10.073270">
        <ele>1036.079629</ele>
        <time>2026-05-27T20:36:41.086Z</time>
      </trkpt>
      <trkpt lat="47.459744" lon="10.072805">
        <ele>1036.237015</ele>
        <time>2026-05-27T20:36:45.948Z</time>
      </trkpt>
      <trkpt lat="47.459703" lon="10.072393">
        <ele>1036.377930</ele>
        <time>2026-05-27T20:36:50.567Z</time>
      </trkpt>
      <trkpt lat="47.459604" lon="10.072059">
        <ele>1036.501333</ele>
        <time>2026-05-27T20:36:54.695Z</time>
      </trkpt>
      <trkpt lat="47.459290" lon="10.071236">
        <ele>1036.778808</ele>
        <time>2026-05-27T20:37:08.408Z</time>
      </trkpt>
      <trkpt lat="47.458892" lon="10.070190">
        <ele>1035.889500</ele>
        <time>2026-05-27T20:37:26.372Z</time>
      </trkpt>
      <trkpt lat="47.458769" lon="10.069538">
        <ele>1035.387961</ele>
        <time>2026-05-27T20:37:31.600Z</time>
      </trkpt>
      <trkpt lat="47.458727" lon="10.069369">
        <ele>1035.254552</ele>
        <time>2026-05-27T20:37:32.842Z</time>
      </trkpt>
      <trkpt lat="47.458710" lon="10.069310">
        <ele>1035.207033</ele>
        <time>2026-05-27T20:37:33.282Z</time>
      </trkpt>
      <trkpt lat="47.458277" lon="10.068292">
        <ele>1031.456553</ele>
        <time>2026-05-27T20:37:40.895Z</time>
      </trkpt>
      <trkpt lat="47.457993" lon="10.067553">
        <ele>1027.369233</ele>
        <time>2026-05-27T20:37:45.900Z</time>
      </trkpt>
      <trkpt lat="47.457453" lon="10.065965">
        <ele>1019.662719</ele>
        <time>2026-05-27T20:37:56.583Z</time>
      </trkpt>
      <trkpt lat="47.457178" lon="10.065239">
        <ele>1016.704872</ele>
        <time>2026-05-27T20:38:01.773Z</time>
      </trkpt>
      <trkpt lat="47.456637" lon="10.063905">
        <ele>1012.098446</ele>
        <time>2026-05-27T20:38:12.156Z</time>
      </trkpt>
      <trkpt lat="47.456463" lon="10.063259">
        <ele>1011.239302</ele>
        <time>2026-05-27T20:38:17.567Z</time>
      </trkpt>
      <trkpt lat="47.456179" lon="10.062015">
        <ele>1009.617064</ele>
        <time>2026-05-27T20:38:28.585Z</time>
      </trkpt>
      <trkpt lat="47.455883" lon="10.060854">
        <ele>1007.552030</ele>
        <time>2026-05-27T20:38:37.857Z</time>
      </trkpt>
      <trkpt lat="47.455289" lon="10.058906">
        <ele>1004.126926</ele>
        <time>2026-05-27T20:38:52.428Z</time>
      </trkpt>
      <trkpt lat="47.455100" lon="10.058156">
        <ele>1003.340039</ele>
        <time>2026-05-27T20:38:58.415Z</time>
      </trkpt>
      <trkpt lat="47.455056" lon="10.057835">
        <ele>1003.018036</ele>
        <time>2026-05-27T20:39:01.137Z</time>
      </trkpt>
      <trkpt lat="47.455044" lon="10.057510">
        <ele>1002.698043</ele>
        <time>2026-05-27T20:39:04.004Z</time>
      </trkpt>
      <trkpt lat="47.455059" lon="10.056612">
        <ele>1001.613494</ele>
        <time>2026-05-27T20:39:13.489Z</time>
      </trkpt>
      <trkpt lat="47.455035" lon="10.056308">
        <ele>1000.915838</ele>
        <time>2026-05-27T20:39:16.326Z</time>
      </trkpt>
      <trkpt lat="47.454916" lon="10.055725">
        <ele>999.527695</ele>
        <time>2026-05-27T20:39:20.933Z</time>
      </trkpt>
      <trkpt lat="47.454772" lon="10.055318">
        <ele>998.480631</ele>
        <time>2026-05-27T20:39:24.057Z</time>
      </trkpt>
      <trkpt lat="47.454682" lon="10.055127">
        <ele>997.949968</ele>
        <time>2026-05-27T20:39:25.585Z</time>
      </trkpt>
      <trkpt lat="47.454311" lon="10.054310">
        <ele>995.577572</ele>
        <time>2026-05-27T20:39:31.747Z</time>
      </trkpt>
      <trkpt lat="47.454055" lon="10.053586">
        <ele>992.498655</ele>
        <time>2026-05-27T20:39:36.673Z</time>
      </trkpt>
      <trkpt lat="47.453867" lon="10.052940">
        <ele>989.848294</ele>
        <time>2026-05-27T20:39:40.998Z</time>
      </trkpt>
      <trkpt lat="47.453764" lon="10.052474">
        <ele>988.000720</ele>
        <time>2026-05-27T20:39:44.113Z</time>
      </trkpt>
      <trkpt lat="47.453565" lon="10.051240">
        <ele>984.456422</ele>
        <time>2026-05-27T20:39:52.639Z</time>
      </trkpt>
      <trkpt lat="47.453325" lon="10.050180">
        <ele>982.201938</ele>
        <time>2026-05-27T20:40:00.370Z</time>
      </trkpt>
      <trkpt lat="47.453289" lon="10.050030">
        <ele>981.880925</ele>
        <time>2026-05-27T20:40:01.477Z</time>
      </trkpt>
      <trkpt lat="47.453215" lon="10.049420">
        <ele>980.631022</ele>
        <time>2026-05-27T20:40:05.898Z</time>
      </trkpt>
      <trkpt lat="47.453239" lon="10.048542">
        <ele>980.931331</ele>
        <time>2026-05-27T20:40:12.545Z</time>
      </trkpt>
      <trkpt lat="47.453245" lon="10.048395">
        <ele>981.005912</ele>
        <time>2026-05-27T20:40:13.719Z</time>
      </trkpt>
      <trkpt lat="47.453249" lon="10.048255">
        <ele>981.076876</ele>
        <time>2026-05-27T20:40:14.877Z</time>
      </trkpt>
      <trkpt lat="47.453142" lon="10.046461">
        <ele>982.564295</ele>
        <time>2026-05-27T20:40:43.880Z</time>
      </trkpt>
      <trkpt lat="47.452940" lon="10.044189">
        <ele>989.003521</ele>
        <time>2026-05-27T20:41:38.918Z</time>
      </trkpt>
      <trkpt lat="47.452782" lon="10.043455">
        <ele>989.029410</ele>
        <time>2026-05-27T20:41:51.942Z</time>
      </trkpt>
      <trkpt lat="47.452394" lon="10.042289">
        <ele>988.416296</ele>
        <time>2026-05-27T20:42:03.891Z</time>
      </trkpt>
      <trkpt lat="47.452270" lon="10.041773">
        <ele>988.157933</ele>
        <time>2026-05-27T20:42:07.464Z</time>
      </trkpt>
      <trkpt lat="47.452229" lon="10.041465">
        <ele>987.388094</ele>
        <time>2026-05-27T20:42:09.449Z</time>
      </trkpt>
      <trkpt lat="47.452205" lon="10.041138">
        <ele>985.894580</ele>
        <time>2026-05-27T20:42:11.488Z</time>
      </trkpt>
      <trkpt lat="47.452213" lon="10.040712">
        <ele>983.959516</ele>
        <time>2026-05-27T20:42:14.101Z</time>
      </trkpt>
      <trkpt lat="47.452259" lon="10.040018">
        <ele>980.793202</ele>
        <time>2026-05-27T20:42:18.285Z</time>
      </trkpt>
      <trkpt lat="47.452266" lon="10.039545">
        <ele>978.644961</ele>
        <time>2026-05-27T20:42:21.090Z</time>
      </trkpt>
      <trkpt lat="47.452217" lon="10.039087">
        <ele>976.539475</ele>
        <time>2026-05-27T20:42:23.887Z</time>
      </trkpt>
      <trkpt lat="47.452143" lon="10.038712">
        <ele>974.811376</ele>
        <time>2026-05-27T20:42:26.280Z</time>
      </trkpt>
      <trkpt lat="47.452055" lon="10.038433">
        <ele>973.465043</ele>
        <time>2026-05-27T20:42:28.180Z</time>
      </trkpt>
      <trkpt lat="47.451580" lon="10.037228">
        <ele>967.365262</ele>
        <time>2026-05-27T20:42:36.824Z</time>
      </trkpt>
      <trkpt lat="47.451531" lon="10.037084">
        <ele>966.660273</ele>
        <time>2026-05-27T20:42:37.822Z</time>
      </trkpt>
      <trkpt lat="47.451404" lon="10.036582">
        <ele>964.311608</ele>
        <time>2026-05-27T20:42:41.124Z</time>
      </trkpt>
      <trkpt lat="47.451336" lon="10.036186">
        <ele>962.374755</ele>
        <time>2026-05-27T20:42:43.615Z</time>
      </trkpt>
      <trkpt lat="47.451291" lon="10.035627">
        <ele>959.706055</ele>
        <time>2026-05-27T20:42:47.010Z</time>
      </trkpt>
      <trkpt lat="47.451268" lon="10.034795">
        <ele>955.758588</ele>
        <time>2026-05-27T20:42:52.025Z</time>
      </trkpt>
      <trkpt lat="47.451223" lon="10.033493">
        <ele>949.993313</ele>
        <time>2026-05-27T20:42:59.948Z</time>
      </trkpt>
      <trkpt lat="47.451094" lon="10.032296">
        <ele>945.339028</ele>
        <time>2026-05-27T20:43:07.486Z</time>
      </trkpt>
      <trkpt lat="47.450962" lon="10.031543">
        <ele>942.352052</ele>
        <time>2026-05-27T20:43:12.476Z</time>
      </trkpt>
      <trkpt lat="47.450470" lon="10.029596">
        <ele>936.138256</ele>
        <time>2026-05-27T20:43:25.995Z</time>
      </trkpt>
      <trkpt lat="47.450227" lon="10.028536">
        <ele>933.116486</ele>
        <time>2026-05-27T20:43:33.383Z</time>
      </trkpt>
      <trkpt lat="47.450106" lon="10.027862">
        <ele>931.560078</ele>
        <time>2026-05-27T20:43:38.052Z</time>
      </trkpt>
      <trkpt lat="47.449876" lon="10.026639">
        <ele>928.726867</ele>
        <time>2026-05-27T20:43:46.873Z</time>
      </trkpt>
      <trkpt lat="47.449726" lon="10.026035">
        <ele>927.375515</ele>
        <time>2026-05-27T20:43:51.404Z</time>
      </trkpt>
      <trkpt lat="47.449269" lon="10.024630">
        <ele>924.369006</ele>
        <time>2026-05-27T20:44:02.170Z</time>
      </trkpt>
      <trkpt lat="47.449185" lon="10.024415">
        <ele>923.890178</ele>
        <time>2026-05-27T20:44:03.908Z</time>
      </trkpt>
      <trkpt lat="47.449008" lon="10.023928">
        <ele>922.824002</ele>
        <time>2026-05-27T20:44:07.828Z</time>
      </trkpt>
      <trkpt lat="47.448966" lon="10.023796">
        <ele>922.547749</ele>
        <time>2026-05-27T20:44:08.872Z</time>
      </trkpt>
      <trkpt lat="47.448775" lon="10.023108">
        <ele>921.143548</ele>
        <time>2026-05-27T20:44:14.224Z</time>
      </trkpt>
      <trkpt lat="47.448552" lon="10.022097">
        <ele>919.135716</ele>
        <time>2026-05-27T20:44:21.890Z</time>
      </trkpt>
      <trkpt lat="47.448411" lon="10.021102">
        <ele>916.925104</ele>
        <time>2026-05-27T20:44:28.802Z</time>
      </trkpt>
      <trkpt lat="47.448262" lon="10.019678">
        <ele>912.755915</ele>
        <time>2026-05-27T20:44:38.183Z</time>
      </trkpt>
      <trkpt lat="47.448123" lon="10.017990">
        <ele>907.241129</ele>
        <time>2026-05-27T20:44:49.144Z</time>
      </trkpt>
      <trkpt lat="47.448112" lon="10.017845">
        <ele>906.706462</ele>
        <time>2026-05-27T20:44:50.079Z</time>
      </trkpt>
      <trkpt lat="47.448104" lon="10.017741">
        <ele>906.322910</ele>
        <time>2026-05-27T20:44:50.746Z</time>
      </trkpt>
      <trkpt lat="47.447997" lon="10.015628">
        <ele>898.411483</ele>
        <time>2026-05-27T20:45:03.953Z</time>
      </trkpt>
      <trkpt lat="47.447962" lon="10.014169">
        <ele>892.615973</ele>
        <time>2026-05-27T20:45:12.925Z</time>
      </trkpt>
      <trkpt lat="47.447966" lon="10.012304">
        <ele>888.630902</ele>
        <time>2026-05-27T20:45:24.793Z</time>
      </trkpt>
      <trkpt lat="47.447959" lon="10.011344">
        <ele>887.682704</ele>
        <time>2026-05-27T20:45:33.895Z</time>
      </trkpt>
      <trkpt lat="47.447926" lon="10.010682">
        <ele>887.420685</ele>
        <time>2026-05-27T20:45:45.549Z</time>
      </trkpt>
      <trkpt lat="47.447848" lon="10.010650">
        <ele>887.728746</ele>
        <time>2026-05-27T20:45:49.487Z</time>
      </trkpt>
      <trkpt lat="47.447822" lon="10.010619">
        <ele>887.855853</ele>
        <time>2026-05-27T20:45:51.195Z</time>
      </trkpt>
      <trkpt lat="47.447630" lon="10.010401">
        <ele>888.777112</ele>
        <time>2026-05-27T20:46:03.928Z</time>
      </trkpt>
      <trkpt lat="47.447602" lon="10.010368">
        <ele>888.913378</ele>
        <time>2026-05-27T20:46:05.825Z</time>
      </trkpt>
      <trkpt lat="47.447568" lon="10.010248">
        <ele>889.248232</ele>
        <time>2026-05-27T20:46:10.895Z</time>
      </trkpt>
      <trkpt lat="47.447560" lon="10.010094">
        <ele>889.645748</ele>
        <time>2026-05-27T20:46:14.499Z</time>
      </trkpt>
      <trkpt lat="47.447559" lon="10.010077">
        <ele>889.689665</ele>
        <time>2026-05-27T20:46:14.973Z</time>
      </trkpt>
      <trkpt lat="47.447588" lon="10.009752">
        <ele>890.533364</ele>
        <time>2026-05-27T20:46:23.237Z</time>
      </trkpt>
      <trkpt lat="47.447651" lon="10.009410">
        <ele>891.445635</ele>
        <time>2026-05-27T20:46:55.263Z</time>
      </trkpt>
      <trkpt lat="47.447725" lon="10.009301">
        <ele>891.843140</ele>
        <time>2026-05-27T20:47:08.995Z</time>
      </trkpt>
      <trkpt lat="47.447806" lon="10.009186">
        <ele>892.270490</ele>
        <time>2026-05-27T20:47:13.011Z</time>
      </trkpt>
      <trkpt lat="47.447831" lon="10.008325">
        <ele>894.234247</ele>
        <time>2026-05-27T20:47:28.489Z</time>
      </trkpt>
      <trkpt lat="47.447915" lon="10.007708">
        <ele>895.041917</ele>
        <time>2026-05-27T20:47:37.398Z</time>
      </trkpt>
      <trkpt lat="47.448052" lon="10.007095">
        <ele>895.870411</ele>
        <time>2026-05-27T20:47:47.371Z</time>
      </trkpt>
      <trkpt lat="47.448229" lon="10.006551">
        <ele>896.645111</ele>
        <time>2026-05-27T20:47:56.010Z</time>
      </trkpt>
      <trkpt lat="47.448539" lon="10.005835">
        <ele>897.473564</ele>
        <time>2026-05-27T20:48:08.077Z</time>
      </trkpt>
      <trkpt lat="47.448756" lon="10.005453">
        <ele>897.621655</ele>
        <time>2026-05-27T20:48:14.423Z</time>
      </trkpt>
      <trkpt lat="47.449036" lon="10.005039">
        <ele>897.795460</ele>
        <time>2026-05-27T20:48:21.197Z</time>
      </trkpt>
      <trkpt lat="47.449800" lon="10.004223">
        <ele>898.192332</ele>
        <time>2026-05-27T20:48:34.219Z</time>
      </trkpt>
      <trkpt lat="47.451467" lon="10.002690">
        <ele>898.519454</ele>
        <time>2026-05-27T20:49:04.535Z</time>
      </trkpt>
      <trkpt lat="47.452062" lon="10.001931">
        <ele>898.786540</ele>
        <time>2026-05-27T20:49:18.754Z</time>
      </trkpt>
      <trkpt lat="47.452881" lon="10.000651">
        <ele>899.042907</ele>
        <time>2026-05-27T20:49:37.068Z</time>
      </trkpt>
      <trkpt lat="47.453382" lon="10.000035">
        <ele>899.022375</ele>
        <time>2026-05-27T20:49:45.137Z</time>
      </trkpt>
      <trkpt lat="47.454237" lon="9.999215">
        <ele>901.401064</ele>
        <time>2026-05-27T20:49:59.151Z</time>
      </trkpt>
      <trkpt lat="47.454534" lon="9.998888">
        <ele>904.668749</ele>
        <time>2026-05-27T20:50:11.241Z</time>
      </trkpt>
      <trkpt lat="47.454996" lon="9.998115">
        <ele>910.825156</ele>
        <time>2026-05-27T20:50:50.612Z</time>
      </trkpt>
      <trkpt lat="47.455088" lon="9.997933">
        <ele>912.181148</ele>
        <time>2026-05-27T20:51:01.944Z</time>
      </trkpt>
      <trkpt lat="47.454994" lon="9.997850">
        <ele>913.147321</ele>
        <time>2026-05-27T20:51:10.616Z</time>
      </trkpt>
      <trkpt lat="47.454683" lon="9.997844">
        <ele>916.104687</ele>
        <time>2026-05-27T20:51:36.130Z</time>
      </trkpt>
      <trkpt lat="47.454486" lon="9.997921">
        <ele>918.277582</ele>
        <time>2026-05-27T20:51:53.482Z</time>
      </trkpt>
      <trkpt lat="47.454192" lon="9.998115">
        <ele>921.710652</ele>
        <time>2026-05-27T20:52:20.582Z</time>
      </trkpt>
      <trkpt lat="47.454061" lon="9.998169">
        <ele>923.160858</ele>
        <time>2026-05-27T20:52:31.690Z</time>
      </trkpt>
      <trkpt lat="47.453617" lon="9.998269">
        <ele>927.950167</ele>
        <time>2026-05-27T20:52:59.653Z</time>
      </trkpt>
      <trkpt lat="47.453373" lon="9.998385">
        <ele>930.683269</ele>
        <time>2026-05-27T20:53:10.234Z</time>
      </trkpt>
      <trkpt lat="47.452679" lon="9.998952">
        <ele>934.973187</ele>
        <time>2026-05-27T20:53:25.657Z</time>
      </trkpt>
      <trkpt lat="47.452094" lon="9.999379">
        <ele>936.232579</ele>
        <time>2026-05-27T20:53:33.143Z</time>
      </trkpt>
      <trkpt lat="47.452079" lon="9.999389">
        <ele>936.264343</ele>
        <time>2026-05-27T20:53:33.311Z</time>
      </trkpt>
      <trkpt lat="47.450764" lon="10.000235">
        <ele>943.810285</ele>
        <time>2026-05-27T20:54:21.066Z</time>
      </trkpt>
      <trkpt lat="47.450622" lon="10.000278">
        <ele>944.976604</ele>
        <time>2026-05-27T20:54:29.030Z</time>
      </trkpt>
      <trkpt lat="47.450293" lon="10.000284">
        <ele>947.624118</ele>
        <time>2026-05-27T20:54:47.981Z</time>
      </trkpt>
      <trkpt lat="47.450069" lon="10.000337">
        <ele>949.449470</ele>
        <time>2026-05-27T20:55:01.940Z</time>
      </trkpt>
      <trkpt lat="47.449810" lon="10.000466">
        <ele>951.648559</ele>
        <time>2026-05-27T20:55:18.063Z</time>
      </trkpt>
      <trkpt lat="47.449525" lon="10.000713">
        <ele>955.497244</ele>
        <time>2026-05-27T20:55:37.597Z</time>
      </trkpt>
      <trkpt lat="47.449184" lon="10.001116">
        <ele>960.820853</ele>
        <time>2026-05-27T20:56:03.097Z</time>
      </trkpt>
      <trkpt lat="47.448965" lon="10.001319">
        <ele>963.973018</ele>
        <time>2026-05-27T20:56:17.556Z</time>
      </trkpt>
      <trkpt lat="47.448082" lon="10.001913">
        <ele>975.965901</ele>
        <time>2026-05-27T20:57:23.059Z</time>
      </trkpt>
      <trkpt lat="47.447642" lon="10.002445">
        <ele>983.498774</ele>
        <time>2026-05-27T20:58:12.298Z</time>
      </trkpt>
      <trkpt lat="47.447511" lon="10.002545">
        <ele>985.452705</ele>
        <time>2026-05-27T20:58:23.855Z</time>
      </trkpt>
      <trkpt lat="47.447198" lon="10.002666">
        <ele>989.740523</ele>
        <time>2026-05-27T20:58:47.893Z</time>
      </trkpt>
      <trkpt lat="47.447096" lon="10.002743">
        <ele>991.258375</ele>
        <time>2026-05-27T20:58:56.065Z</time>
      </trkpt>
      <trkpt lat="47.446985" lon="10.002945">
        <ele>993.591262</ele>
        <time>2026-05-27T20:59:07.242Z</time>
      </trkpt>
      <trkpt lat="47.446536" lon="10.004406">
        <ele>1000.212034</ele>
        <time>2026-05-27T20:59:54.758Z</time>
      </trkpt>
      <trkpt lat="47.446114" lon="10.005437">
        <ele>1002.795553</ele>
        <time>2026-05-27T21:00:08.607Z</time>
      </trkpt>
      <trkpt lat="47.445944" lon="10.006327">
        <ele>1004.171982</ele>
        <time>2026-05-27T21:00:15.205Z</time>
      </trkpt>
      <trkpt lat="47.445932" lon="10.006893">
        <ele>1004.822043</ele>
        <time>2026-05-27T21:00:19.395Z</time>
      </trkpt>
      <trkpt lat="47.445858" lon="10.007179">
        <ele>1005.173567</ele>
        <time>2026-05-27T21:00:22.005Z</time>
      </trkpt>
      <trkpt lat="47.445738" lon="10.007429">
        <ele>1005.525495</ele>
        <time>2026-05-27T21:00:25.693Z</time>
      </trkpt>
      <trkpt lat="47.445555" lon="10.007623">
        <ele>1005.907711</ele>
        <time>2026-05-27T21:00:31.868Z</time>
      </trkpt>
      <trkpt lat="47.445178" lon="10.007778">
        <ele>1006.844958</ele>
        <time>2026-05-27T21:00:47.518Z</time>
      </trkpt>
      <trkpt lat="47.444858" lon="10.007842">
        <ele>1010.672892</ele>
        <time>2026-05-27T21:01:06.044Z</time>
      </trkpt>
      <trkpt lat="47.444204" lon="10.008007">
        <ele>1018.537681</ele>
        <time>2026-05-27T21:01:54.594Z</time>
      </trkpt>
      <trkpt lat="47.443941" lon="10.008151">
        <ele>1021.862261</ele>
        <time>2026-05-27T21:02:14.798Z</time>
      </trkpt>
      <trkpt lat="47.443619" lon="10.008446">
        <ele>1026.352684</ele>
        <time>2026-05-27T21:02:40.307Z</time>
      </trkpt>
      <trkpt lat="47.443471" lon="10.008640">
        <ele>1028.428923</ele>
        <time>2026-05-27T21:02:52.467Z</time>
      </trkpt>
      <trkpt lat="47.443337" lon="10.008882">
        <ele>1030.144046</ele>
        <time>2026-05-27T21:03:04.625Z</time>
      </trkpt>
      <trkpt lat="47.443091" lon="10.009502">
        <ele>1034.085919</ele>
        <time>2026-05-27T21:03:29.464Z</time>
      </trkpt>
      <trkpt lat="47.442728" lon="10.010203">
        <ele>1038.927488</ele>
        <time>2026-05-27T21:03:56.124Z</time>
      </trkpt>
      <trkpt lat="47.442562" lon="10.010590">
        <ele>1041.440582</ele>
        <time>2026-05-27T21:04:08.921Z</time>
      </trkpt>
      <trkpt lat="47.441997" lon="10.011969">
        <ele>1043.975376</ele>
        <time>2026-05-27T21:04:42.526Z</time>
      </trkpt>
      <trkpt lat="47.441885" lon="10.012167">
        <ele>1044.253672</ele>
        <time>2026-05-27T21:04:45.980Z</time>
      </trkpt>
      <trkpt lat="47.441727" lon="10.012407">
        <ele>1044.614774</ele>
        <time>2026-05-27T21:04:49.524Z</time>
      </trkpt>
      <trkpt lat="47.441507" lon="10.012669">
        <ele>1045.065095</ele>
        <time>2026-05-27T21:04:52.810Z</time>
      </trkpt>
      <trkpt lat="47.441183" lon="10.012996">
        <ele>1043.444073</ele>
        <time>2026-05-27T21:04:56.663Z</time>
      </trkpt>
      <trkpt lat="47.440945" lon="10.013372">
        <ele>1040.811152</ele>
        <time>2026-05-27T21:04:59.844Z</time>
      </trkpt>
      <trkpt lat="47.440792" lon="10.013864">
        <ele>1038.042553</ele>
        <time>2026-05-27T21:05:03.095Z</time>
      </trkpt>
      <trkpt lat="47.440651" lon="10.014451">
        <ele>1034.857738</ele>
        <time>2026-05-27T21:05:06.754Z</time>
      </trkpt>
      <trkpt lat="47.440463" lon="10.015233">
        <ele>1030.251451</ele>
        <time>2026-05-27T21:05:11.553Z</time>
      </trkpt>
      <trkpt lat="47.440338" lon="10.015724">
        <ele>1026.674316</ele>
        <time>2026-05-27T21:05:14.579Z</time>
      </trkpt>
      <trkpt lat="47.440150" lon="10.016550">
        <ele>1020.731972</ele>
        <time>2026-05-27T21:05:19.607Z</time>
      </trkpt>
      <trkpt lat="47.439892" lon="10.017552">
        <ele>1013.501908</ele>
        <time>2026-05-27T21:05:25.840Z</time>
      </trkpt>
      <trkpt lat="47.439767" lon="10.018249">
        <ele>1011.235642</ele>
        <time>2026-05-27T21:05:30.212Z</time>
      </trkpt>
      <trkpt lat="47.439729" lon="10.018660">
        <ele>1009.931915</ele>
        <time>2026-05-27T21:05:32.906Z</time>
      </trkpt>
      <trkpt lat="47.439731" lon="10.019059">
        <ele>1008.677880</ele>
        <time>2026-05-27T21:05:35.693Z</time>
      </trkpt>
      <trkpt lat="47.439756" lon="10.019208">
        <ele>1008.195400</ele>
        <time>2026-05-27T21:05:36.797Z</time>
      </trkpt>
      <trkpt lat="47.439951" lon="10.019857">
        <ele>1005.963485</ele>
        <time>2026-05-27T21:05:41.921Z</time>
      </trkpt>
      <trkpt lat="47.439972" lon="10.020019">
        <ele>1005.445078</ele>
        <time>2026-05-27T21:05:43.093Z</time>
      </trkpt>
      <trkpt lat="47.439969" lon="10.020169">
        <ele>1004.991644</ele>
        <time>2026-05-27T21:05:44.156Z</time>
      </trkpt>
      <trkpt lat="47.439934" lon="10.020360">
        <ele>1004.416991</ele>
        <time>2026-05-27T21:05:45.533Z</time>
      </trkpt>
      <trkpt lat="47.439848" lon="10.020533">
        <ele>1003.793509</ele>
        <time>2026-05-27T21:05:47.002Z</time>
      </trkpt>
      <trkpt lat="47.439751" lon="10.020606">
        <ele>1003.326190</ele>
        <time>2026-05-27T21:05:48.110Z</time>
      </trkpt>
      <trkpt lat="47.439597" lon="10.020656">
        <ele>1002.649237</ele>
        <time>2026-05-27T21:05:49.732Z</time>
      </trkpt>
      <trkpt lat="47.439286" lon="10.020670">
        <ele>1001.313340</ele>
        <time>2026-05-27T21:05:52.866Z</time>
      </trkpt>
      <trkpt lat="47.439116" lon="10.020752">
        <ele>1000.545583</ele>
        <time>2026-05-27T21:05:54.590Z</time>
      </trkpt>
      <trkpt lat="47.438926" lon="10.021026">
        <ele>999.406018</ele>
        <time>2026-05-27T21:05:57.035Z</time>
      </trkpt>
      <trkpt lat="47.438611" lon="10.021704">
        <ele>996.912524</ele>
        <time>2026-05-27T21:06:02.094Z</time>
      </trkpt>
      <trkpt lat="47.438239" lon="10.022623">
        <ele>993.113197</ele>
        <time>2026-05-27T21:06:08.901Z</time>
      </trkpt>
      <trkpt lat="47.437822" lon="10.023845">
        <ele>988.257725</ele>
        <time>2026-05-27T21:06:17.549Z</time>
      </trkpt>
      <trkpt lat="47.437771" lon="10.023998">
        <ele>987.786579</ele>
        <time>2026-05-27T21:06:18.643Z</time>
      </trkpt>
      <trkpt lat="47.437334" lon="10.025353">
        <ele>984.225403</ele>
        <time>2026-05-27T21:06:28.551Z</time>
      </trkpt>
      <trkpt lat="47.437168" lon="10.025943">
        <ele>982.709474</ele>
        <time>2026-05-27T21:06:33.240Z</time>
      </trkpt>
      <trkpt lat="47.437024" lon="10.026576">
        <ele>980.816420</ele>
        <time>2026-05-27T21:06:38.188Z</time>
      </trkpt>
      <trkpt lat="47.436921" lon="10.027028">
        <ele>979.124642</ele>
        <time>2026-05-27T21:06:41.545Z</time>
      </trkpt>
      <trkpt lat="47.436809" lon="10.027397">
        <ele>977.690065</ele>
        <time>2026-05-27T21:06:44.253Z</time>
      </trkpt>
      <trkpt lat="47.436674" lon="10.027699">
        <ele>976.406077</ele>
        <time>2026-05-27T21:06:46.584Z</time>
      </trkpt>
      <trkpt lat="47.436477" lon="10.027997">
        <ele>974.928082</ele>
        <time>2026-05-27T21:06:49.166Z</time>
      </trkpt>
      <trkpt lat="47.436013" lon="10.028582">
        <ele>971.368613</ele>
        <time>2026-05-27T21:06:54.521Z</time>
      </trkpt>
      <trkpt lat="47.435825" lon="10.028935">
        <ele>968.792154</ele>
        <time>2026-05-27T21:06:57.156Z</time>
      </trkpt>
      <trkpt lat="47.435513" lon="10.029588">
        <ele>964.207476</ele>
        <time>2026-05-27T21:07:01.830Z</time>
      </trkpt>
      <trkpt lat="47.435389" lon="10.029909">
        <ele>962.087633</ele>
        <time>2026-05-27T21:07:03.960Z</time>
      </trkpt>
      <trkpt lat="47.435272" lon="10.030475">
        <ele>958.693650</ele>
        <time>2026-05-27T21:07:07.477Z</time>
      </trkpt>
      <trkpt lat="47.435225" lon="10.030603">
        <ele>957.858439</ele>
        <time>2026-05-27T21:07:08.378Z</time>
      </trkpt>
      <trkpt lat="47.435158" lon="10.030734">
        <ele>957.000651</ele>
        <time>2026-05-27T21:07:09.426Z</time>
      </trkpt>
      <trkpt lat="47.434883" lon="10.031085">
        <ele>955.630512</ele>
        <time>2026-05-27T21:07:12.850Z</time>
      </trkpt>
      <trkpt lat="47.434795" lon="10.031258">
        <ele>955.078334</ele>
        <time>2026-05-27T21:07:14.275Z</time>
      </trkpt>
      <trkpt lat="47.434595" lon="10.031847">
        <ele>953.397119</ele>
        <time>2026-05-27T21:07:18.667Z</time>
      </trkpt>
      <trkpt lat="47.434491" lon="10.032080">
        <ele>952.684997</ele>
        <time>2026-05-27T21:07:20.525Z</time>
      </trkpt>
      <trkpt lat="47.433886" lon="10.033169">
        <ele>949.264488</ele>
        <time>2026-05-27T21:07:31.303Z</time>
      </trkpt>
      <trkpt lat="47.433720" lon="10.033403">
        <ele>948.525731</ele>
        <time>2026-05-27T21:07:33.580Z</time>
      </trkpt>
      <trkpt lat="47.433444" lon="10.033672">
        <ele>947.460982</ele>
        <time>2026-05-27T21:07:36.827Z</time>
      </trkpt>
      <trkpt lat="47.432376" lon="10.034463">
        <ele>943.739913</ele>
        <time>2026-05-27T21:07:48.641Z</time>
      </trkpt>
      <trkpt lat="47.432231" lon="10.034556">
        <ele>943.304056</ele>
        <time>2026-05-27T21:07:50.264Z</time>
      </trkpt>
      <trkpt lat="47.431859" lon="10.034629">
        <ele>942.269246</ele>
        <time>2026-05-27T21:07:54.154Z</time>
      </trkpt>
      <trkpt lat="47.431625" lon="10.034617">
        <ele>941.623591</ele>
        <time>2026-05-27T21:07:56.666Z</time>
      </trkpt>
      <trkpt lat="47.431215" lon="10.034529">
        <ele>940.481138</ele>
        <time>2026-05-27T21:08:01.175Z</time>
      </trkpt>
      <trkpt lat="47.431124" lon="10.034530">
        <ele>940.230194</ele>
        <time>2026-05-27T21:08:02.124Z</time>
      </trkpt>
      <trkpt lat="47.431006" lon="10.034531">
        <ele>939.904797</ele>
        <time>2026-05-27T21:08:03.351Z</time>
      </trkpt>
      <trkpt lat="47.430487" lon="10.034745">
        <ele>938.658270</ele>
        <time>2026-05-27T21:08:09.054Z</time>
      </trkpt>
      <trkpt lat="47.430340" lon="10.034806">
        <ele>938.327760</ele>
        <time>2026-05-27T21:08:10.695Z</time>
      </trkpt>
      <trkpt lat="47.430249" lon="10.034848">
        <ele>938.121395</ele>
        <time>2026-05-27T21:08:11.705Z</time>
      </trkpt>
      <trkpt lat="47.430232" lon="10.034856">
        <ele>938.082775</ele>
        <time>2026-05-27T21:08:11.908Z</time>
      </trkpt>
      <trkpt lat="47.430041" lon="10.034951">
        <ele>937.646542</ele>
        <time>2026-05-27T21:08:14.095Z</time>
      </trkpt>
      <trkpt lat="47.429868" lon="10.035038">
        <ele>937.250973</ele>
        <time>2026-05-27T21:08:16.127Z</time>
      </trkpt>
      <trkpt lat="47.429754" lon="10.035090">
        <ele>936.992716</ele>
        <time>2026-05-27T21:08:17.504Z</time>
      </trkpt>
      <trkpt lat="47.428982" lon="10.035452">
        <ele>935.152011</ele>
        <time>2026-05-27T21:08:26.297Z</time>
      </trkpt>
      <trkpt lat="47.428806" lon="10.035579">
        <ele>934.635063</ele>
        <time>2026-05-27T21:08:28.426Z</time>
      </trkpt>
      <trkpt lat="47.428478" lon="10.035828">
        <ele>933.661809</ele>
        <time>2026-05-27T21:08:32.404Z</time>
      </trkpt>
      <trkpt lat="47.428319" lon="10.035961">
        <ele>933.179592</ele>
        <time>2026-05-27T21:08:34.309Z</time>
      </trkpt>
      <trkpt lat="47.428283" lon="10.035992">
        <ele>933.069622</ele>
        <time>2026-05-27T21:08:34.734Z</time>
      </trkpt>
      <trkpt lat="47.428042" lon="10.036237">
        <ele>932.297585</ele>
        <time>2026-05-27T21:08:37.725Z</time>
      </trkpt>
      <trkpt lat="47.428025" lon="10.036258">
        <ele>932.239108</ele>
        <time>2026-05-27T21:08:37.954Z</time>
      </trkpt>
      <trkpt lat="47.427870" lon="10.036438">
        <ele>931.718828</ele>
        <time>2026-05-27T21:08:39.951Z</time>
      </trkpt>
      <trkpt lat="47.427809" lon="10.036510">
        <ele>931.512785</ele>
        <time>2026-05-27T21:08:40.740Z</time>
      </trkpt>
      <trkpt lat="47.427801" lon="10.036519">
        <ele>931.486249</ele>
        <time>2026-05-27T21:08:40.840Z</time>
      </trkpt>
      <trkpt lat="47.427722" lon="10.036612">
        <ele>931.219680</ele>
        <time>2026-05-27T21:08:41.866Z</time>
      </trkpt>
      <trkpt lat="47.427687" lon="10.036653">
        <ele>931.101805</ele>
        <time>2026-05-27T21:08:42.313Z</time>
      </trkpt>
      <trkpt lat="47.427595" lon="10.036765">
        <ele>930.836270</ele>
        <time>2026-05-27T21:08:43.527Z</time>
      </trkpt>
      <trkpt lat="47.427498" lon="10.036884">
        <ele>930.660952</ele>
        <time>2026-05-27T21:08:44.794Z</time>
      </trkpt>
      <trkpt lat="47.427430" lon="10.036966">
        <ele>930.538899</ele>
        <time>2026-05-27T21:08:45.695Z</time>
      </trkpt>
      <trkpt lat="47.427382" lon="10.037023">
        <ele>930.453267</ele>
        <time>2026-05-27T21:08:46.339Z</time>
      </trkpt>
      <trkpt lat="47.427257" lon="10.037168">
        <ele>930.232276</ele>
        <time>2026-05-27T21:08:48.020Z</time>
      </trkpt>
      <trkpt lat="47.427062" lon="10.037407">
        <ele>929.879967</ele>
        <time>2026-05-27T21:08:50.790Z</time>
      </trkpt>
      <trkpt lat="47.426773" lon="10.037783">
        <ele>929.344508</ele>
        <time>2026-05-27T21:08:55.150Z</time>
      </trkpt>
      <trkpt lat="47.426736" lon="10.037861">
        <ele>929.254873</ele>
        <time>2026-05-27T21:08:55.877Z</time>
      </trkpt>
      <trkpt lat="47.426678" lon="10.037984">
        <ele>929.113802</ele>
        <time>2026-05-27T21:08:57.065Z</time>
      </trkpt>
      <trkpt lat="47.426558" lon="10.038310">
        <ele>928.764599</ele>
        <time>2026-05-27T21:09:00.189Z</time>
      </trkpt>
      <trkpt lat="47.426305" lon="10.039851">
        <ele>931.088058</ele>
        <time>2026-05-27T21:09:21.372Z</time>
      </trkpt>
      <trkpt lat="47.426199" lon="10.040105">
        <ele>931.766602</ele>
        <time>2026-05-27T21:09:26.383Z</time>
      </trkpt>
      <trkpt lat="47.426107" lon="10.040237">
        <ele>932.197498</ele>
        <time>2026-05-27T21:09:30.064Z</time>
      </trkpt>
      <trkpt lat="47.425564" lon="10.040824">
        <ele>934.494422</ele>
        <time>2026-05-27T21:09:54.926Z</time>
      </trkpt>
      <trkpt lat="47.425431" lon="10.041032">
        <ele>936.113793</ele>
        <time>2026-05-27T21:10:03.473Z</time>
      </trkpt>
      <trkpt lat="47.424967" lon="10.041825">
        <ele>942.046066</ele>
        <time>2026-05-27T21:10:40.175Z</time>
      </trkpt>
      <trkpt lat="47.424864" lon="10.041944">
        <ele>943.139422</ele>
        <time>2026-05-27T21:10:47.013Z</time>
      </trkpt>
      <trkpt lat="47.424610" lon="10.042231">
        <ele>945.813318</ele>
        <time>2026-05-27T21:11:04.419Z</time>
      </trkpt>
      <trkpt lat="47.424493" lon="10.042510">
        <ele>947.670644</ele>
        <time>2026-05-27T21:11:16.328Z</time>
      </trkpt>
      <trkpt lat="47.424264" lon="10.042901">
        <ele>949.963320</ele>
        <time>2026-05-27T21:11:33.168Z</time>
      </trkpt>
      <trkpt lat="47.424095" lon="10.043263">
        <ele>951.044360</ele>
        <time>2026-05-27T21:11:45.717Z</time>
      </trkpt>
      <trkpt lat="47.424028" lon="10.043310">
        <ele>951.313791</ele>
        <time>2026-05-27T21:11:48.663Z</time>
      </trkpt>
      <trkpt lat="47.423913" lon="10.043310">
        <ele>951.731580</ele>
        <time>2026-05-27T21:11:52.963Z</time>
      </trkpt>
      <trkpt lat="47.423527" lon="10.043141">
        <ele>953.194129</ele>
        <time>2026-05-27T21:12:04.380Z</time>
      </trkpt>
      <trkpt lat="47.423448" lon="10.043135">
        <ele>953.481511</ele>
        <time>2026-05-27T21:12:06.459Z</time>
      </trkpt>
      <trkpt lat="47.423366" lon="10.043161">
        <ele>953.786190</ele>
        <time>2026-05-27T21:12:08.417Z</time>
      </trkpt>
      <trkpt lat="47.422866" lon="10.043549">
        <ele>955.837804</ele>
        <time>2026-05-27T21:12:18.171Z</time>
      </trkpt>
      <trkpt lat="47.422639" lon="10.043568">
        <ele>956.539891</ele>
        <time>2026-05-27T21:12:21.021Z</time>
      </trkpt>
      <trkpt lat="47.422563" lon="10.043608">
        <ele>956.777333</ele>
        <time>2026-05-27T21:12:21.948Z</time>
      </trkpt>
      <trkpt lat="47.422457" lon="10.043723">
        <ele>957.164338</ele>
        <time>2026-05-27T21:12:23.530Z</time>
      </trkpt>
      <trkpt lat="47.422286" lon="10.044025">
        <ele>957.948532</ele>
        <time>2026-05-27T21:12:26.862Z</time>
      </trkpt>
      <trkpt lat="47.421987" lon="10.044276">
        <ele>958.960588</ele>
        <time>2026-05-27T21:12:34.315Z</time>
      </trkpt>
      <trkpt lat="47.421946" lon="10.044368">
        <ele>959.179963</ele>
        <time>2026-05-27T21:12:36.462Z</time>
      </trkpt>
      <trkpt lat="47.421893" lon="10.044620">
        <ele>959.705469</ele>
        <time>2026-05-27T21:12:42.028Z</time>
      </trkpt>
      <trkpt lat="47.421821" lon="10.045136">
        <ele>960.754632</ele>
        <time>2026-05-27T21:12:55.831Z</time>
      </trkpt>
      <trkpt lat="47.421751" lon="10.045270">
        <ele>961.091753</ele>
        <time>2026-05-27T21:13:00.812Z</time>
      </trkpt>
      <trkpt lat="47.421677" lon="10.045394">
        <ele>961.587610</ele>
        <time>2026-05-27T21:13:06.145Z</time>
      </trkpt>
      <trkpt lat="47.421619" lon="10.045600">
        <ele>962.669528</ele>
        <time>2026-05-27T21:13:13.730Z</time>
      </trkpt>
      <trkpt lat="47.421622" lon="10.046347">
        <ele>966.291760</ele>
        <time>2026-05-27T21:13:37.760Z</time>
      </trkpt>
      <trkpt lat="47.421612" lon="10.046850">
        <ele>968.731836</ele>
        <time>2026-05-27T21:13:54.925Z</time>
      </trkpt>
      <trkpt lat="47.421598" lon="10.046950">
        <ele>969.227003</ele>
        <time>2026-05-27T21:13:58.471Z</time>
      </trkpt>
      <trkpt lat="47.421531" lon="10.047120">
        <ele>970.180977</ele>
        <time>2026-05-27T21:14:04.739Z</time>
      </trkpt>
      <trkpt lat="47.421514" lon="10.047147">
        <ele>970.359818</ele>
        <time>2026-05-27T21:14:05.887Z</time>
      </trkpt>
      <trkpt lat="47.421403" lon="10.047256">
        <ele>971.314895</ele>
        <time>2026-05-27T21:14:11.696Z</time>
      </trkpt>
      <trkpt lat="47.421282" lon="10.047435">
        <ele>972.541820</ele>
        <time>2026-05-27T21:14:18.837Z</time>
      </trkpt>
      <trkpt lat="47.421232" lon="10.047622">
        <ele>973.516816</ele>
        <time>2026-05-27T21:14:24.252Z</time>
      </trkpt>
      <trkpt lat="47.421218" lon="10.047798">
        <ele>974.318241</ele>
        <time>2026-05-27T21:14:28.830Z</time>
      </trkpt>
      <trkpt lat="47.421256" lon="10.048231">
        <ele>975.758214</ele>
        <time>2026-05-27T21:14:38.340Z</time>
      </trkpt>
      <trkpt lat="47.421389" lon="10.048617">
        <ele>977.186782</ele>
        <time>2026-05-27T21:14:44.322Z</time>
      </trkpt>
      <trkpt lat="47.421437" lon="10.048888">
        <ele>978.110639</ele>
        <time>2026-05-27T21:14:48.704Z</time>
      </trkpt>
      <trkpt lat="47.421438" lon="10.049050">
        <ele>978.644926</ele>
        <time>2026-05-27T21:14:51.982Z</time>
      </trkpt>
      <trkpt lat="47.421391" lon="10.049385">
        <ele>979.773237</ele>
        <time>2026-05-27T21:15:00.012Z</time>
      </trkpt>
      <trkpt lat="47.421243" lon="10.049772">
        <ele>981.239305</ele>
        <time>2026-05-27T21:15:11.559Z</time>
      </trkpt>
      <trkpt lat="47.421168" lon="10.049943">
        <ele>981.911377</ele>
        <time>2026-05-27T21:15:16.975Z</time>
      </trkpt>
      <trkpt lat="47.421152" lon="10.050099">
        <ele>982.431735</ele>
        <time>2026-05-27T21:15:21.341Z</time>
      </trkpt>
      <trkpt lat="47.421366" lon="10.050807">
        <ele>985.134884</ele>
        <time>2026-05-27T21:15:43.139Z</time>
      </trkpt>
      <trkpt lat="47.421389" lon="10.050950">
        <ele>985.654502</ele>
        <time>2026-05-27T21:15:47.224Z</time>
      </trkpt>
      <trkpt lat="47.421257" lon="10.051342">
        <ele>987.202434</ele>
        <time>2026-05-27T21:16:00.839Z</time>
      </trkpt>
      <trkpt lat="47.421230" lon="10.051817">
        <ele>988.887565</ele>
        <time>2026-05-27T21:16:17.069Z</time>
      </trkpt>
      <trkpt lat="47.421094" lon="10.052389">
        <ele>991.030916</ele>
        <time>2026-05-27T21:16:30.947Z</time>
      </trkpt>
      <trkpt lat="47.421025" lon="10.052801">
        <ele>992.289295</ele>
        <time>2026-05-27T21:16:36.009Z</time>
      </trkpt>
      <trkpt lat="47.420939" lon="10.052916">
        <ele>992.039245</ele>
        <time>2026-05-27T21:16:37.446Z</time>
      </trkpt>
      <trkpt lat="47.420824" lon="10.052922">
        <ele>991.791144</ele>
        <time>2026-05-27T21:16:38.731Z</time>
      </trkpt>
      <trkpt lat="47.420671" lon="10.052747">
        <ele>991.374021</ele>
        <time>2026-05-27T21:16:40.804Z</time>
      </trkpt>
      <trkpt lat="47.420386" lon="10.052408">
        <ele>990.585257</ele>
        <time>2026-05-27T21:16:44.414Z</time>
      </trkpt>
      <trkpt lat="47.420293" lon="10.052356">
        <ele>990.370874</ele>
        <time>2026-05-27T21:16:45.372Z</time>
      </trkpt>
      <trkpt lat="47.420191" lon="10.052356">
        <ele>990.150956</ele>
        <time>2026-05-27T21:16:46.341Z</time>
      </trkpt>
      <trkpt lat="47.420045" lon="10.052473">
        <ele>989.792875</ele>
        <time>2026-05-27T21:16:47.894Z</time>
      </trkpt>
      <trkpt lat="47.419577" lon="10.053029">
        <ele>988.498251</ele>
        <time>2026-05-27T21:16:53.777Z</time>
      </trkpt>
      <trkpt lat="47.419441" lon="10.053228">
        <ele>988.963764</ele>
        <time>2026-05-27T21:16:56.469Z</time>
      </trkpt>
      <trkpt lat="47.419292" lon="10.053517">
        <ele>989.607904</ele>
        <time>2026-05-27T21:17:01.775Z</time>
      </trkpt>
      <trkpt lat="47.419234" lon="10.053692">
        <ele>989.953373</ele>
        <time>2026-05-27T21:17:05.318Z</time>
      </trkpt>
      <trkpt lat="47.419059" lon="10.055117">
        <ele>992.520964</ele>
        <time>2026-05-27T21:17:37.735Z</time>
      </trkpt>
      <trkpt lat="47.418989" lon="10.055330">
        <ele>992.940767</ele>
        <time>2026-05-27T21:17:43.236Z</time>
      </trkpt>
      <trkpt lat="47.418721" lon="10.055608">
        <ele>993.432062</ele>
        <time>2026-05-27T21:17:52.527Z</time>
      </trkpt>
      <trkpt lat="47.418405" lon="10.056343">
        <ele>994.038805</ele>
        <time>2026-05-27T21:18:05.791Z</time>
      </trkpt>
      <trkpt lat="47.418345" lon="10.056497">
        <ele>994.162621</ele>
        <time>2026-05-27T21:18:08.910Z</time>
      </trkpt>
      <trkpt lat="47.418259" lon="10.056689">
        <ele>994.323053</ele>
        <time>2026-05-27T21:18:12.176Z</time>
      </trkpt>
      <trkpt lat="47.418140" lon="10.056916">
        <ele>994.523130</ele>
        <time>2026-05-27T21:18:15.391Z</time>
      </trkpt>
      <trkpt lat="47.418053" lon="10.057092">
        <ele>994.674997</ele>
        <time>2026-05-27T21:18:17.494Z</time>
      </trkpt>
      <trkpt lat="47.417999" lon="10.057322">
        <ele>994.844623</ele>
        <time>2026-05-27T21:18:19.485Z</time>
      </trkpt>
      <trkpt lat="47.417985" lon="10.057398">
        <ele>994.899504</ele>
        <time>2026-05-27T21:18:20.129Z</time>
      </trkpt>
      <trkpt lat="47.417979" lon="10.057537">
        <ele>994.996550</ele>
        <time>2026-05-27T21:18:21.129Z</time>
      </trkpt>
      <trkpt lat="47.417995" lon="10.057666">
        <ele>994.923605</ele>
        <time>2026-05-27T21:18:22.106Z</time>
      </trkpt>
      <trkpt lat="47.417989" lon="10.057878">
        <ele>994.480678</ele>
        <time>2026-05-27T21:18:23.559Z</time>
      </trkpt>
      <trkpt lat="47.417874" lon="10.058008">
        <ele>994.034016</ele>
        <time>2026-05-27T21:18:24.992Z</time>
      </trkpt>
      <trkpt lat="47.417332" lon="10.058348">
        <ele>992.217549</ele>
        <time>2026-05-27T21:18:30.896Z</time>
      </trkpt>
      <trkpt lat="47.417136" lon="10.058535">
        <ele>991.497830</ele>
        <time>2026-05-27T21:18:33.227Z</time>
      </trkpt>
      <trkpt lat="47.416759" lon="10.058806">
        <ele>990.204499</ele>
        <time>2026-05-27T21:18:37.171Z</time>
      </trkpt>
      <trkpt lat="47.416695" lon="10.058905">
        <ele>989.918681</ele>
        <time>2026-05-27T21:18:38.081Z</time>
      </trkpt>
      <trkpt lat="47.416641" lon="10.059044">
        <ele>989.584096</ele>
        <time>2026-05-27T21:18:39.184Z</time>
      </trkpt>
      <trkpt lat="47.416563" lon="10.059383">
        <ele>989.417801</ele>
        <time>2026-05-27T21:18:41.818Z</time>
      </trkpt>
      <trkpt lat="47.416476" lon="10.060085">
        <ele>989.237170</ele>
        <time>2026-05-27T21:18:48.490Z</time>
      </trkpt>
      <trkpt lat="47.416476" lon="10.060250">
        <ele>989.195408</ele>
        <time>2026-05-27T21:18:50.620Z</time>
      </trkpt>
      <trkpt lat="47.416565" lon="10.060649">
        <ele>989.089076</ele>
        <time>2026-05-27T21:18:56.767Z</time>
      </trkpt>
      <trkpt lat="47.416584" lon="10.060890">
        <ele>989.027667</ele>
        <time>2026-05-27T21:19:00.279Z</time>
      </trkpt>
      <trkpt lat="47.416512" lon="10.061878">
        <ele>988.242463</ele>
        <time>2026-05-27T21:19:11.809Z</time>
      </trkpt>
      <trkpt lat="47.416489" lon="10.062058">
        <ele>987.691765</ele>
        <time>2026-05-27T21:19:13.297Z</time>
      </trkpt>
      <trkpt lat="47.416467" lon="10.062205">
        <ele>987.239158</ele>
        <time>2026-05-27T21:19:14.415Z</time>
      </trkpt>
      <trkpt lat="47.416365" lon="10.062928">
        <ele>985.018860</ele>
        <time>2026-05-27T21:19:19.335Z</time>
      </trkpt>
      <trkpt lat="47.416323" lon="10.063092">
        <ele>984.491696</ele>
        <time>2026-05-27T21:19:20.441Z</time>
      </trkpt>
      <trkpt lat="47.416264" lon="10.063224">
        <ele>984.016104</ele>
        <time>2026-05-27T21:19:21.427Z</time>
      </trkpt>
      <trkpt lat="47.416084" lon="10.063501">
        <ele>982.861544</ele>
        <time>2026-05-27T21:19:23.777Z</time>
      </trkpt>
      <trkpt lat="47.416027" lon="10.063643">
        <ele>982.365184</ele>
        <time>2026-05-27T21:19:24.776Z</time>
      </trkpt>
      <trkpt lat="47.415926" lon="10.064698">
        <ele>978.523016</ele>
        <time>2026-05-27T21:19:31.202Z</time>
      </trkpt>
      <trkpt lat="47.415622" lon="10.066239">
        <ele>971.853673</ele>
        <time>2026-05-27T21:19:41.058Z</time>
      </trkpt>
      <trkpt lat="47.415385" lon="10.066792">
        <ele>969.491481</ele>
        <time>2026-05-27T21:19:45.270Z</time>
      </trkpt>
      <trkpt lat="47.415377" lon="10.066971">
        <ele>969.152354</ele>
        <time>2026-05-27T21:19:46.450Z</time>
      </trkpt>
      <trkpt lat="47.415429" lon="10.067274">
        <ele>968.561414</ele>
        <time>2026-05-27T21:19:48.523Z</time>
      </trkpt>
      <trkpt lat="47.415407" lon="10.067528">
        <ele>968.077324</ele>
        <time>2026-05-27T21:19:50.356Z</time>
      </trkpt>
      <trkpt lat="47.415368" lon="10.067669">
        <ele>967.789363</ele>
        <time>2026-05-27T21:19:51.494Z</time>
      </trkpt>
      <trkpt lat="47.414882" lon="10.068097">
        <ele>966.208814</ele>
        <time>2026-05-27T21:19:58.221Z</time>
      </trkpt>
      <trkpt lat="47.414742" lon="10.068380">
        <ele>965.546091</ele>
        <time>2026-05-27T21:20:00.940Z</time>
      </trkpt>
      <trkpt lat="47.414664" lon="10.068619">
        <ele>965.044465</ele>
        <time>2026-05-27T21:20:02.964Z</time>
      </trkpt>
      <trkpt lat="47.414557" lon="10.068856">
        <ele>964.266080</ele>
        <time>2026-05-27T21:20:05.016Z</time>
      </trkpt>
      <trkpt lat="47.414060" lon="10.069978">
        <ele>959.386125</ele>
        <time>2026-05-27T21:20:13.643Z</time>
      </trkpt>
      <trkpt lat="47.413731" lon="10.070707">
        <ele>956.197408</ele>
        <time>2026-05-27T21:20:18.798Z</time>
      </trkpt>
      <trkpt lat="47.413644" lon="10.071012">
        <ele>955.096892</ele>
        <time>2026-05-27T21:20:20.791Z</time>
      </trkpt>
      <trkpt lat="47.413629" lon="10.071167">
        <ele>955.121291</ele>
        <time>2026-05-27T21:20:21.763Z</time>
      </trkpt>
      <trkpt lat="47.413635" lon="10.071357">
        <ele>955.150929</ele>
        <time>2026-05-27T21:20:23.003Z</time>
      </trkpt>
      <trkpt lat="47.413757" lon="10.071763">
        <ele>955.220150</ele>
        <time>2026-05-27T21:20:26.476Z</time>
      </trkpt>
      <trkpt lat="47.413798" lon="10.071917">
        <ele>955.245937</ele>
        <time>2026-05-27T21:20:28.675Z</time>
      </trkpt>
      <trkpt lat="47.413847" lon="10.072406">
        <ele>955.322965</ele>
        <time>2026-05-27T21:20:36.363Z</time>
      </trkpt>
      <trkpt lat="47.413936" lon="10.072666">
        <ele>955.368368</ele>
        <time>2026-05-27T21:20:40.626Z</time>
      </trkpt>
      <trkpt lat="47.414080" lon="10.072983">
        <ele>955.427861</ele>
        <time>2026-05-27T21:20:47.265Z</time>
      </trkpt>
      <trkpt lat="47.414103" lon="10.073173">
        <ele>955.457937</ele>
        <time>2026-05-27T21:20:51.198Z</time>
      </trkpt>
      <trkpt lat="47.414066" lon="10.073324">
        <ele>955.482961</ele>
        <time>2026-05-27T21:20:54.900Z</time>
      </trkpt>
      <trkpt lat="47.414023" lon="10.073447">
        <ele>955.504534</ele>
        <time>2026-05-27T21:20:58.372Z</time>
      </trkpt>
      <trkpt lat="47.413900" lon="10.073535">
        <ele>955.583587</ele>
        <time>2026-05-27T21:21:03.377Z</time>
      </trkpt>
      <trkpt lat="47.413583" lon="10.073425">
        <ele>955.780729</ele>
        <time>2026-05-27T21:21:14.081Z</time>
      </trkpt>
      <trkpt lat="47.413491" lon="10.073426">
        <ele>955.836430</ele>
        <time>2026-05-27T21:21:16.568Z</time>
      </trkpt>
      <trkpt lat="47.412957" lon="10.073788">
        <ele>956.192126</ele>
        <time>2026-05-27T21:21:23.784Z</time>
      </trkpt>
      <trkpt lat="47.412549" lon="10.073963">
        <ele>956.449337</ele>
        <time>2026-05-27T21:21:28.431Z</time>
      </trkpt>
      <trkpt lat="47.412231" lon="10.074105">
        <ele>956.507378</ele>
        <time>2026-05-27T21:21:33.232Z</time>
      </trkpt>
      <trkpt lat="47.412091" lon="10.074239">
        <ele>956.344262</ele>
        <time>2026-05-27T21:21:35.423Z</time>
      </trkpt>
      <trkpt lat="47.411482" lon="10.074975">
        <ele>955.574914</ele>
        <time>2026-05-27T21:21:45.109Z</time>
      </trkpt>
      <trkpt lat="47.411199" lon="10.075329">
        <ele>955.212327</ele>
        <time>2026-05-27T21:21:50.233Z</time>
      </trkpt>
      <trkpt lat="47.410649" lon="10.075829">
        <ele>954.164250</ele>
        <time>2026-05-27T21:21:57.848Z</time>
      </trkpt>
      <trkpt lat="47.410211" lon="10.076330">
        <ele>952.741184</ele>
        <time>2026-05-27T21:22:03.633Z</time>
      </trkpt>
      <trkpt lat="47.409453" lon="10.076824">
        <ele>950.612722</ele>
        <time>2026-05-27T21:22:12.182Z</time>
      </trkpt>
      <trkpt lat="47.408832" lon="10.077478">
        <ele>948.496649</ele>
        <time>2026-05-27T21:22:19.778Z</time>
      </trkpt>
      <trkpt lat="47.407889" lon="10.078363">
        <ele>945.338385</ele>
        <time>2026-05-27T21:22:31.365Z</time>
      </trkpt>
      <trkpt lat="47.407646" lon="10.078675">
        <ele>944.860488</ele>
        <time>2026-05-27T21:22:34.971Z</time>
      </trkpt>
      <trkpt lat="47.407311" lon="10.079327">
        <ele>944.257861</ele>
        <time>2026-05-27T21:22:41.392Z</time>
      </trkpt>
      <trkpt lat="47.407189" lon="10.079457">
        <ele>944.094248</ele>
        <time>2026-05-27T21:22:43.214Z</time>
      </trkpt>
      <trkpt lat="47.407026" lon="10.079604">
        <ele>943.886531</ele>
        <time>2026-05-27T21:22:45.621Z</time>
      </trkpt>
      <trkpt lat="47.406316" lon="10.079929">
        <ele>943.277175</ele>
        <time>2026-05-27T21:22:55.543Z</time>
      </trkpt>
      <trkpt lat="47.406017" lon="10.080145">
        <ele>943.663806</ele>
        <time>2026-05-27T21:23:00.552Z</time>
      </trkpt>
      <trkpt lat="47.405859" lon="10.080310">
        <ele>943.888566</ele>
        <time>2026-05-27T21:23:03.849Z</time>
      </trkpt>
      <trkpt lat="47.405491" lon="10.080769">
        <ele>944.448014</ele>
        <time>2026-05-27T21:23:13.638Z</time>
      </trkpt>
      <trkpt lat="47.405352" lon="10.080995">
        <ele>944.688109</ele>
        <time>2026-05-27T21:23:18.581Z</time>
      </trkpt>
      <trkpt lat="47.404952" lon="10.081844">
        <ele>945.511529</ele>
        <time>2026-05-27T21:23:35.340Z</time>
      </trkpt>
      <trkpt lat="47.404822" lon="10.082376">
        <ele>945.975138</ele>
        <time>2026-05-27T21:23:42.972Z</time>
      </trkpt>
      <trkpt lat="47.404759" lon="10.082527">
        <ele>946.120533</ele>
        <time>2026-05-27T21:23:45.180Z</time>
      </trkpt>
      <trkpt lat="47.404516" lon="10.082696">
        <ele>946.445792</ele>
        <time>2026-05-27T21:23:49.817Z</time>
      </trkpt>
      <trkpt lat="47.404125" lon="10.082859">
        <ele>946.937802</ele>
        <time>2026-05-27T21:23:57.237Z</time>
      </trkpt>
      <trkpt lat="47.403965" lon="10.083003">
        <ele>947.164690</ele>
        <time>2026-05-27T21:24:00.725Z</time>
      </trkpt>
      <trkpt lat="47.403801" lon="10.083298">
        <ele>947.468387</ele>
        <time>2026-05-27T21:24:05.423Z</time>
      </trkpt>
      <trkpt lat="47.403638" lon="10.083519">
        <ele>947.666930</ele>
        <time>2026-05-27T21:24:09.653Z</time>
      </trkpt>
      <trkpt lat="47.403334" lon="10.084089">
        <ele>948.107732</ele>
        <time>2026-05-27T21:24:20.029Z</time>
      </trkpt>
      <trkpt lat="47.403184" lon="10.084269">
        <ele>948.281156</ele>
        <time>2026-05-27T21:24:24.010Z</time>
      </trkpt>
      <trkpt lat="47.402795" lon="10.084649">
        <ele>948.699670</ele>
        <time>2026-05-27T21:24:32.805Z</time>
      </trkpt>
      <trkpt lat="47.402743" lon="10.084704">
        <ele>948.757062</ele>
        <time>2026-05-27T21:24:33.898Z</time>
      </trkpt>
      <trkpt lat="47.402629" lon="10.084823">
        <ele>948.882330</ele>
        <time>2026-05-27T21:24:36.028Z</time>
      </trkpt>
      <trkpt lat="47.402060" lon="10.085379">
        <ele>949.672425</ele>
        <time>2026-05-27T21:24:45.855Z</time>
      </trkpt>
      <trkpt lat="47.401805" lon="10.085722">
        <ele>950.107485</ele>
        <time>2026-05-27T21:24:50.840Z</time>
      </trkpt>
      <trkpt lat="47.400542" lon="10.087750">
        <ele>953.294367</ele>
        <time>2026-05-27T21:25:35.700Z</time>
      </trkpt>
      <trkpt lat="47.400494" lon="10.087858">
        <ele>953.485700</ele>
        <time>2026-05-27T21:25:37.952Z</time>
      </trkpt>
      <trkpt lat="47.400049" lon="10.089545">
        <ele>956.238360</ele>
        <time>2026-05-27T21:26:05.989Z</time>
      </trkpt>
      <trkpt lat="47.399901" lon="10.089912">
        <ele>956.920815</ele>
        <time>2026-05-27T21:26:12.816Z</time>
      </trkpt>
      <trkpt lat="47.399715" lon="10.090234">
        <ele>957.597067</ele>
        <time>2026-05-27T21:26:19.892Z</time>
      </trkpt>
      <trkpt lat="47.399610" lon="10.090469">
        <ele>958.046901</ele>
        <time>2026-05-27T21:26:24.669Z</time>
      </trkpt>
      <trkpt lat="47.399550" lon="10.090776">
        <ele>958.557377</ele>
        <time>2026-05-27T21:26:30.136Z</time>
      </trkpt>
      <trkpt lat="47.399510" lon="10.091222">
        <ele>959.276103</ele>
        <time>2026-05-27T21:26:37.814Z</time>
      </trkpt>
      <trkpt lat="47.399345" lon="10.091904">
        <ele>960.100577</ele>
        <time>2026-05-27T21:26:50.381Z</time>
      </trkpt>
      <trkpt lat="47.399298" lon="10.092022">
        <ele>960.240887</ele>
        <time>2026-05-27T21:26:52.721Z</time>
      </trkpt>
      <trkpt lat="47.398934" lon="10.092572">
        <ele>961.029179</ele>
        <time>2026-05-27T21:27:05.175Z</time>
      </trkpt>
      <trkpt lat="47.398355" lon="10.094013">
        <ele>961.945863</ele>
        <time>2026-05-27T21:27:24.218Z</time>
      </trkpt>
      <trkpt lat="47.398261" lon="10.094153">
        <ele>961.835488</ele>
        <time>2026-05-27T21:27:25.922Z</time>
      </trkpt>
      <trkpt lat="47.397549" lon="10.094833">
        <ele>961.134408</ele>
        <time>2026-05-27T21:27:35.708Z</time>
      </trkpt>
      <trkpt lat="47.396760" lon="10.095921">
        <ele>961.637899</ele>
        <time>2026-05-27T21:27:48.635Z</time>
      </trkpt>
      <trkpt lat="47.396563" lon="10.096319">
        <ele>962.133288</ele>
        <time>2026-05-27T21:27:54.807Z</time>
      </trkpt>
      <trkpt lat="47.396468" lon="10.096604">
        <ele>962.452476</ele>
        <time>2026-05-27T21:27:59.744Z</time>
      </trkpt>
      <trkpt lat="47.396300" lon="10.097512">
        <ele>963.398252</ele>
        <time>2026-05-27T21:28:18.309Z</time>
      </trkpt>
      <trkpt lat="47.396263" lon="10.097774">
        <ele>964.221462</ele>
        <time>2026-05-27T21:28:24.561Z</time>
      </trkpt>
      <trkpt lat="47.396179" lon="10.098109">
        <ele>965.357330</ele>
        <time>2026-05-27T21:28:33.206Z</time>
      </trkpt>
      <trkpt lat="47.396109" lon="10.098261">
        <ele>965.941857</ele>
        <time>2026-05-27T21:28:37.752Z</time>
      </trkpt>
      <trkpt lat="47.395766" lon="10.098785">
        <ele>968.259483</ele>
        <time>2026-05-27T21:28:56.070Z</time>
      </trkpt>
      <trkpt lat="47.395634" lon="10.098998">
        <ele>969.177671</ele>
        <time>2026-05-27T21:29:03.275Z</time>
      </trkpt>
      <trkpt lat="47.395457" lon="10.099443">
        <ele>970.818751</ele>
        <time>2026-05-27T21:29:15.285Z</time>
      </trkpt>
      <trkpt lat="47.395303" lon="10.099924">
        <ele>972.180702</ele>
        <time>2026-05-27T21:29:26.765Z</time>
      </trkpt>
      <trkpt lat="47.394666" lon="10.101630">
        <ele>975.237756</ele>
        <time>2026-05-27T21:29:58.492Z</time>
      </trkpt>
      <trkpt lat="47.394549" lon="10.102052">
        <ele>975.953295</ele>
        <time>2026-05-27T21:30:03.929Z</time>
      </trkpt>
      <trkpt lat="47.394465" lon="10.102505">
        <ele>976.633497</ele>
        <time>2026-05-27T21:30:09.565Z</time>
      </trkpt>
      <trkpt lat="47.394294" lon="10.103139">
        <ele>977.612489</ele>
        <time>2026-05-27T21:30:18.157Z</time>
      </trkpt>
      <trkpt lat="47.394020" lon="10.104134">
        <ele>979.153382</ele>
        <time>2026-05-27T21:30:34.500Z</time>
      </trkpt>
      <trkpt lat="47.393685" lon="10.105587">
        <ele>984.096904</ele>
        <time>2026-05-27T21:31:08.042Z</time>
      </trkpt>
      <trkpt lat="47.393537" lon="10.106372">
        <ele>987.380579</ele>
        <time>2026-05-27T21:31:29.623Z</time>
      </trkpt>
      <trkpt lat="47.393384" lon="10.106894">
        <ele>989.672770</ele>
        <time>2026-05-27T21:31:46.407Z</time>
      </trkpt>
      <trkpt lat="47.393309" lon="10.107141">
        <ele>990.902985</ele>
        <time>2026-05-27T21:31:54.886Z</time>
      </trkpt>
      <trkpt lat="47.392445" lon="10.110142">
        <ele>1012.432746</ele>
        <time>2026-05-27T21:33:57.400Z</time>
      </trkpt>
      <trkpt lat="47.392167" lon="10.110877">
        <ele>1017.948366</ele>
        <time>2026-05-27T21:34:30.796Z</time>
      </trkpt>
      <trkpt lat="47.392150" lon="10.111142">
        <ele>1019.692190</ele>
        <time>2026-05-27T21:34:40.598Z</time>
      </trkpt>
      <trkpt lat="47.392169" lon="10.111269">
        <ele>1020.544256</ele>
        <time>2026-05-27T21:34:45.323Z</time>
      </trkpt>
      <trkpt lat="47.392227" lon="10.111419">
        <ele>1021.675917</ele>
        <time>2026-05-27T21:34:51.384Z</time>
      </trkpt>
      <trkpt lat="47.392370" lon="10.111628">
        <ele>1023.622606</ele>
        <time>2026-05-27T21:35:01.526Z</time>
      </trkpt>
      <trkpt lat="47.393208" lon="10.112598">
        <ele>1034.127486</ele>
        <time>2026-05-27T21:35:49.947Z</time>
      </trkpt>
      <trkpt lat="47.393478" lon="10.112959">
        <ele>1037.736542</ele>
        <time>2026-05-27T21:36:08.644Z</time>
      </trkpt>
      <trkpt lat="47.393747" lon="10.113466">
        <ele>1042.058124</ele>
        <time>2026-05-27T21:36:35.930Z</time>
      </trkpt>
      <trkpt lat="47.393949" lon="10.113957">
        <ele>1046.910831</ele>
        <time>2026-05-27T21:37:04.143Z</time>
      </trkpt>
      <trkpt lat="47.394042" lon="10.114261">
        <ele>1050.021189</ele>
        <time>2026-05-27T21:37:21.759Z</time>
      </trkpt>
      <trkpt lat="47.394079" lon="10.114615">
        <ele>1053.360848</ele>
        <time>2026-05-27T21:37:41.053Z</time>
      </trkpt>
      <trkpt lat="47.393944" lon="10.115599">
        <ele>1062.721784</ele>
        <time>2026-05-27T21:38:33.422Z</time>
      </trkpt>
      <trkpt lat="47.393963" lon="10.116800">
        <ele>1071.730896</ele>
        <time>2026-05-27T21:39:21.798Z</time>
      </trkpt>
      <trkpt lat="47.394018" lon="10.116975">
        <ele>1072.849829</ele>
        <time>2026-05-27T21:39:28.253Z</time>
      </trkpt>
      <trkpt lat="47.394419" lon="10.117577">
        <ele>1077.747780</ele>
        <time>2026-05-27T21:39:56.539Z</time>
      </trkpt>
      <trkpt lat="47.394702" lon="10.118065">
        <ele>1081.474319</ele>
        <time>2026-05-27T21:40:16.109Z</time>
      </trkpt>
      <trkpt lat="47.394783" lon="10.118305">
        <ele>1083.029539</ele>
        <time>2026-05-27T21:40:22.843Z</time>
      </trkpt>
      <trkpt lat="47.394905" lon="10.118833">
        <ele>1085.451191</ele>
        <time>2026-05-27T21:40:35.951Z</time>
      </trkpt>
      <trkpt lat="47.394954" lon="10.118944">
        <ele>1085.990746</ele>
        <time>2026-05-27T21:40:39.032Z</time>
      </trkpt>
      <trkpt lat="47.395028" lon="10.119101">
        <ele>1086.769680</ele>
        <time>2026-05-27T21:40:43.536Z</time>
      </trkpt>
      <trkpt lat="47.395379" lon="10.119623">
        <ele>1089.765388</ele>
        <time>2026-05-27T21:41:01.211Z</time>
      </trkpt>
      <trkpt lat="47.395467" lon="10.119904">
        <ele>1091.026004</ele>
        <time>2026-05-27T21:41:08.886Z</time>
      </trkpt>
      <trkpt lat="47.395494" lon="10.120085">
        <ele>1091.780641</ele>
        <time>2026-05-27T21:41:13.429Z</time>
      </trkpt>
      <trkpt lat="47.395480" lon="10.120307">
        <ele>1092.688445</ele>
        <time>2026-05-27T21:41:18.893Z</time>
      </trkpt>
      <trkpt lat="47.395378" lon="10.121118">
        <ele>1096.681348</ele>
        <time>2026-05-27T21:41:43.260Z</time>
      </trkpt>
      <trkpt lat="47.395254" lon="10.122059">
        <ele>1102.045032</ele>
        <time>2026-05-27T21:42:22.803Z</time>
      </trkpt>
      <trkpt lat="47.395221" lon="10.123286">
        <ele>1108.915477</ele>
        <time>2026-05-27T21:43:05.766Z</time>
      </trkpt>
      <trkpt lat="47.395229" lon="10.124112">
        <ele>1108.197515</ele>
        <time>2026-05-27T21:43:19.521Z</time>
      </trkpt>
      <trkpt lat="47.395466" lon="10.127286">
        <ele>1104.183043</ele>
        <time>2026-05-27T21:43:39.855Z</time>
      </trkpt>
      <trkpt lat="47.395724" lon="10.129637">
        <ele>1103.279356</ele>
        <time>2026-05-27T21:44:13.716Z</time>
      </trkpt>
      <trkpt lat="47.395871" lon="10.130472">
        <ele>1103.836906</ele>
        <time>2026-05-27T21:44:25.280Z</time>
      </trkpt>
      <trkpt lat="47.396302" lon="10.132074">
        <ele>1105.104278</ele>
        <time>2026-05-27T21:44:42.333Z</time>
      </trkpt>
      <trkpt lat="47.396611" lon="10.133567">
        <ele>1106.361902</ele>
        <time>2026-05-27T21:45:03.615Z</time>
      </trkpt>
      <trkpt lat="47.396778" lon="10.134765">
        <ele>1109.233949</ele>
        <time>2026-05-27T21:45:27.158Z</time>
      </trkpt>
      <trkpt lat="47.397010" lon="10.137600">
        <ele>1115.066313</ele>
        <time>2026-05-27T21:46:29.600Z</time>
      </trkpt>
      <trkpt lat="47.397033" lon="10.138238">
        <ele>1115.986981</ele>
        <time>2026-05-27T21:46:39.588Z</time>
      </trkpt>
      <trkpt lat="47.397042" lon="10.139763">
        <ele>1115.548019</ele>
        <time>2026-05-27T21:46:51.836Z</time>
      </trkpt>
      <trkpt lat="47.397099" lon="10.140118">
        <ele>1114.864080</ele>
        <time>2026-05-27T21:46:54.267Z</time>
      </trkpt>
      <trkpt lat="47.397556" lon="10.142159">
        <ele>1111.427782</ele>
        <time>2026-05-27T21:47:08.672Z</time>
      </trkpt>
      <trkpt lat="47.397710" lon="10.142825">
        <ele>1110.748533</ele>
        <time>2026-05-27T21:47:14.026Z</time>
      </trkpt>
      <trkpt lat="47.397821" lon="10.143067">
        <ele>1110.466400</ele>
        <time>2026-05-27T21:47:16.608Z</time>
      </trkpt>
      <trkpt lat="47.397966" lon="10.143297">
        <ele>1110.163057</ele>
        <time>2026-05-27T21:47:19.839Z</time>
      </trkpt>
      <trkpt lat="47.398198" lon="10.143553">
        <ele>1109.750183</ele>
        <time>2026-05-27T21:47:24.977Z</time>
      </trkpt>
      <trkpt lat="47.398528" lon="10.143839">
        <ele>1109.043383</ele>
        <time>2026-05-27T21:47:31.204Z</time>
      </trkpt>
      <trkpt lat="47.398653" lon="10.144006">
        <ele>1108.668756</ele>
        <time>2026-05-27T21:47:33.403Z</time>
      </trkpt>
      <trkpt lat="47.398807" lon="10.144291">
        <ele>1108.120054</ele>
        <time>2026-05-27T21:47:36.480Z</time>
      </trkpt>
      <trkpt lat="47.398911" lon="10.144756">
        <ele>1107.383192</ele>
        <time>2026-05-27T21:47:40.524Z</time>
      </trkpt>
      <trkpt lat="47.399060" lon="10.145196">
        <ele>1106.642925</ele>
        <time>2026-05-27T21:47:44.263Z</time>
      </trkpt>
      <trkpt lat="47.399104" lon="10.145397">
        <ele>1106.325071</ele>
        <time>2026-05-27T21:47:45.686Z</time>
      </trkpt>
      <trkpt lat="47.399139" lon="10.145779">
        <ele>1105.745059</ele>
        <time>2026-05-27T21:47:48.150Z</time>
      </trkpt>
      <trkpt lat="47.399112" lon="10.146501">
        <ele>1103.101500</ele>
        <time>2026-05-27T21:47:52.595Z</time>
      </trkpt>
      <trkpt lat="47.399113" lon="10.146619">
        <ele>1102.594337</ele>
        <time>2026-05-27T21:47:53.321Z</time>
      </trkpt>
      <trkpt lat="47.399175" lon="10.147201">
        <ele>1100.062320</ele>
        <time>2026-05-27T21:47:56.884Z</time>
      </trkpt>
      <trkpt lat="47.399435" lon="10.148732">
        <ele>1093.559331</ele>
        <time>2026-05-27T21:48:06.497Z</time>
      </trkpt>
      <trkpt lat="47.399810" lon="10.150670">
        <ele>1087.948714</ele>
        <time>2026-05-27T21:48:19.867Z</time>
      </trkpt>
      <trkpt lat="47.400010" lon="10.151434">
        <ele>1086.016294</ele>
        <time>2026-05-27T21:48:25.669Z</time>
      </trkpt>
      <trkpt lat="47.400627" lon="10.153418">
        <ele>1082.030980</ele>
        <time>2026-05-27T21:48:41.090Z</time>
      </trkpt>
      <trkpt lat="47.400763" lon="10.153792">
        <ele>1081.560875</ele>
        <time>2026-05-27T21:48:44.104Z</time>
      </trkpt>
      <trkpt lat="47.401074" lon="10.154335">
        <ele>1080.954133</ele>
        <time>2026-05-27T21:48:49.389Z</time>
      </trkpt>
      <trkpt lat="47.401134" lon="10.154422">
        <ele>1080.848187</ele>
        <time>2026-05-27T21:48:50.333Z</time>
      </trkpt>
      <trkpt lat="47.402481" lon="10.156775">
        <ele>1078.677292</ele>
        <time>2026-05-27T21:49:18.068Z</time>
      </trkpt>
      <trkpt lat="47.403351" lon="10.158325">
        <ele>1077.243162</ele>
        <time>2026-05-27T21:49:34.089Z</time>
      </trkpt>
      <trkpt lat="47.403416" lon="10.158442">
        <ele>1077.108855</ele>
        <time>2026-05-27T21:49:35.262Z</time>
      </trkpt>
      <trkpt lat="47.403585" lon="10.158840">
        <ele>1076.691967</ele>
        <time>2026-05-27T21:49:38.861Z</time>
      </trkpt>
      <trkpt lat="47.403736" lon="10.159318">
        <ele>1076.223919</ele>
        <time>2026-05-27T21:49:42.939Z</time>
      </trkpt>
      <trkpt lat="47.403775" lon="10.159524">
        <ele>1076.034121</ele>
        <time>2026-05-27T21:49:44.615Z</time>
      </trkpt>
      <trkpt lat="47.403859" lon="10.160477">
        <ele>1075.408227</ele>
        <time>2026-05-27T21:49:52.649Z</time>
      </trkpt>
      <trkpt lat="47.403979" lon="10.161279">
        <ele>1074.992102</ele>
        <time>2026-05-27T21:50:00.902Z</time>
      </trkpt>
      <trkpt lat="47.404123" lon="10.161867">
        <ele>1074.675305</ele>
        <time>2026-05-27T21:50:07.174Z</time>
      </trkpt>
      <trkpt lat="47.404359" lon="10.162535">
        <ele>1073.982880</ele>
        <time>2026-05-27T21:50:13.443Z</time>
      </trkpt>
      <trkpt lat="47.404592" lon="10.163336">
        <ele>1071.587270</ele>
        <time>2026-05-27T21:50:19.540Z</time>
      </trkpt>
      <trkpt lat="47.404722" lon="10.163673">
        <ele>1070.521438</ele>
        <time>2026-05-27T21:50:22.060Z</time>
      </trkpt>
      <trkpt lat="47.405111" lon="10.164477">
        <ele>1067.805836</ele>
        <time>2026-05-27T21:50:28.221Z</time>
      </trkpt>
      <trkpt lat="47.405457" lon="10.165213">
        <ele>1065.715744</ele>
        <time>2026-05-27T21:50:33.850Z</time>
      </trkpt>
      <trkpt lat="47.405639" lon="10.165634">
        <ele>1064.640483</ele>
        <time>2026-05-27T21:50:37.164Z</time>
      </trkpt>
      <trkpt lat="47.405763" lon="10.165907">
        <ele>1063.932804</ele>
        <time>2026-05-27T21:50:39.456Z</time>
      </trkpt>
      <trkpt lat="47.405843" lon="10.166096">
        <ele>1063.452986</ele>
        <time>2026-05-27T21:50:41.046Z</time>
      </trkpt>
      <trkpt lat="47.406211" lon="10.167042">
        <ele>1061.236260</ele>
        <time>2026-05-27T21:50:49.481Z</time>
      </trkpt>
      <trkpt lat="47.406596" lon="10.168406">
        <ele>1059.824873</ele>
        <time>2026-05-27T21:51:02.014Z</time>
      </trkpt>
      <trkpt lat="47.406696" lon="10.168867">
        <ele>1059.362552</ele>
        <time>2026-05-27T21:51:05.798Z</time>
      </trkpt>
      <trkpt lat="47.406851" lon="10.169688">
        <ele>1058.412196</ele>
        <time>2026-05-27T21:51:12.144Z</time>
      </trkpt>
      <trkpt lat="47.407053" lon="10.170954">
        <ele>1056.505304</ele>
        <time>2026-05-27T21:51:21.269Z</time>
      </trkpt>
      <trkpt lat="47.407045" lon="10.171252">
        <ele>1056.068080</ele>
        <time>2026-05-27T21:51:23.368Z</time>
      </trkpt>
      <trkpt lat="47.407014" lon="10.171663">
        <ele>1055.461807</ele>
        <time>2026-05-27T21:51:26.322Z</time>
      </trkpt>
      <trkpt lat="47.406943" lon="10.172019">
        <ele>1054.917707</ele>
        <time>2026-05-27T21:51:29.074Z</time>
      </trkpt>
      <trkpt lat="47.406617" lon="10.173124">
        <ele>1055.458224</ele>
        <time>2026-05-27T21:51:41.360Z</time>
      </trkpt>
      <trkpt lat="47.406441" lon="10.173626">
        <ele>1055.718214</ele>
        <time>2026-05-27T21:51:49.571Z</time>
      </trkpt>
      <trkpt lat="47.406364" lon="10.173886">
        <ele>1055.848726</ele>
        <time>2026-05-27T21:51:53.971Z</time>
      </trkpt>
      <trkpt lat="47.406323" lon="10.174099">
        <ele>1055.950563</ele>
        <time>2026-05-27T21:51:57.324Z</time>
      </trkpt>
      <trkpt lat="47.406320" lon="10.174411">
        <ele>1056.094057</ele>
        <time>2026-05-27T21:52:01.851Z</time>
      </trkpt>
      <trkpt lat="47.406362" lon="10.175240">
        <ele>1056.658779</ele>
        <time>2026-05-27T21:52:14.094Z</time>
      </trkpt>
      <trkpt lat="47.406430" lon="10.175586">
        <ele>1056.911566</ele>
        <time>2026-05-27T21:52:19.045Z</time>
      </trkpt>
      <trkpt lat="47.406494" lon="10.175913">
        <ele>1057.150395</ele>
        <time>2026-05-27T21:52:23.029Z</time>
      </trkpt>
      <trkpt lat="47.406528" lon="10.176324">
        <ele>1057.440904</ele>
        <time>2026-05-27T21:52:27.898Z</time>
      </trkpt>
      <trkpt lat="47.406742" lon="10.178675">
        <ele>1057.725723</ele>
        <time>2026-05-27T21:52:55.146Z</time>
      </trkpt>
      <trkpt lat="47.406821" lon="10.179174">
        <ele>1057.638942</ele>
        <time>2026-05-27T21:52:59.302Z</time>
      </trkpt>
      <trkpt lat="47.406954" lon="10.179683">
        <ele>1057.546548</ele>
        <time>2026-05-27T21:53:03.562Z</time>
      </trkpt>
      <trkpt lat="47.407067" lon="10.180459">
        <ele>1057.223539</ele>
        <time>2026-05-27T21:53:09.619Z</time>
      </trkpt>
      <trkpt lat="47.407151" lon="10.181256">
        <ele>1056.891461</ele>
        <time>2026-05-27T21:53:16.264Z</time>
      </trkpt>
      <trkpt lat="47.407144" lon="10.181810">
        <ele>1056.663342</ele>
        <time>2026-05-27T21:53:21.695Z</time>
      </trkpt>
      <trkpt lat="47.407177" lon="10.182379">
        <ele>1056.451122</ele>
        <time>2026-05-27T21:53:28.507Z</time>
      </trkpt>
      <trkpt lat="47.407177" lon="10.182384">
        <ele>1056.451251</ele>
        <time>2026-05-27T21:53:28.563Z</time>
      </trkpt>
      <trkpt lat="47.407179" lon="10.183481">
        <ele>1056.479607</ele>
        <time>2026-05-27T21:53:41.967Z</time>
      </trkpt>
      <trkpt lat="47.407130" lon="10.184584">
        <ele>1056.508179</ele>
        <time>2026-05-27T21:53:53.774Z</time>
      </trkpt>
      <trkpt lat="47.407093" lon="10.186226">
        <ele>1052.894240</ele>
        <time>2026-05-27T21:54:06.309Z</time>
      </trkpt>
      <trkpt lat="47.407129" lon="10.186880">
        <ele>1050.984111</ele>
        <time>2026-05-27T21:54:10.458Z</time>
      </trkpt>
      <trkpt lat="47.407235" lon="10.187824">
        <ele>1047.466873</ele>
        <time>2026-05-27T21:54:16.246Z</time>
      </trkpt>
      <trkpt lat="47.407355" lon="10.188520">
        <ele>1042.754098</ele>
        <time>2026-05-27T21:54:20.475Z</time>
      </trkpt>
      <trkpt lat="47.407352" lon="10.189838">
        <ele>1034.105806</ele>
        <time>2026-05-27T21:54:28.102Z</time>
      </trkpt>
      <trkpt lat="47.407394" lon="10.190613">
        <ele>1029.318032</ele>
        <time>2026-05-27T21:54:32.597Z</time>
      </trkpt>
      <trkpt lat="47.407550" lon="10.191061">
        <ele>1026.455596</ele>
        <time>2026-05-27T21:54:35.536Z</time>
      </trkpt>
      <trkpt lat="47.407592" lon="10.191282">
        <ele>1025.151433</ele>
        <time>2026-05-27T21:54:36.891Z</time>
      </trkpt>
      <trkpt lat="47.407760" lon="10.191730">
        <ele>1022.241539</ele>
        <time>2026-05-27T21:54:39.930Z</time>
      </trkpt>
      <trkpt lat="47.407851" lon="10.192376">
        <ele>1018.492684</ele>
        <time>2026-05-27T21:54:43.943Z</time>
      </trkpt>
      <trkpt lat="47.407855" lon="10.192543">
        <ele>1017.543294</ele>
        <time>2026-05-27T21:54:44.965Z</time>
      </trkpt>
      <trkpt lat="47.407826" lon="10.192730">
        <ele>1016.453334</ele>
        <time>2026-05-27T21:54:46.131Z</time>
      </trkpt>
      <trkpt lat="47.407656" lon="10.193251">
        <ele>1014.639621</ele>
        <time>2026-05-27T21:54:49.699Z</time>
      </trkpt>
      <trkpt lat="47.407588" lon="10.193544">
        <ele>1013.721932</ele>
        <time>2026-05-27T21:54:51.656Z</time>
      </trkpt>
      <trkpt lat="47.407601" lon="10.193820">
        <ele>1012.902251</ele>
        <time>2026-05-27T21:54:53.434Z</time>
      </trkpt>
      <trkpt lat="47.407703" lon="10.194195">
        <ele>1011.704872</ele>
        <time>2026-05-27T21:54:56.060Z</time>
      </trkpt>
      <trkpt lat="47.407759" lon="10.194376">
        <ele>1011.115248</ele>
        <time>2026-05-27T21:54:57.362Z</time>
      </trkpt>
      <trkpt lat="47.407798" lon="10.194543">
        <ele>1010.591853</ele>
        <time>2026-05-27T21:54:58.537Z</time>
      </trkpt>
      <trkpt lat="47.407910" lon="10.195113">
        <ele>1008.833393</ele>
        <time>2026-05-27T21:55:02.614Z</time>
      </trkpt>
      <trkpt lat="47.407946" lon="10.195507">
        <ele>1008.061681</ele>
        <time>2026-05-27T21:55:05.481Z</time>
      </trkpt>
      <trkpt lat="47.407952" lon="10.196777">
        <ele>1006.437087</ele>
        <time>2026-05-27T21:55:16.882Z</time>
      </trkpt>
      <trkpt lat="47.407916" lon="10.197257">
        <ele>1005.819323</ele>
        <time>2026-05-27T21:55:20.728Z</time>
      </trkpt>
      <trkpt lat="47.407747" lon="10.198381">
        <ele>1003.383622</ele>
        <time>2026-05-27T21:55:28.668Z</time>
      </trkpt>
      <trkpt lat="47.407769" lon="10.198711">
        <ele>1002.305150</ele>
        <time>2026-05-27T21:55:30.793Z</time>
      </trkpt>
      <trkpt lat="47.407913" lon="10.199257">
        <ele>1000.399294</ele>
        <time>2026-05-27T21:55:34.468Z</time>
      </trkpt>
      <trkpt lat="47.407928" lon="10.199477">
        <ele>999.680156</ele>
        <time>2026-05-27T21:55:35.839Z</time>
      </trkpt>
      <trkpt lat="47.407882" lon="10.201286">
        <ele>994.846842</ele>
        <time>2026-05-27T21:55:47.254Z</time>
      </trkpt>
      <trkpt lat="47.407857" lon="10.201441">
        <ele>994.544190</ele>
        <time>2026-05-27T21:55:48.323Z</time>
      </trkpt>
      <trkpt lat="47.407759" lon="10.201759">
        <ele>993.880508</ele>
        <time>2026-05-27T21:55:50.725Z</time>
      </trkpt>
      <trkpt lat="47.407724" lon="10.201859">
        <ele>993.666671</ele>
        <time>2026-05-27T21:55:51.527Z</time>
      </trkpt>
      <trkpt lat="47.407556" lon="10.202688">
        <ele>992.022986</ele>
        <time>2026-05-27T21:55:58.145Z</time>
      </trkpt>
      <trkpt lat="47.407487" lon="10.203304">
        <ele>991.189946</ele>
        <time>2026-05-27T21:56:03.976Z</time>
      </trkpt>
      <trkpt lat="47.407538" lon="10.203853">
        <ele>990.977784</ele>
        <time>2026-05-27T21:56:10.165Z</time>
      </trkpt>
      <trkpt lat="47.407687" lon="10.204381">
        <ele>990.758764</ele>
        <time>2026-05-27T21:56:16.325Z</time>
      </trkpt>
      <trkpt lat="47.407697" lon="10.204633">
        <ele>990.662118</ele>
        <time>2026-05-27T21:56:18.948Z</time>
      </trkpt>
      <trkpt lat="47.407649" lon="10.204804">
        <ele>990.591241</ele>
        <time>2026-05-27T21:56:20.847Z</time>
      </trkpt>
      <trkpt lat="47.407409" lon="10.205308">
        <ele>990.355300</ele>
        <time>2026-05-27T21:56:26.301Z</time>
      </trkpt>
      <trkpt lat="47.407138" lon="10.206321">
        <ele>986.572876</ele>
        <time>2026-05-27T21:56:34.185Z</time>
      </trkpt>
      <trkpt lat="47.407080" lon="10.206761">
        <ele>984.614550</ele>
        <time>2026-05-27T21:56:37.072Z</time>
      </trkpt>
      <trkpt lat="47.407089" lon="10.207827">
        <ele>979.957209</ele>
        <time>2026-05-27T21:56:43.402Z</time>
      </trkpt>
      <trkpt lat="47.406997" lon="10.208252">
        <ele>977.496863</ele>
        <time>2026-05-27T21:56:45.953Z</time>
      </trkpt>
      <trkpt lat="47.406968" lon="10.208542">
        <ele>975.199076</ele>
        <time>2026-05-27T21:56:47.619Z</time>
      </trkpt>
      <trkpt lat="47.406978" lon="10.208798">
        <ele>973.189130</ele>
        <time>2026-05-27T21:56:49.073Z</time>
      </trkpt>
      <trkpt lat="47.407083" lon="10.209551">
        <ele>967.162917</ele>
        <time>2026-05-27T21:56:53.441Z</time>
      </trkpt>
      <trkpt lat="47.406999" lon="10.210276">
        <ele>961.397481</ele>
        <time>2026-05-27T21:56:57.673Z</time>
      </trkpt>
      <trkpt lat="47.407016" lon="10.211145">
        <ele>954.499251</ele>
        <time>2026-05-27T21:57:02.745Z</time>
      </trkpt>
      <trkpt lat="47.406913" lon="10.212014">
        <ele>947.404846</ele>
        <time>2026-05-27T21:57:07.853Z</time>
      </trkpt>
      <trkpt lat="47.406816" lon="10.212297">
        <ele>944.853893</ele>
        <time>2026-05-27T21:57:09.676Z</time>
      </trkpt>
      <trkpt lat="47.406743" lon="10.212751">
        <ele>941.101425</ele>
        <time>2026-05-27T21:57:12.333Z</time>
      </trkpt>
      <trkpt lat="47.406726" lon="10.213071">
        <ele>938.520224</ele>
        <time>2026-05-27T21:57:14.147Z</time>
      </trkpt>
      <trkpt lat="47.406759" lon="10.214324">
        <ele>927.506302</ele>
        <time>2026-05-27T21:57:21.203Z</time>
      </trkpt>
      <trkpt lat="47.406780" lon="10.214491">
        <ele>925.981793</ele>
        <time>2026-05-27T21:57:22.163Z</time>
      </trkpt>
      <trkpt lat="47.406968" lon="10.215317">
        <ele>918.160306</ele>
        <time>2026-05-27T21:57:27.105Z</time>
      </trkpt>
      <trkpt lat="47.406982" lon="10.215709">
        <ele>914.637151</ele>
        <time>2026-05-27T21:57:29.346Z</time>
      </trkpt>
      <trkpt lat="47.406934" lon="10.216096">
        <ele>911.638003</ele>
        <time>2026-05-27T21:57:31.606Z</time>
      </trkpt>
      <trkpt lat="47.406651" lon="10.216621">
        <ele>907.764822</ele>
        <time>2026-05-27T21:57:35.488Z</time>
      </trkpt>
      <trkpt lat="47.406570" lon="10.216826">
        <ele>906.394961</ele>
        <time>2026-05-27T21:57:36.871Z</time>
      </trkpt>
      <trkpt lat="47.406518" lon="10.217941">
        <ele>899.945287</ele>
        <time>2026-05-27T21:57:43.511Z</time>
      </trkpt>
      <trkpt lat="47.406521" lon="10.218487">
        <ele>897.112821</ele>
        <time>2026-05-27T21:57:46.946Z</time>
      </trkpt>
      <trkpt lat="47.406572" lon="10.218991">
        <ele>896.184249</ele>
        <time>2026-05-27T21:57:50.422Z</time>
      </trkpt>
      <trkpt lat="47.406845" lon="10.219838">
        <ele>894.474811</ele>
        <time>2026-05-27T21:57:57.965Z</time>
      </trkpt>
      <trkpt lat="47.406973" lon="10.220764">
        <ele>892.752679</ele>
        <time>2026-05-27T21:58:05.280Z</time>
      </trkpt>
      <trkpt lat="47.406985" lon="10.221064">
        <ele>891.916192</ele>
        <time>2026-05-27T21:58:07.451Z</time>
      </trkpt>
      <trkpt lat="47.406828" lon="10.221709">
        <ele>888.966495</ele>
        <time>2026-05-27T21:58:12.027Z</time>
      </trkpt>
      <trkpt lat="47.406789" lon="10.222012">
        <ele>887.639218</ele>
        <time>2026-05-27T21:58:13.935Z</time>
      </trkpt>
      <trkpt lat="47.406825" lon="10.222293">
        <ele>886.408510</ele>
        <time>2026-05-27T21:58:15.659Z</time>
      </trkpt>
      <trkpt lat="47.406933" lon="10.222760">
        <ele>884.284773</ele>
        <time>2026-05-27T21:58:18.560Z</time>
      </trkpt>
      <trkpt lat="47.407033" lon="10.224160">
        <ele>879.025104</ele>
        <time>2026-05-27T21:58:26.928Z</time>
      </trkpt>
      <trkpt lat="47.407078" lon="10.224487">
        <ele>878.005438</ele>
        <time>2026-05-27T21:58:28.994Z</time>
      </trkpt>
      <trkpt lat="47.407215" lon="10.225149">
        <ele>875.890101</ele>
        <time>2026-05-27T21:58:33.464Z</time>
      </trkpt>
      <trkpt lat="47.407362" lon="10.225712">
        <ele>874.046152</ele>
        <time>2026-05-27T21:58:37.801Z</time>
      </trkpt>
      <trkpt lat="47.407465" lon="10.225999">
        <ele>873.053494</ele>
        <time>2026-05-27T21:58:40.582Z</time>
      </trkpt>
      <trkpt lat="47.407659" lon="10.226400">
        <ele>872.884982</ele>
        <time>2026-05-27T21:58:45.538Z</time>
      </trkpt>
      <trkpt lat="47.407956" lon="10.226880">
        <ele>872.923223</ele>
        <time>2026-05-27T21:58:52.933Z</time>
      </trkpt>
      <trkpt lat="47.408492" lon="10.227452">
        <ele>872.980667</ele>
        <time>2026-05-27T21:59:04.255Z</time>
      </trkpt>
      <trkpt lat="47.408831" lon="10.227773">
        <ele>873.015648</ele>
        <time>2026-05-27T21:59:11.380Z</time>
      </trkpt>
      <trkpt lat="47.410198" lon="10.229133">
        <ele>871.878761</ele>
        <time>2026-05-27T21:59:32.810Z</time>
      </trkpt>
      <trkpt lat="47.410664" lon="10.229678">
        <ele>870.309408</ele>
        <time>2026-05-27T21:59:39.400Z</time>
      </trkpt>
      <trkpt lat="47.411110" lon="10.230252">
        <ele>868.342044</ele>
        <time>2026-05-27T21:59:45.564Z</time>
      </trkpt>
      <trkpt lat="47.411522" lon="10.230824">
        <ele>866.461592</ele>
        <time>2026-05-27T21:59:51.029Z</time>
      </trkpt>
      <trkpt lat="47.411704" lon="10.231169">
        <ele>865.213377</ele>
        <time>2026-05-27T21:59:53.809Z</time>
      </trkpt>
      <trkpt lat="47.411834" lon="10.231521">
        <ele>863.548086</ele>
        <time>2026-05-27T21:59:56.309Z</time>
      </trkpt>
      <trkpt lat="47.412537" lon="10.233230">
        <ele>855.242763</ele>
        <time>2026-05-27T22:00:08.382Z</time>
      </trkpt>
      <trkpt lat="47.412871" lon="10.233839">
        <ele>855.096628</ele>
        <time>2026-05-27T22:00:13.682Z</time>
      </trkpt>
      <trkpt lat="47.413315" lon="10.234474">
        <ele>855.570364</ele>
        <time>2026-05-27T22:00:23.778Z</time>
      </trkpt>
      <trkpt lat="47.413458" lon="10.234633">
        <ele>855.707571</ele>
        <time>2026-05-27T22:00:28.688Z</time>
      </trkpt>
      <trkpt lat="47.413890" lon="10.234890">
        <ele>856.064618</ele>
        <time>2026-05-27T22:00:46.276Z</time>
      </trkpt>
      <trkpt lat="47.414645" lon="10.235477">
        <ele>858.179099</ele>
        <time>2026-05-27T22:01:16.531Z</time>
      </trkpt>
      <trkpt lat="47.414722" lon="10.235518">
        <ele>858.397607</ele>
        <time>2026-05-27T22:01:18.656Z</time>
      </trkpt>
      <trkpt lat="47.414952" lon="10.235594">
        <ele>859.026814</ele>
        <time>2026-05-27T22:01:24.170Z</time>
      </trkpt>
      <trkpt lat="47.415205" lon="10.235708">
        <ele>859.732962</ele>
        <time>2026-05-27T22:01:29.258Z</time>
      </trkpt>
      <trkpt lat="47.415261" lon="10.235748">
        <ele>859.899016</ele>
        <time>2026-05-27T22:01:30.333Z</time>
      </trkpt>
      <trkpt lat="47.415422" lon="10.235871">
        <ele>860.382886</ele>
        <time>2026-05-27T22:01:33.216Z</time>
      </trkpt>
      <trkpt lat="47.415508" lon="10.235931">
        <ele>860.636785</ele>
        <time>2026-05-27T22:01:34.636Z</time>
      </trkpt>
      <trkpt lat="47.415827" lon="10.236156">
        <ele>860.842969</ele>
        <time>2026-05-27T22:01:39.227Z</time>
      </trkpt>
      <trkpt lat="47.415978" lon="10.236268">
        <ele>860.780823</ele>
        <time>2026-05-27T22:01:41.369Z</time>
      </trkpt>
      <trkpt lat="47.416157" lon="10.236394">
        <ele>860.707893</ele>
        <time>2026-05-27T22:01:43.852Z</time>
      </trkpt>
      <trkpt lat="47.417045" lon="10.237027">
        <ele>860.345243</ele>
        <time>2026-05-27T22:01:58.255Z</time>
      </trkpt>
      <trkpt lat="47.417444" lon="10.237347">
        <ele>858.769420</ele>
        <time>2026-05-27T22:02:04.627Z</time>
      </trkpt>
      <trkpt lat="47.417663" lon="10.237526">
        <ele>857.274004</ele>
        <time>2026-05-27T22:02:07.322Z</time>
      </trkpt>
      <trkpt lat="47.417914" lon="10.237833">
        <ele>855.327151</ele>
        <time>2026-05-27T22:02:10.427Z</time>
      </trkpt>
      <trkpt lat="47.417981" lon="10.237990">
        <ele>854.576661</ele>
        <time>2026-05-27T22:02:11.561Z</time>
      </trkpt>
      <trkpt lat="47.418108" lon="10.238439">
        <ele>852.609026</ele>
        <time>2026-05-27T22:02:14.449Z</time>
      </trkpt>
      <trkpt lat="47.418199" lon="10.238656">
        <ele>851.576811</ele>
        <time>2026-05-27T22:02:15.927Z</time>
      </trkpt>
      <trkpt lat="47.418580" lon="10.239334">
        <ele>848.635451</ele>
        <time>2026-05-27T22:02:21.023Z</time>
      </trkpt>
      <trkpt lat="47.418777" lon="10.239901">
        <ele>847.120238</ele>
        <time>2026-05-27T22:02:24.806Z</time>
      </trkpt>
      <trkpt lat="47.418852" lon="10.240282">
        <ele>846.176958</ele>
        <time>2026-05-27T22:02:27.329Z</time>
      </trkpt>
      <trkpt lat="47.418881" lon="10.240471">
        <ele>845.716253</ele>
        <time>2026-05-27T22:02:28.676Z</time>
      </trkpt>
      <trkpt lat="47.418934" lon="10.240773">
        <ele>844.974572</ele>
        <time>2026-05-27T22:02:31.167Z</time>
      </trkpt>
      <trkpt lat="47.419046" lon="10.241039">
        <ele>844.229793</ele>
        <time>2026-05-27T22:02:35.363Z</time>
      </trkpt>
      <trkpt lat="47.419239" lon="10.241352">
        <ele>843.223103</ele>
        <time>2026-05-27T22:02:43.626Z</time>
      </trkpt>
      <trkpt lat="47.419336" lon="10.241481">
        <ele>843.876283</ele>
        <time>2026-05-27T22:02:48.416Z</time>
      </trkpt>
      <trkpt lat="47.419370" lon="10.241544">
        <ele>844.169602</ele>
        <time>2026-05-27T22:02:50.511Z</time>
      </trkpt>
      <trkpt lat="47.419732" lon="10.241091">
        <ele>846.721239</ele>
        <time>2026-05-27T22:03:10.246Z</time>
      </trkpt>
      <trkpt lat="47.419958" lon="10.240949">
        <ele>848.042291</ele>
        <time>2026-05-27T22:03:20.615Z</time>
      </trkpt>
      <trkpt lat="47.420132" lon="10.240906">
        <ele>848.991303</ele>
        <time>2026-05-27T22:03:27.638Z</time>
      </trkpt>
      <trkpt lat="47.420752" lon="10.240849">
        <ele>852.332982</ele>
        <time>2026-05-27T22:03:51.165Z</time>
      </trkpt>
      <trkpt lat="47.421142" lon="10.240613">
        <ele>853.141333</ele>
        <time>2026-05-27T22:04:05.996Z</time>
      </trkpt>
      <trkpt lat="47.421313" lon="10.240555">
        <ele>853.284980</ele>
        <time>2026-05-27T22:04:11.217Z</time>
      </trkpt>
      <trkpt lat="47.421843" lon="10.240671">
        <ele>853.723654</ele>
        <time>2026-05-27T22:04:21.473Z</time>
      </trkpt>
      <trkpt lat="47.422019" lon="10.240618">
        <ele>853.870715</ele>
        <time>2026-05-27T22:04:23.569Z</time>
      </trkpt>
      <trkpt lat="47.422181" lon="10.240421">
        <ele>854.042479</ele>
        <time>2026-05-27T22:04:25.873Z</time>
      </trkpt>
      <trkpt lat="47.422301" lon="10.240215">
        <ele>854.193063</ele>
        <time>2026-05-27T22:04:27.836Z</time>
      </trkpt>
      <trkpt lat="47.422396" lon="10.240000">
        <ele>854.335314</ele>
        <time>2026-05-27T22:04:29.659Z</time>
      </trkpt>
      <trkpt lat="47.422460" lon="10.239781">
        <ele>854.211370</ele>
        <time>2026-05-27T22:04:31.340Z</time>
      </trkpt>
      <trkpt lat="47.422629" lon="10.239294">
        <ele>853.841408</ele>
        <time>2026-05-27T22:04:35.144Z</time>
      </trkpt>
      <trkpt lat="47.422758" lon="10.239087">
        <ele>853.651178</ele>
        <time>2026-05-27T22:04:37.080Z</time>
      </trkpt>
      <trkpt lat="47.422873" lon="10.239005">
        <ele>853.523615</ele>
        <time>2026-05-27T22:04:38.409Z</time>
      </trkpt>
      <trkpt lat="47.423220" lon="10.238916">
        <ele>853.171760</ele>
        <time>2026-05-27T22:04:42.368Z</time>
      </trkpt>
      <trkpt lat="47.423555" lon="10.238931">
        <ele>852.836922</ele>
        <time>2026-05-27T22:04:47.828Z</time>
      </trkpt>
      <trkpt lat="47.423719" lon="10.238950">
        <ele>852.672574</ele>
        <time>2026-05-27T22:04:51.397Z</time>
      </trkpt>
      <trkpt lat="47.424270" lon="10.238988">
        <ele>853.849114</ele>
        <time>2026-05-27T22:05:05.257Z</time>
      </trkpt>
      <trkpt lat="47.424776" lon="10.238630">
        <ele>855.521335</ele>
        <time>2026-05-27T22:05:20.269Z</time>
      </trkpt>
      <trkpt lat="47.426104" lon="10.238154">
        <ele>859.441760</ele>
        <time>2026-05-27T22:06:00.586Z</time>
      </trkpt>
      <trkpt lat="47.426817" lon="10.237891">
        <ele>861.432679</ele>
        <time>2026-05-27T22:06:19.792Z</time>
      </trkpt>
      <trkpt lat="47.426994" lon="10.237859">
        <ele>861.915786</ele>
        <time>2026-05-27T22:06:23.941Z</time>
      </trkpt>
      <trkpt lat="47.427186" lon="10.237834">
        <ele>862.437972</ele>
        <time>2026-05-27T22:06:28.180Z</time>
      </trkpt>
      <trkpt lat="47.428201" lon="10.237702">
        <ele>866.231419</ele>
        <time>2026-05-27T22:06:48.247Z</time>
      </trkpt>
      <trkpt lat="47.428311" lon="10.237688">
        <ele>866.658805</ele>
        <time>2026-05-27T22:06:51.060Z</time>
      </trkpt>
      <trkpt lat="47.428483" lon="10.237712">
        <ele>867.327579</ele>
        <time>2026-05-27T22:06:56.074Z</time>
      </trkpt>
      <trkpt lat="47.428784" lon="10.237823">
        <ele>868.528465</ele>
        <time>2026-05-27T22:07:07.325Z</time>
      </trkpt>
      <trkpt lat="47.428981" lon="10.237957">
        <ele>869.367918</ele>
        <time>2026-05-27T22:07:16.709Z</time>
      </trkpt>
      <trkpt lat="47.429093" lon="10.238046">
        <ele>869.976428</ele>
        <time>2026-05-27T22:07:22.752Z</time>
      </trkpt>
      <trkpt lat="47.429176" lon="10.238116">
        <ele>870.744831</ele>
        <time>2026-05-27T22:07:27.562Z</time>
      </trkpt>
      <trkpt lat="47.429253" lon="10.238181">
        <ele>871.457849</ele>
        <time>2026-05-27T22:07:32.195Z</time>
      </trkpt>
      <trkpt lat="47.429601" lon="10.238477">
        <ele>874.686360</ele>
        <time>2026-05-27T22:07:55.846Z</time>
      </trkpt>
      <trkpt lat="47.429676" lon="10.238559">
        <ele>875.436484</ele>
        <time>2026-05-27T22:08:02.079Z</time>
      </trkpt>
      <trkpt lat="47.430511" lon="10.239872">
        <ele>884.003840</ele>
        <time>2026-05-27T22:09:03.061Z</time>
      </trkpt>
      <trkpt lat="47.430659" lon="10.240045">
        <ele>883.690442</ele>
        <time>2026-05-27T22:09:05.426Z</time>
      </trkpt>
      <trkpt lat="47.430790" lon="10.240138">
        <ele>883.449060</ele>
        <time>2026-05-27T22:09:07.053Z</time>
      </trkpt>
      <trkpt lat="47.430915" lon="10.240178">
        <ele>883.236627</ele>
        <time>2026-05-27T22:09:08.416Z</time>
      </trkpt>
      <trkpt lat="47.431039" lon="10.240178">
        <ele>883.030663</ele>
        <time>2026-05-27T22:09:09.650Z</time>
      </trkpt>
      <trkpt lat="47.431402" lon="10.240071">
        <ele>882.415852</ele>
        <time>2026-05-27T22:09:13.106Z</time>
      </trkpt>
      <trkpt lat="47.431673" lon="10.240100">
        <ele>881.964544</ele>
        <time>2026-05-27T22:09:15.542Z</time>
      </trkpt>
      <trkpt lat="47.431837" lon="10.240162">
        <ele>881.683374</ele>
        <time>2026-05-27T22:09:17.037Z</time>
      </trkpt>
      <trkpt lat="47.432870" lon="10.240866">
        <ele>883.756092</ele>
        <time>2026-05-27T22:09:31.568Z</time>
      </trkpt>
      <trkpt lat="47.433161" lon="10.241164">
        <ele>884.792914</ele>
        <time>2026-05-27T22:09:45.222Z</time>
      </trkpt>
      <trkpt lat="47.433452" lon="10.241732">
        <ele>886.204581</ele>
        <time>2026-05-27T22:10:06.070Z</time>
      </trkpt>
      <trkpt lat="47.433628" lon="10.241925">
        <ele>886.344590</ele>
        <time>2026-05-27T22:10:17.539Z</time>
      </trkpt>
      <trkpt lat="47.434097" lon="10.242176">
        <ele>885.714448</ele>
        <time>2026-05-27T22:10:41.721Z</time>
      </trkpt>
      <trkpt lat="47.434438" lon="10.242346">
        <ele>885.259810</ele>
        <time>2026-05-27T22:10:49.873Z</time>
      </trkpt>
      <trkpt lat="47.434811" lon="10.242648">
        <ele>884.722537</ele>
        <time>2026-05-27T22:10:53.840Z</time>
      </trkpt>
      <trkpt lat="47.434946" lon="10.242757">
        <ele>884.528207</ele>
        <time>2026-05-27T22:10:55.169Z</time>
      </trkpt>
      <trkpt lat="47.435003" lon="10.242847">
        <ele>884.422846</ele>
        <time>2026-05-27T22:10:55.879Z</time>
      </trkpt>
      <trkpt lat="47.435272" lon="10.243540">
        <ele>878.245303</ele>
        <time>2026-05-27T22:11:00.397Z</time>
      </trkpt>
      <trkpt lat="47.435581" lon="10.243982">
        <ele>871.528263</ele>
        <time>2026-05-27T22:11:03.917Z</time>
      </trkpt>
      <trkpt lat="47.435618" lon="10.244107">
        <ele>870.086422</ele>
        <time>2026-05-27T22:11:04.674Z</time>
      </trkpt>
      <trkpt lat="47.435687" lon="10.244644">
        <ele>864.310345</ele>
        <time>2026-05-27T22:11:07.704Z</time>
      </trkpt>
      <trkpt lat="47.435735" lon="10.244772">
        <ele>862.763786</ele>
        <time>2026-05-27T22:11:08.519Z</time>
      </trkpt>
      <trkpt lat="47.435855" lon="10.244935">
        <ele>860.217951</ele>
        <time>2026-05-27T22:11:09.860Z</time>
      </trkpt>
      <trkpt lat="47.435917" lon="10.244973">
        <ele>859.169427</ele>
        <time>2026-05-27T22:11:10.416Z</time>
      </trkpt>
      <trkpt lat="47.436064" lon="10.245012">
        <ele>856.836258</ele>
        <time>2026-05-27T22:11:11.655Z</time>
      </trkpt>
      <trkpt lat="47.436209" lon="10.245008">
        <ele>855.202444</ele>
        <time>2026-05-27T22:11:12.868Z</time>
      </trkpt>
      <trkpt lat="47.436554" lon="10.244819">
        <ele>851.791753</ele>
        <time>2026-05-27T22:11:15.978Z</time>
      </trkpt>
      <trkpt lat="47.437525" lon="10.244191">
        <ele>841.966867</ele>
        <time>2026-05-27T22:11:25.219Z</time>
      </trkpt>
      <trkpt lat="47.437657" lon="10.244145">
        <ele>840.709682</ele>
        <time>2026-05-27T22:11:26.481Z</time>
      </trkpt>
      <trkpt lat="47.437958" lon="10.244110">
        <ele>839.106645</ele>
        <time>2026-05-27T22:11:29.385Z</time>
      </trkpt>
      <trkpt lat="47.438342" lon="10.244095">
        <ele>838.310680</ele>
        <time>2026-05-27T22:11:33.464Z</time>
      </trkpt>
      <trkpt lat="47.438504" lon="10.244112">
        <ele>837.974156</ele>
        <time>2026-05-27T22:11:35.401Z</time>
      </trkpt>
      <trkpt lat="47.438788" lon="10.244250">
        <ele>837.354710</ele>
        <time>2026-05-27T22:11:39.529Z</time>
      </trkpt>
      <trkpt lat="47.439096" lon="10.244498">
        <ele>836.627993</ele>
        <time>2026-05-27T22:11:44.379Z</time>
      </trkpt>
      <trkpt lat="47.439234" lon="10.244606">
        <ele>836.304453</ele>
        <time>2026-05-27T22:11:46.254Z</time>
      </trkpt>
      <trkpt lat="47.439651" lon="10.244775">
        <ele>835.377992</ele>
        <time>2026-05-27T22:11:51.253Z</time>
      </trkpt>
      <trkpt lat="47.439912" lon="10.244894">
        <ele>834.757280</ele>
        <time>2026-05-27T22:11:54.290Z</time>
      </trkpt>
      <trkpt lat="47.440355" lon="10.245086">
        <ele>833.708153</ele>
        <time>2026-05-27T22:11:59.113Z</time>
      </trkpt>
      <trkpt lat="47.441104" lon="10.245418">
        <ele>831.931126</ele>
        <time>2026-05-27T22:12:07.131Z</time>
      </trkpt>
      <trkpt lat="47.441261" lon="10.245456">
        <ele>831.608913</ele>
        <time>2026-05-27T22:12:08.841Z</time>
      </trkpt>
      <trkpt lat="47.441611" lon="10.245461">
        <ele>831.282143</ele>
        <time>2026-05-27T22:12:12.872Z</time>
      </trkpt>
      <trkpt lat="47.441800" lon="10.245429">
        <ele>831.104542</ele>
        <time>2026-05-27T22:12:15.137Z</time>
      </trkpt>
      <trkpt lat="47.442455" lon="10.245227">
        <ele>830.479883</ele>
        <time>2026-05-27T22:12:23.293Z</time>
      </trkpt>
      <trkpt lat="47.442780" lon="10.245109">
        <ele>830.167454</ele>
        <time>2026-05-27T22:12:27.982Z</time>
      </trkpt>
      <trkpt lat="47.442947" lon="10.245005">
        <ele>829.998280</ele>
        <time>2026-05-27T22:12:30.648Z</time>
      </trkpt>
      <trkpt lat="47.443013" lon="10.244981">
        <ele>829.999295</ele>
        <time>2026-05-27T22:12:31.693Z</time>
      </trkpt>
      <trkpt lat="47.443241" lon="10.244947">
        <ele>830.403213</ele>
        <time>2026-05-27T22:12:35.427Z</time>
      </trkpt>
      <trkpt lat="47.443466" lon="10.244906">
        <ele>830.802804</ele>
        <time>2026-05-27T22:12:39.439Z</time>
      </trkpt>
      <trkpt lat="47.443523" lon="10.244868">
        <ele>830.913014</ele>
        <time>2026-05-27T22:12:40.647Z</time>
      </trkpt>
      <trkpt lat="47.443734" lon="10.244593">
        <ele>831.408786</ele>
        <time>2026-05-27T22:12:46.405Z</time>
      </trkpt>
      <trkpt lat="47.443803" lon="10.244486">
        <ele>831.585029</ele>
        <time>2026-05-27T22:12:48.579Z</time>
      </trkpt>
      <trkpt lat="47.443817" lon="10.244464">
        <ele>831.621040</ele>
        <time>2026-05-27T22:12:49.046Z</time>
      </trkpt>
      <trkpt lat="47.443983" lon="10.244208">
        <ele>832.043820</ele>
        <time>2026-05-27T22:12:54.638Z</time>
      </trkpt>
      <trkpt lat="47.444124" lon="10.243979">
        <ele>832.412994</ele>
        <time>2026-05-27T22:12:59.951Z</time>
      </trkpt>
      <trkpt lat="47.444367" lon="10.243565">
        <ele>833.066461</ele>
        <time>2026-05-27T22:13:10.036Z</time>
      </trkpt>
      <trkpt lat="47.444435" lon="10.243403">
        <ele>833.441338</ele>
        <time>2026-05-27T22:13:13.669Z</time>
      </trkpt>
      <trkpt lat="47.444478" lon="10.243291">
        <ele>833.731147</ele>
        <time>2026-05-27T22:13:16.136Z</time>
      </trkpt>
      <trkpt lat="47.444595" lon="10.242966">
        <ele>834.559641</ele>
        <time>2026-05-27T22:13:23.296Z</time>
      </trkpt>
      <trkpt lat="47.444733" lon="10.242617">
        <ele>835.469363</ele>
        <time>2026-05-27T22:13:32.724Z</time>
      </trkpt>
      <trkpt lat="47.444878" lon="10.242326">
        <ele>836.282727</ele>
        <time>2026-05-27T22:13:41.158Z</time>
      </trkpt>
      <trkpt lat="47.444997" lon="10.242100">
        <ele>836.927246</ele>
        <time>2026-05-27T22:13:47.744Z</time>
      </trkpt>
      <trkpt lat="47.445594" lon="10.241244">
        <ele>839.703060</ele>
        <time>2026-05-27T22:14:15.468Z</time>
      </trkpt>
      <trkpt lat="47.445998" lon="10.240644">
        <ele>841.637271</ele>
        <time>2026-05-27T22:14:30.962Z</time>
      </trkpt>
      <trkpt lat="47.446160" lon="10.240440">
        <ele>842.356051</ele>
        <time>2026-05-27T22:14:36.914Z</time>
      </trkpt>
      <trkpt lat="47.446527" lon="10.240144">
        <ele>843.768188</ele>
        <time>2026-05-27T22:14:48.763Z</time>
      </trkpt>
      <trkpt lat="47.446092" lon="10.239266">
        <ele>846.468626</ele>
        <time>2026-05-27T22:15:10.697Z</time>
      </trkpt>
      <trkpt lat="47.445716" lon="10.238764">
        <ele>848.523222</ele>
        <time>2026-05-27T22:15:25.981Z</time>
      </trkpt>
      <trkpt lat="47.445567" lon="10.238570">
        <ele>849.328410</ele>
        <time>2026-05-27T22:15:31.727Z</time>
      </trkpt>
      <trkpt lat="47.445565" lon="10.238565">
        <ele>849.344344</ele>
        <time>2026-05-27T22:15:31.852Z</time>
      </trkpt>
      <trkpt lat="47.445367" lon="10.238073">
        <ele>850.914689</ele>
        <time>2026-05-27T22:15:43.073Z</time>
      </trkpt>
      <trkpt lat="47.445527" lon="10.237985">
        <ele>851.607044</ele>
        <time>2026-05-27T22:15:48.364Z</time>
      </trkpt>
      <trkpt lat="47.445972" lon="10.237828">
        <ele>854.021435</ele>
        <time>2026-05-27T22:16:04.850Z</time>
      </trkpt>
      <trkpt lat="47.446086" lon="10.237788">
        <ele>854.767695</ele>
        <time>2026-05-27T22:16:09.366Z</time>
      </trkpt>
      <trkpt lat="47.446427" lon="10.237722">
        <ele>856.958144</ele>
        <time>2026-05-27T22:16:22.673Z</time>
      </trkpt>
      <trkpt lat="47.446367" lon="10.237160">
        <ele>859.408888</ele>
        <time>2026-05-27T22:16:38.560Z</time>
      </trkpt>
      <trkpt lat="47.446327" lon="10.237021">
        <ele>860.059569</ele>
        <time>2026-05-27T22:16:43.006Z</time>
      </trkpt>
      <trkpt lat="47.446260" lon="10.236928">
        <ele>860.644873</ele>
        <time>2026-05-27T22:16:47.055Z</time>
      </trkpt>
      <trkpt lat="47.445140" lon="10.236527">
        <ele>867.613296</ele>
        <time>2026-05-27T22:17:38.334Z</time>
      </trkpt>
      <trkpt lat="47.445083" lon="10.236448">
        <ele>868.065227</ele>
        <time>2026-05-27T22:17:41.303Z</time>
      </trkpt>
      <trkpt lat="47.445056" lon="10.236343">
        <ele>868.504700</ele>
        <time>2026-05-27T22:17:44.116Z</time>
      </trkpt>
      <trkpt lat="47.445045" lon="10.236247">
        <ele>868.885623</ele>
        <time>2026-05-27T22:17:46.594Z</time>
      </trkpt>
      <trkpt lat="47.445067" lon="10.236157">
        <ele>869.260015</ele>
        <time>2026-05-27T22:17:48.948Z</time>
      </trkpt>
      <trkpt lat="47.445125" lon="10.236059">
        <ele>869.769488</ele>
        <time>2026-05-27T22:17:52.197Z</time>
      </trkpt>
      <trkpt lat="47.445223" lon="10.236010">
        <ele>870.367926</ele>
        <time>2026-05-27T22:17:55.944Z</time>
      </trkpt>
      <trkpt lat="47.445780" lon="10.235927">
        <ele>873.606346</ele>
        <time>2026-05-27T22:18:15.637Z</time>
      </trkpt>
      <trkpt lat="47.445786" lon="10.235926">
        <ele>873.641274</ele>
        <time>2026-05-27T22:18:15.846Z</time>
      </trkpt>
      <trkpt lat="47.445953" lon="10.235873">
        <ele>874.484457</ele>
        <time>2026-05-27T22:18:21.623Z</time>
      </trkpt>
      <trkpt lat="47.447034" lon="10.235244">
        <ele>877.799420</ele>
        <time>2026-05-27T22:18:53.037Z</time>
      </trkpt>
      <trkpt lat="47.447189" lon="10.235148">
        <ele>878.278957</ele>
        <time>2026-05-27T22:18:56.941Z</time>
      </trkpt>
      <trkpt lat="47.447901" lon="10.234595">
        <ele>880.514191</ele>
        <time>2026-05-27T22:19:13.958Z</time>
      </trkpt>
      <trkpt lat="47.447947" lon="10.234402">
        <ele>880.887606</ele>
        <time>2026-05-27T22:19:16.716Z</time>
      </trkpt>
      <trkpt lat="47.447989" lon="10.234321">
        <ele>881.073860</ele>
        <time>2026-05-27T22:19:18.032Z</time>
      </trkpt>
      <trkpt lat="47.448049" lon="10.234264">
        <ele>881.266292</ele>
        <time>2026-05-27T22:19:19.466Z</time>
      </trkpt>
      <trkpt lat="47.448304" lon="10.234212">
        <ele>881.960880</ele>
        <time>2026-05-27T22:19:24.966Z</time>
      </trkpt>
      <trkpt lat="47.448379" lon="10.233913">
        <ele>882.542807</ele>
        <time>2026-05-27T22:19:30.449Z</time>
      </trkpt>
      <trkpt lat="47.448403" lon="10.233653">
        <ele>883.021644</ele>
        <time>2026-05-27T22:19:35.597Z</time>
      </trkpt>
      <trkpt lat="47.448364" lon="10.233524">
        <ele>883.279491</ele>
        <time>2026-05-27T22:19:38.840Z</time>
      </trkpt>
      <trkpt lat="47.448283" lon="10.233434">
        <ele>883.552880</ele>
        <time>2026-05-27T22:19:42.699Z</time>
      </trkpt>
      <trkpt lat="47.447905" lon="10.233345">
        <ele>884.349950</ele>
        <time>2026-05-27T22:19:55.899Z</time>
      </trkpt>
      <trkpt lat="47.447463" lon="10.233131">
        <ele>884.450809</ele>
        <time>2026-05-27T22:20:09.551Z</time>
      </trkpt>
      <trkpt lat="47.447375" lon="10.233071">
        <ele>884.471824</ele>
        <time>2026-05-27T22:20:11.594Z</time>
      </trkpt>
      <trkpt lat="47.447285" lon="10.232920">
        <ele>884.501342</ele>
        <time>2026-05-27T22:20:14.724Z</time>
      </trkpt>
      <trkpt lat="47.447092" lon="10.232171">
        <ele>884.618890</ele>
        <time>2026-05-27T22:20:22.091Z</time>
      </trkpt>
      <trkpt lat="47.447079" lon="10.232006">
        <ele>884.643252</ele>
        <time>2026-05-27T22:20:23.326Z</time>
      </trkpt>
      <trkpt lat="47.447154" lon="10.231787">
        <ele>884.679253</ele>
        <time>2026-05-27T22:20:25.041Z</time>
      </trkpt>
      <trkpt lat="47.447231" lon="10.231674">
        <ele>884.702779</ele>
        <time>2026-05-27T22:20:26.118Z</time>
      </trkpt>
      <trkpt lat="47.447135" lon="10.231510">
        <ele>884.410075</ele>
        <time>2026-05-27T22:20:27.507Z</time>
      </trkpt>
      <trkpt lat="47.447186" lon="10.231454">
        <ele>884.129528</ele>
        <time>2026-05-27T22:20:28.088Z</time>
      </trkpt>
      <trkpt lat="47.447240" lon="10.231383">
        <ele>883.810397</ele>
        <time>2026-05-27T22:20:28.743Z</time>
      </trkpt>
      <trkpt lat="47.447300" lon="10.231438">
        <ele>883.498625</ele>
        <time>2026-05-27T22:20:29.386Z</time>
      </trkpt>
      <trkpt lat="47.447363" lon="10.231445">
        <ele>883.219604</ele>
        <time>2026-05-27T22:20:29.960Z</time>
      </trkpt>
      <trkpt lat="47.447440" lon="10.231455">
        <ele>882.878229</ele>
        <time>2026-05-27T22:20:30.669Z</time>
      </trkpt>
      <trkpt lat="47.447503" lon="10.231522">
        <ele>882.535507</ele>
        <time>2026-05-27T22:20:31.374Z</time>
      </trkpt>
      <trkpt lat="47.447727" lon="10.231827">
        <ele>881.190706</ele>
        <time>2026-05-27T22:20:34.168Z</time>
      </trkpt>
      <trkpt lat="47.448122" lon="10.232363">
        <ele>878.823008</ele>
        <time>2026-05-27T22:20:39.273Z</time>
      </trkpt>
      <trkpt lat="47.448160" lon="10.232489">
        <ele>878.410963</ele>
        <time>2026-05-27T22:20:40.194Z</time>
      </trkpt>
      <trkpt lat="47.448305" lon="10.232673">
        <ele>877.567109</ele>
        <time>2026-05-27T22:20:42.132Z</time>
      </trkpt>
      <trkpt lat="47.448497" lon="10.232707">
        <ele>876.762902</ele>
        <time>2026-05-27T22:20:44.092Z</time>
      </trkpt>
      <trkpt lat="47.448769" lon="10.232958">
        <ele>876.471784</ele>
        <time>2026-05-27T22:20:47.343Z</time>
      </trkpt>
      <trkpt lat="47.448985" lon="10.233525">
        <ele>876.072187</ele>
        <time>2026-05-27T22:20:52.248Z</time>
      </trkpt>
      <trkpt lat="47.449002" lon="10.233499">
        <ele>876.049980</ele>
        <time>2026-05-27T22:20:52.650Z</time>
      </trkpt>
      <trkpt lat="47.449173" lon="10.233254">
        <ele>875.833787</ele>
        <time>2026-05-27T22:20:56.999Z</time>
      </trkpt>
      <trkpt lat="47.449522" lon="10.233048">
        <ele>875.492585</ele>
        <time>2026-05-27T22:21:03.324Z</time>
      </trkpt>
      <trkpt lat="47.450114" lon="10.232669">
        <ele>875.072042</ele>
        <time>2026-05-27T22:21:15.172Z</time>
      </trkpt>
      <trkpt lat="47.450359" lon="10.232384">
        <ele>874.987307</ele>
        <time>2026-05-27T22:21:21.448Z</time>
      </trkpt>
      <trkpt lat="47.450595" lon="10.232515">
        <ele>874.918784</ele>
        <time>2026-05-27T22:21:26.777Z</time>
      </trkpt>
      <trkpt lat="47.450920" lon="10.232613">
        <ele>874.828621</ele>
        <time>2026-05-27T22:21:32.470Z</time>
      </trkpt>
      <trkpt lat="47.451576" lon="10.233061">
        <ele>874.524929</ele>
        <time>2026-05-27T22:21:40.487Z</time>
      </trkpt>
      <trkpt lat="47.452232" lon="10.233292">
        <ele>873.427082</ele>
        <time>2026-05-27T22:21:47.117Z</time>
      </trkpt>
      <trkpt lat="47.452637" lon="10.233358">
        <ele>872.763738</ele>
        <time>2026-05-27T22:21:51.301Z</time>
      </trkpt>
      <trkpt lat="47.453322" lon="10.233336">
        <ele>871.916368</ele>
        <time>2026-05-27T22:22:00.911Z</time>
      </trkpt>
      <trkpt lat="47.453445" lon="10.233307">
        <ele>872.417909</ele>
        <time>2026-05-27T22:22:03.655Z</time>
      </trkpt>
      <trkpt lat="47.453952" lon="10.232987">
        <ele>874.637608</ele>
        <time>2026-05-27T22:22:19.691Z</time>
      </trkpt>
      <trkpt lat="47.454193" lon="10.232921">
        <ele>875.624545</ele>
        <time>2026-05-27T22:22:28.631Z</time>
      </trkpt>
      <trkpt lat="47.454423" lon="10.232888">
        <ele>876.555037</ele>
        <time>2026-05-27T22:22:37.912Z</time>
      </trkpt>
      <trkpt lat="47.454497" lon="10.232849">
        <ele>876.871370</ele>
        <time>2026-05-27T22:22:41.146Z</time>
      </trkpt>
      <trkpt lat="47.454586" lon="10.232712">
        <ele>877.388649</ele>
        <time>2026-05-27T22:22:46.325Z</time>
      </trkpt>
      <trkpt lat="47.454691" lon="10.232477">
        <ele>878.155571</ele>
        <time>2026-05-27T22:22:53.713Z</time>
      </trkpt>
      <trkpt lat="47.454704" lon="10.231730">
        <ele>879.396437</ele>
        <time>2026-05-27T22:23:10.468Z</time>
      </trkpt>
      <trkpt lat="47.454963" lon="10.231588">
        <ele>879.786310</ele>
        <time>2026-05-27T22:23:18.170Z</time>
      </trkpt>
      <trkpt lat="47.455170" lon="10.231504">
        <ele>880.089276</ele>
        <time>2026-05-27T22:23:23.417Z</time>
      </trkpt>
      <trkpt lat="47.455409" lon="10.231548">
        <ele>880.429212</ele>
        <time>2026-05-27T22:23:28.414Z</time>
      </trkpt>
      <trkpt lat="47.456412" lon="10.231774">
        <ele>880.902586</ele>
        <time>2026-05-27T22:23:40.851Z</time>
      </trkpt>
      <trkpt lat="47.457183" lon="10.232159">
        <ele>878.944929</ele>
        <time>2026-05-27T22:23:49.184Z</time>
      </trkpt>
      <trkpt lat="47.457877" lon="10.232328">
        <ele>877.252898</ele>
        <time>2026-05-27T22:23:56.352Z</time>
      </trkpt>
      <trkpt lat="47.458191" lon="10.232491">
        <ele>877.179234</ele>
        <time>2026-05-27T22:23:59.989Z</time>
      </trkpt>
      <trkpt lat="47.458421" lon="10.232604">
        <ele>877.178809</ele>
        <time>2026-05-27T22:24:02.782Z</time>
      </trkpt>
      <trkpt lat="47.459739" lon="10.233297">
        <ele>877.770050</ele>
        <time>2026-05-27T22:24:27.878Z</time>
      </trkpt>
      <trkpt lat="47.460129" lon="10.233276">
        <ele>879.368348</ele>
        <time>2026-05-27T22:24:38.356Z</time>
      </trkpt>
      <trkpt lat="47.460609" lon="10.233104">
        <ele>881.391052</ele>
        <time>2026-05-27T22:24:53.256Z</time>
      </trkpt>
      <trkpt lat="47.460730" lon="10.233100">
        <ele>881.886730</ele>
        <time>2026-05-27T22:24:57.248Z</time>
      </trkpt>
      <trkpt lat="47.460776" lon="10.232597">
        <ele>883.292190</ele>
        <time>2026-05-27T22:25:09.528Z</time>
      </trkpt>
      <trkpt lat="47.460817" lon="10.232457">
        <ele>883.714646</ele>
        <time>2026-05-27T22:25:13.486Z</time>
      </trkpt>
      <trkpt lat="47.460923" lon="10.232179">
        <ele>884.663497</ele>
        <time>2026-05-27T22:25:22.052Z</time>
      </trkpt>
      <trkpt lat="47.461039" lon="10.231776">
        <ele>887.300250</ele>
        <time>2026-05-27T22:25:34.455Z</time>
      </trkpt>
      <trkpt lat="47.461134" lon="10.231608">
        <ele>888.618712</ele>
        <time>2026-05-27T22:25:40.887Z</time>
      </trkpt>
      <trkpt lat="47.461579" lon="10.230806">
        <ele>894.864426</ele>
        <time>2026-05-27T22:26:15.510Z</time>
      </trkpt>
      <trkpt lat="47.461821" lon="10.230529">
        <ele>897.589057</ele>
        <time>2026-05-27T22:26:32.717Z</time>
      </trkpt>
      <trkpt lat="47.462052" lon="10.230367">
        <ele>899.865367</ele>
        <time>2026-05-27T22:26:48.075Z</time>
      </trkpt>
      <trkpt lat="47.462166" lon="10.230248">
        <ele>901.291945</ele>
        <time>2026-05-27T22:26:56.161Z</time>
      </trkpt>
      <trkpt lat="47.462166" lon="10.230248">
        <ele>901.291945</ele>
        <time>2026-05-27T22:26:56.185Z</time>
      </trkpt>
      <trkpt lat="47.462166" lon="10.230248">
        <ele>901.291945</ele>
        <time>2026-05-27T22:26:56.185Z</time>
      </trkpt>
      <trkpt lat="47.462160" lon="10.230240">
        <ele>901.387975</ele>
        <time>2026-05-27T22:26:56.336Z</time>
      </trkpt>
      <trkpt lat="47.462200" lon="10.230140">
        <ele>902.321821</ele>
        <time>2026-05-27T22:26:57.798Z</time>
      </trkpt>
      <trkpt lat="47.462270" lon="10.229560">
        <ele>907.057042</ele>
        <time>2026-05-27T22:27:05.224Z</time>
      </trkpt>
      <trkpt lat="47.462310" lon="10.229390">
        <ele>908.503733</ele>
        <time>2026-05-27T22:27:07.491Z</time>
      </trkpt>
      <trkpt lat="47.462540" lon="10.228890">
        <ele>913.364250</ele>
        <time>2026-05-27T22:27:15.129Z</time>
      </trkpt>
      <trkpt lat="47.462620" lon="10.228630">
        <ele>915.660125</ele>
        <time>2026-05-27T22:27:18.731Z</time>
      </trkpt>
      <trkpt lat="47.462650" lon="10.228460">
        <ele>917.072203</ele>
        <time>2026-05-27T22:27:20.945Z</time>
      </trkpt>
      <trkpt lat="47.462690" lon="10.228360">
        <ele>918.006043</ele>
        <time>2026-05-27T22:27:22.406Z</time>
      </trkpt>
      <trkpt lat="47.462730" lon="10.228330">
        <ele>918.539194</ele>
        <time>2026-05-27T22:27:23.242Z</time>
      </trkpt>
      <trkpt lat="47.462850" lon="10.228290">
        <ele>920.001516</ele>
        <time>2026-05-27T22:27:25.532Z</time>
      </trkpt>
      <trkpt lat="47.463030" lon="10.228280">
        <ele>922.089771</ele>
        <time>2026-05-27T22:27:28.885Z</time>
      </trkpt>
      <trkpt lat="47.463029" lon="10.228267">
        <ele>922.167391</ele>
        <time>2026-05-27T22:27:29.061Z</time>
      </trkpt>
      <trkpt lat="47.463103" lon="10.228256">
        <ele>922.820005</ele>
        <time>2026-05-27T22:27:32.799Z</time>
      </trkpt>
      <trkpt lat="47.463162" lon="10.228192">
        <ele>923.462023</ele>
        <time>2026-05-27T22:27:37.062Z</time>
      </trkpt>
      <trkpt lat="47.463183" lon="10.228081">
        <ele>924.145818</ele>
        <time>2026-05-27T22:27:41.410Z</time>
      </trkpt>
      <trkpt lat="47.463113" lon="10.228041">
        <ele>924.804305</ele>
        <time>2026-05-27T22:27:45.515Z</time>
      </trkpt>
      <trkpt lat="47.462722" lon="10.228078">
        <ele>928.242312</ele>
        <time>2026-05-27T22:28:06.180Z</time>
      </trkpt>
      <trkpt lat="47.462668" lon="10.228041">
        <ele>928.764529</ele>
        <time>2026-05-27T22:28:08.638Z</time>
      </trkpt>
      <trkpt lat="47.462665" lon="10.228035">
        <ele>928.808801</ele>
        <time>2026-05-27T22:28:09.011Z</time>
      </trkpt>
      <trkpt lat="47.462665" lon="10.228035">
        <ele>928.808801</ele>
        <time>2026-05-27T22:28:09.026Z</time>
      </trkpt>
      <trkpt lat="47.462660" lon="10.228040">
        <ele>928.861762</ele>
        <time>2026-05-27T22:28:09.144Z</time>
      </trkpt>
      <trkpt lat="47.462580" lon="10.227870">
        <ele>930.090544</ele>
        <time>2026-05-27T22:28:11.744Z</time>
      </trkpt>
      <trkpt lat="47.462480" lon="10.227700">
        <ele>931.427372</ele>
        <time>2026-05-27T22:28:14.576Z</time>
      </trkpt>
      <trkpt lat="47.462470" lon="10.227700">
        <ele>931.515121</ele>
        <time>2026-05-27T22:28:14.766Z</time>
      </trkpt>
      <trkpt lat="47.462340" lon="10.227580">
        <ele>932.859772</ele>
        <time>2026-05-27T22:28:17.614Z</time>
      </trkpt>
      <trkpt lat="47.462330" lon="10.227500">
        <ele>933.342416</ele>
        <time>2026-05-27T22:28:18.635Z</time>
      </trkpt>
      <trkpt lat="47.462360" lon="10.227410">
        <ele>933.937710</ele>
        <time>2026-05-27T22:28:19.894Z</time>
      </trkpt>
      <trkpt lat="47.462410" lon="10.227400">
        <ele>934.380449</ele>
        <time>2026-05-27T22:28:20.832Z</time>
      </trkpt>
      <trkpt lat="47.462480" lon="10.227430">
        <ele>935.019957</ele>
        <time>2026-05-27T22:28:22.184Z</time>
      </trkpt>
      <trkpt lat="47.462670" lon="10.227580">
        <ele>936.909809</ele>
        <time>2026-05-27T22:28:26.184Z</time>
      </trkpt>
      <trkpt lat="47.462720" lon="10.227580">
        <ele>937.348555</ele>
        <time>2026-05-27T22:28:27.113Z</time>
      </trkpt>
      <trkpt lat="47.462730" lon="10.227500">
        <ele>937.723116</ele>
        <time>2026-05-27T22:28:28.134Z</time>
      </trkpt>
      <trkpt lat="47.462730" lon="10.227310">
        <ele>937.723116</ele>
        <time>2026-05-27T22:28:30.521Z</time>
      </trkpt>
      <trkpt lat="47.462690" lon="10.227250">
        <ele>937.723116</ele>
        <time>2026-05-27T22:28:31.579Z</time>
      </trkpt>
      <trkpt lat="47.462490" lon="10.227100">
        <ele>937.723116</ele>
        <time>2026-05-27T22:28:35.742Z</time>
      </trkpt>
      <trkpt lat="47.462490" lon="10.227099">
        <ele>937.723116</ele>
        <time>2026-05-27T22:28:35.759Z</time>
      </trkpt>
      <trkpt lat="47.462392" lon="10.227057">
        <ele>937.723116</ele>
        <time>2026-05-27T22:28:39.943Z</time>
      </trkpt>
      <trkpt lat="47.461775" lon="10.226937">
        <ele>937.723116</ele>
        <time>2026-05-27T22:29:03.817Z</time>
      </trkpt>
      <trkpt lat="47.461391" lon="10.226821">
        <ele>937.723116</ele>
        <time>2026-05-27T22:29:16.505Z</time>
      </trkpt>
      <trkpt lat="47.461220" lon="10.226738">
        <ele>937.723116</ele>
        <time>2026-05-27T22:29:21.557Z</time>
      </trkpt>
      <trkpt lat="47.461050" lon="10.226656">
        <ele>937.723116</ele>
        <time>2026-05-27T22:29:26.154Z</time>
      </trkpt>
    </trkseg>
  </trk>
</gpx>